ISO-10303-21;
HEADER;
/* Generated by software containing ST-Developer
 * from STEP Tools, Inc. (www.steptools.com) 
 */
/* OPTION: using custom renumber hook */

FILE_DESCRIPTION(
/* description */ ('STEP AP242 Edition 2',
'CAx-IF Rec.Pracs.---Representation and Presentation of Product Manufa
cturing Information (PMI)---4.0---2014-10-13',
'CAx-IF Rec.Pracs.---3D Tessellated Geometry---0.4---2014-09-14','2;1',
'CAx-IF Rec.Pracs.---User Defined Attributes---1.5---2016-08-15'),
/* implementation_level */ '2;1');

FILE_NAME(
/* name */ '6a3d0ec8d5b17c5ecd244ccb',
/* time_stamp */ '2026-06-25T11:19:36Z',
/* author */ (''),
/* organization */ (''),
/* preprocessor_version */ 'ST-DEVELOPER v20',
/* originating_system */ 'ONSHAPE BY PTC INC, 1.216',
/* authorisation */ '  ');

FILE_SCHEMA (('AP242_MANAGED_MODEL_BASED_3D_ENGINEERING_MIM_LF { 1 0 10303 442 3 1 4 }'));
ENDSEC;

DATA;
#10=B_SPLINE_SURFACE_WITH_KNOTS('',3,1,((#7585,#7586),(#7587,#7588),(#7589,
#7590),(#7591,#7592)),.SURF_OF_LINEAR_EXTRUSION.,.F.,.F.,.F.,(4,4),(2,2),
(0.,1.),(0.,1.),.PIECEWISE_BEZIER_KNOTS.);
#11=B_SPLINE_SURFACE_WITH_KNOTS('',3,1,((#7597,#7598),(#7599,#7600),(#7601,
#7602),(#7603,#7604)),.SURF_OF_LINEAR_EXTRUSION.,.F.,.F.,.F.,(4,4),(2,2),
(0.,1.),(0.,1.),.PIECEWISE_BEZIER_KNOTS.);
#12=B_SPLINE_CURVE_WITH_KNOTS('',2,(#7465,#7466,#7467),.UNSPECIFIED.,.F.,
 .F.,(3,3),(0.,1.),.PIECEWISE_BEZIER_KNOTS.);
#13=B_SPLINE_CURVE_WITH_KNOTS('',2,(#7479,#7480,#7481),.UNSPECIFIED.,.F.,
 .F.,(3,3),(0.,1.),.PIECEWISE_BEZIER_KNOTS.);
#14=B_SPLINE_CURVE_WITH_KNOTS('',2,(#7593,#7594,#7595),.UNSPECIFIED.,.F.,
 .F.,(3,3),(0.,1.),.PIECEWISE_BEZIER_KNOTS.);
#15=B_SPLINE_CURVE_WITH_KNOTS('',2,(#7605,#7606,#7607),.UNSPECIFIED.,.F.,
 .F.,(3,3),(0.,1.),.PIECEWISE_BEZIER_KNOTS.);
#16=OVER_RIDING_STYLED_ITEM('',(#4745),#4515,#4729);
#17=OVER_RIDING_STYLED_ITEM('',(#4746),#4516,#4729);
#18=OVER_RIDING_STYLED_ITEM('',(#4754),#4583,#4736);
#19=OVER_RIDING_STYLED_ITEM('',(#4755),#4585,#4736);
#20=OVER_RIDING_STYLED_ITEM('',(#4756),#4602,#4736);
#21=OVER_RIDING_STYLED_ITEM('',(#4757),#4603,#4736);
#22=OVER_RIDING_STYLED_ITEM('',(#4758),#4604,#4736);
#23=OVER_RIDING_STYLED_ITEM('',(#4759),#4605,#4736);
#24=OVER_RIDING_STYLED_ITEM('',(#4764),#4705,#4740);
#25=OVER_RIDING_STYLED_ITEM('',(#4765),#4706,#4740);
#26=OVER_RIDING_STYLED_ITEM('',(#4766),#4707,#4740);
#27=OVER_RIDING_STYLED_ITEM('',(#4767),#4708,#4740);
#28=OVER_RIDING_STYLED_ITEM('',(#4768),#4709,#4740);
#29=OVER_RIDING_STYLED_ITEM('',(#4769),#4710,#4740);
#30=CONTEXT_DEPENDENT_SHAPE_REPRESENTATION(#86,#8178);
#31=CONTEXT_DEPENDENT_SHAPE_REPRESENTATION(#87,#8180);
#32=CONTEXT_DEPENDENT_SHAPE_REPRESENTATION(#88,#8182);
#33=CONTEXT_DEPENDENT_SHAPE_REPRESENTATION(#89,#8184);
#34=CONTEXT_DEPENDENT_SHAPE_REPRESENTATION(#90,#8186);
#35=CONTEXT_DEPENDENT_SHAPE_REPRESENTATION(#91,#8188);
#36=CONTEXT_DEPENDENT_SHAPE_REPRESENTATION(#92,#8189);
#37=CONTEXT_DEPENDENT_SHAPE_REPRESENTATION(#93,#8190);
#38=CONTEXT_DEPENDENT_SHAPE_REPRESENTATION(#94,#8191);
#39=CONTEXT_DEPENDENT_SHAPE_REPRESENTATION(#95,#8193);
#40=CONTEXT_DEPENDENT_SHAPE_REPRESENTATION(#96,#8195);
#41=CONTEXT_DEPENDENT_SHAPE_REPRESENTATION(#97,#8197);
#42=CONTEXT_DEPENDENT_SHAPE_REPRESENTATION(#98,#8198);
#43=CONTEXT_DEPENDENT_SHAPE_REPRESENTATION(#99,#8200);
#44=CONTEXT_DEPENDENT_SHAPE_REPRESENTATION(#100,#8202);
#45=CONTEXT_DEPENDENT_SHAPE_REPRESENTATION(#101,#8203);
#46=CONTEXT_DEPENDENT_SHAPE_REPRESENTATION(#102,#8204);
#47=CONTEXT_DEPENDENT_SHAPE_REPRESENTATION(#103,#8205);
#48=CONTEXT_DEPENDENT_SHAPE_REPRESENTATION(#104,#8206);
#49=CONTEXT_DEPENDENT_SHAPE_REPRESENTATION(#105,#8208);
#50=CONTEXT_DEPENDENT_SHAPE_REPRESENTATION(#106,#8210);
#51=CONTEXT_DEPENDENT_SHAPE_REPRESENTATION(#107,#8212);
#52=CONTEXT_DEPENDENT_SHAPE_REPRESENTATION(#108,#8213);
#53=CONTEXT_DEPENDENT_SHAPE_REPRESENTATION(#109,#8214);
#54=CONTEXT_DEPENDENT_SHAPE_REPRESENTATION(#110,#8216);
#55=CONTEXT_DEPENDENT_SHAPE_REPRESENTATION(#111,#8217);
#56=CONTEXT_DEPENDENT_SHAPE_REPRESENTATION(#112,#8218);
#57=CONTEXT_DEPENDENT_SHAPE_REPRESENTATION(#113,#8219);
#58=NEXT_ASSEMBLY_USAGE_OCCURRENCE('NAUO1','Part 1','Part 1',#8220,#8221,
'');
#59=NEXT_ASSEMBLY_USAGE_OCCURRENCE('NAUO2','Part 13','Part 13',#8220,#8222,
'');
#60=NEXT_ASSEMBLY_USAGE_OCCURRENCE('NAUO3','Part 8','Part 8',#8220,#8223,
'');
#61=NEXT_ASSEMBLY_USAGE_OCCURRENCE('NAUO4','Part 1','Part 1',#8220,#8224,
'');
#62=NEXT_ASSEMBLY_USAGE_OCCURRENCE('NAUO5','Part 1','Part 1',#8220,#8225,
'');
#63=NEXT_ASSEMBLY_USAGE_OCCURRENCE('NAUO6','Part 6','Part 6',#8220,#8226,
'');
#64=NEXT_ASSEMBLY_USAGE_OCCURRENCE('NAUO7','Part 1','Part 1',#8220,#8225,
'');
#65=NEXT_ASSEMBLY_USAGE_OCCURRENCE('NAUO8','Part 1','Part 1',#8220,#8224,
'');
#66=NEXT_ASSEMBLY_USAGE_OCCURRENCE('NAUO9','Part 1','Part 1',#8220,#8224,
'');
#67=NEXT_ASSEMBLY_USAGE_OCCURRENCE('NAUO10','Part 14','Part 14',#8220,#8227,
'');
#68=NEXT_ASSEMBLY_USAGE_OCCURRENCE('NAUO11','Part 7','Part 7',#8220,#8228,
'');
#69=NEXT_ASSEMBLY_USAGE_OCCURRENCE('NAUO12','Part 11','Part 11',#8220,#8229,
'');
#70=NEXT_ASSEMBLY_USAGE_OCCURRENCE('NAUO13','Part 1','Part 1',#8220,#8224,
'');
#71=NEXT_ASSEMBLY_USAGE_OCCURRENCE('NAUO14','Part 1','Part 1',#8220,#8230,
'');
#72=NEXT_ASSEMBLY_USAGE_OCCURRENCE('NAUO15','Part 2','Part 2',#8220,#8231,
'');
#73=NEXT_ASSEMBLY_USAGE_OCCURRENCE('NAUO16','Part 1','Part 1',#8220,#8230,
'');
#74=NEXT_ASSEMBLY_USAGE_OCCURRENCE('NAUO17','Part 1','Part 1',#8220,#8224,
'');
#75=NEXT_ASSEMBLY_USAGE_OCCURRENCE('NAUO18','Part 1','Part 1',#8220,#8225,
'');
#76=NEXT_ASSEMBLY_USAGE_OCCURRENCE('NAUO19','Part 1','Part 1',#8220,#8230,
'');
#77=NEXT_ASSEMBLY_USAGE_OCCURRENCE('NAUO20','Part 12','Part 12',#8220,#8232,
'');
#78=NEXT_ASSEMBLY_USAGE_OCCURRENCE('NAUO21','Part 5','Part 5',#8220,#8233,
'');
#79=NEXT_ASSEMBLY_USAGE_OCCURRENCE('NAUO22','Part 4','Part 4',#8220,#8234,
'');
#80=NEXT_ASSEMBLY_USAGE_OCCURRENCE('NAUO23','Part 1','Part 1',#8220,#8224,
'');
#81=NEXT_ASSEMBLY_USAGE_OCCURRENCE('NAUO24','Part 1','Part 1',#8220,#8224,
'');
#82=NEXT_ASSEMBLY_USAGE_OCCURRENCE('NAUO25','Part 1','Part 1',#8220,#8235,
'');
#83=NEXT_ASSEMBLY_USAGE_OCCURRENCE('NAUO26','Part 1','Part 1',#8220,#8224,
'');
#84=NEXT_ASSEMBLY_USAGE_OCCURRENCE('NAUO27','Part 1','Part 1',#8220,#8225,
'');
#85=NEXT_ASSEMBLY_USAGE_OCCURRENCE('NAUO28','Part 1','Part 1',#8220,#8230,
'');
#86=(
REPRESENTATION_RELATIONSHIP(' ',' ',#4950,#4949)
REPRESENTATION_RELATIONSHIP_WITH_TRANSFORMATION(#114)
SHAPE_REPRESENTATION_RELATIONSHIP()
);
#87=(
REPRESENTATION_RELATIONSHIP(' ',' ',#4951,#4949)
REPRESENTATION_RELATIONSHIP_WITH_TRANSFORMATION(#115)
SHAPE_REPRESENTATION_RELATIONSHIP()
);
#88=(
REPRESENTATION_RELATIONSHIP(' ',' ',#4952,#4949)
REPRESENTATION_RELATIONSHIP_WITH_TRANSFORMATION(#116)
SHAPE_REPRESENTATION_RELATIONSHIP()
);
#89=(
REPRESENTATION_RELATIONSHIP(' ',' ',#4953,#4949)
REPRESENTATION_RELATIONSHIP_WITH_TRANSFORMATION(#117)
SHAPE_REPRESENTATION_RELATIONSHIP()
);
#90=(
REPRESENTATION_RELATIONSHIP(' ',' ',#4954,#4949)
REPRESENTATION_RELATIONSHIP_WITH_TRANSFORMATION(#118)
SHAPE_REPRESENTATION_RELATIONSHIP()
);
#91=(
REPRESENTATION_RELATIONSHIP(' ',' ',#4955,#4949)
REPRESENTATION_RELATIONSHIP_WITH_TRANSFORMATION(#119)
SHAPE_REPRESENTATION_RELATIONSHIP()
);
#92=(
REPRESENTATION_RELATIONSHIP(' ',' ',#4954,#4949)
REPRESENTATION_RELATIONSHIP_WITH_TRANSFORMATION(#120)
SHAPE_REPRESENTATION_RELATIONSHIP()
);
#93=(
REPRESENTATION_RELATIONSHIP(' ',' ',#4953,#4949)
REPRESENTATION_RELATIONSHIP_WITH_TRANSFORMATION(#121)
SHAPE_REPRESENTATION_RELATIONSHIP()
);
#94=(
REPRESENTATION_RELATIONSHIP(' ',' ',#4953,#4949)
REPRESENTATION_RELATIONSHIP_WITH_TRANSFORMATION(#122)
SHAPE_REPRESENTATION_RELATIONSHIP()
);
#95=(
REPRESENTATION_RELATIONSHIP(' ',' ',#4956,#4949)
REPRESENTATION_RELATIONSHIP_WITH_TRANSFORMATION(#123)
SHAPE_REPRESENTATION_RELATIONSHIP()
);
#96=(
REPRESENTATION_RELATIONSHIP(' ',' ',#4957,#4949)
REPRESENTATION_RELATIONSHIP_WITH_TRANSFORMATION(#124)
SHAPE_REPRESENTATION_RELATIONSHIP()
);
#97=(
REPRESENTATION_RELATIONSHIP(' ',' ',#4958,#4949)
REPRESENTATION_RELATIONSHIP_WITH_TRANSFORMATION(#125)
SHAPE_REPRESENTATION_RELATIONSHIP()
);
#98=(
REPRESENTATION_RELATIONSHIP(' ',' ',#4953,#4949)
REPRESENTATION_RELATIONSHIP_WITH_TRANSFORMATION(#126)
SHAPE_REPRESENTATION_RELATIONSHIP()
);
#99=(
REPRESENTATION_RELATIONSHIP(' ',' ',#4959,#4949)
REPRESENTATION_RELATIONSHIP_WITH_TRANSFORMATION(#127)
SHAPE_REPRESENTATION_RELATIONSHIP()
);
#100=(
REPRESENTATION_RELATIONSHIP(' ',' ',#4960,#4949)
REPRESENTATION_RELATIONSHIP_WITH_TRANSFORMATION(#128)
SHAPE_REPRESENTATION_RELATIONSHIP()
);
#101=(
REPRESENTATION_RELATIONSHIP(' ',' ',#4959,#4949)
REPRESENTATION_RELATIONSHIP_WITH_TRANSFORMATION(#129)
SHAPE_REPRESENTATION_RELATIONSHIP()
);
#102=(
REPRESENTATION_RELATIONSHIP(' ',' ',#4953,#4949)
REPRESENTATION_RELATIONSHIP_WITH_TRANSFORMATION(#130)
SHAPE_REPRESENTATION_RELATIONSHIP()
);
#103=(
REPRESENTATION_RELATIONSHIP(' ',' ',#4954,#4949)
REPRESENTATION_RELATIONSHIP_WITH_TRANSFORMATION(#131)
SHAPE_REPRESENTATION_RELATIONSHIP()
);
#104=(
REPRESENTATION_RELATIONSHIP(' ',' ',#4959,#4949)
REPRESENTATION_RELATIONSHIP_WITH_TRANSFORMATION(#132)
SHAPE_REPRESENTATION_RELATIONSHIP()
);
#105=(
REPRESENTATION_RELATIONSHIP(' ',' ',#4961,#4949)
REPRESENTATION_RELATIONSHIP_WITH_TRANSFORMATION(#133)
SHAPE_REPRESENTATION_RELATIONSHIP()
);
#106=(
REPRESENTATION_RELATIONSHIP(' ',' ',#4962,#4949)
REPRESENTATION_RELATIONSHIP_WITH_TRANSFORMATION(#134)
SHAPE_REPRESENTATION_RELATIONSHIP()
);
#107=(
REPRESENTATION_RELATIONSHIP(' ',' ',#4963,#4949)
REPRESENTATION_RELATIONSHIP_WITH_TRANSFORMATION(#135)
SHAPE_REPRESENTATION_RELATIONSHIP()
);
#108=(
REPRESENTATION_RELATIONSHIP(' ',' ',#4953,#4949)
REPRESENTATION_RELATIONSHIP_WITH_TRANSFORMATION(#136)
SHAPE_REPRESENTATION_RELATIONSHIP()
);
#109=(
REPRESENTATION_RELATIONSHIP(' ',' ',#4953,#4949)
REPRESENTATION_RELATIONSHIP_WITH_TRANSFORMATION(#137)
SHAPE_REPRESENTATION_RELATIONSHIP()
);
#110=(
REPRESENTATION_RELATIONSHIP(' ',' ',#4964,#4949)
REPRESENTATION_RELATIONSHIP_WITH_TRANSFORMATION(#138)
SHAPE_REPRESENTATION_RELATIONSHIP()
);
#111=(
REPRESENTATION_RELATIONSHIP(' ',' ',#4953,#4949)
REPRESENTATION_RELATIONSHIP_WITH_TRANSFORMATION(#139)
SHAPE_REPRESENTATION_RELATIONSHIP()
);
#112=(
REPRESENTATION_RELATIONSHIP(' ',' ',#4954,#4949)
REPRESENTATION_RELATIONSHIP_WITH_TRANSFORMATION(#140)
SHAPE_REPRESENTATION_RELATIONSHIP()
);
#113=(
REPRESENTATION_RELATIONSHIP(' ',' ',#4959,#4949)
REPRESENTATION_RELATIONSHIP_WITH_TRANSFORMATION(#141)
SHAPE_REPRESENTATION_RELATIONSHIP()
);
#114=ITEM_DEFINED_TRANSFORMATION(' ',' ',#4965,#5012);
#115=ITEM_DEFINED_TRANSFORMATION(' ',' ',#4965,#5035);
#116=ITEM_DEFINED_TRANSFORMATION(' ',' ',#4965,#5041);
#117=ITEM_DEFINED_TRANSFORMATION(' ',' ',#4965,#5084);
#118=ITEM_DEFINED_TRANSFORMATION(' ',' ',#4965,#5102);
#119=ITEM_DEFINED_TRANSFORMATION(' ',' ',#4965,#5108);
#120=ITEM_DEFINED_TRANSFORMATION(' ',' ',#4965,#5109);
#121=ITEM_DEFINED_TRANSFORMATION(' ',' ',#4965,#5110);
#122=ITEM_DEFINED_TRANSFORMATION(' ',' ',#4965,#5111);
#123=ITEM_DEFINED_TRANSFORMATION(' ',' ',#4965,#5134);
#124=ITEM_DEFINED_TRANSFORMATION(' ',' ',#4965,#5140);
#125=ITEM_DEFINED_TRANSFORMATION(' ',' ',#4965,#5163);
#126=ITEM_DEFINED_TRANSFORMATION(' ',' ',#4965,#5164);
#127=ITEM_DEFINED_TRANSFORMATION(' ',' ',#4965,#5185);
#128=ITEM_DEFINED_TRANSFORMATION(' ',' ',#4965,#5238);
#129=ITEM_DEFINED_TRANSFORMATION(' ',' ',#4965,#5239);
#130=ITEM_DEFINED_TRANSFORMATION(' ',' ',#4965,#5240);
#131=ITEM_DEFINED_TRANSFORMATION(' ',' ',#4965,#5241);
#132=ITEM_DEFINED_TRANSFORMATION(' ',' ',#4965,#5242);
#133=ITEM_DEFINED_TRANSFORMATION(' ',' ',#4965,#5265);
#134=ITEM_DEFINED_TRANSFORMATION(' ',' ',#4965,#5271);
#135=ITEM_DEFINED_TRANSFORMATION(' ',' ',#4965,#5407);
#136=ITEM_DEFINED_TRANSFORMATION(' ',' ',#4965,#5408);
#137=ITEM_DEFINED_TRANSFORMATION(' ',' ',#4965,#5409);
#138=ITEM_DEFINED_TRANSFORMATION(' ',' ',#4965,#5468);
#139=ITEM_DEFINED_TRANSFORMATION(' ',' ',#4965,#5469);
#140=ITEM_DEFINED_TRANSFORMATION(' ',' ',#4965,#5470);
#141=ITEM_DEFINED_TRANSFORMATION(' ',' ',#4965,#5471);
#142=SHAPE_REPRESENTATION_RELATIONSHIP('','',#4950,#157);
#143=SHAPE_REPRESENTATION_RELATIONSHIP('','',#4951,#158);
#144=SHAPE_REPRESENTATION_RELATIONSHIP('','',#4952,#159);
#145=SHAPE_REPRESENTATION_RELATIONSHIP('','',#4953,#160);
#146=SHAPE_REPRESENTATION_RELATIONSHIP('','',#4954,#161);
#147=SHAPE_REPRESENTATION_RELATIONSHIP('','',#4955,#162);
#148=SHAPE_REPRESENTATION_RELATIONSHIP('','',#4956,#163);
#149=SHAPE_REPRESENTATION_RELATIONSHIP('','',#4957,#164);
#150=SHAPE_REPRESENTATION_RELATIONSHIP('','',#4958,#165);
#151=SHAPE_REPRESENTATION_RELATIONSHIP('','',#4959,#166);
#152=SHAPE_REPRESENTATION_RELATIONSHIP('','',#4960,#167);
#153=SHAPE_REPRESENTATION_RELATIONSHIP('','',#4961,#168);
#154=SHAPE_REPRESENTATION_RELATIONSHIP('','',#4962,#169);
#155=SHAPE_REPRESENTATION_RELATIONSHIP('','',#4963,#170);
#156=SHAPE_REPRESENTATION_RELATIONSHIP('','',#4964,#171);
#157=ADVANCED_BREP_SHAPE_REPRESENTATION('',(#4918),#8142);
#158=ADVANCED_BREP_SHAPE_REPRESENTATION('',(#4919),#8143);
#159=ADVANCED_BREP_SHAPE_REPRESENTATION('',(#4920),#8144);
#160=ADVANCED_BREP_SHAPE_REPRESENTATION('',(#4921),#8145);
#161=ADVANCED_BREP_SHAPE_REPRESENTATION('',(#4922),#8146);
#162=ADVANCED_BREP_SHAPE_REPRESENTATION('',(#4923),#8147);
#163=ADVANCED_BREP_SHAPE_REPRESENTATION('',(#4924),#8148);
#164=ADVANCED_BREP_SHAPE_REPRESENTATION('',(#4925),#8149);
#165=ADVANCED_BREP_SHAPE_REPRESENTATION('',(#4926),#8150);
#166=ADVANCED_BREP_SHAPE_REPRESENTATION('',(#4927),#8151);
#167=ADVANCED_BREP_SHAPE_REPRESENTATION('',(#4928),#8152);
#168=ADVANCED_BREP_SHAPE_REPRESENTATION('',(#4929),#8153);
#169=ADVANCED_BREP_SHAPE_REPRESENTATION('',(#4930),#8154);
#170=ADVANCED_BREP_SHAPE_REPRESENTATION('',(#4931),#8155);
#171=ADVANCED_BREP_SHAPE_REPRESENTATION('',(#4932),#8156);
#172=CYLINDRICAL_SURFACE('',#4985,0.00858494342779874);
#173=CYLINDRICAL_SURFACE('',#4987,0.0085849434277987);
#174=CYLINDRICAL_SURFACE('',#4989,0.00858494342779873);
#175=CYLINDRICAL_SURFACE('',#4991,0.00858494342779873);
#176=CYLINDRICAL_SURFACE('',#5008,0.001524);
#177=CYLINDRICAL_SURFACE('',#5009,0.001524);
#178=CYLINDRICAL_SURFACE('',#5010,0.001524);
#179=CYLINDRICAL_SURFACE('',#5011,0.001524);
#180=CYLINDRICAL_SURFACE('',#5031,0.003);
#181=CYLINDRICAL_SURFACE('',#5032,0.003);
#182=CYLINDRICAL_SURFACE('',#5033,0.003);
#183=CYLINDRICAL_SURFACE('',#5034,0.003);
#184=CYLINDRICAL_SURFACE('',#5036,0.00254);
#185=CYLINDRICAL_SURFACE('',#5071,0.002921);
#186=CYLINDRICAL_SURFACE('',#5074,0.002159);
#187=CYLINDRICAL_SURFACE('',#5075,0.002159);
#188=CYLINDRICAL_SURFACE('',#5076,0.002159);
#189=CYLINDRICAL_SURFACE('',#5077,0.002159);
#190=CYLINDRICAL_SURFACE('',#5080,0.003);
#191=CYLINDRICAL_SURFACE('',#5081,0.003);
#192=CYLINDRICAL_SURFACE('',#5082,0.003);
#193=CYLINDRICAL_SURFACE('',#5083,0.003);
#194=CYLINDRICAL_SURFACE('',#5085,0.01016);
#195=CYLINDRICAL_SURFACE('',#5089,0.01016);
#196=CYLINDRICAL_SURFACE('',#5097,0.010033);
#197=CYLINDRICAL_SURFACE('',#5101,0.002286);
#198=CYLINDRICAL_SURFACE('',#5103,0.00254);
#199=CYLINDRICAL_SURFACE('',#5130,0.003);
#200=CYLINDRICAL_SURFACE('',#5131,0.003);
#201=CYLINDRICAL_SURFACE('',#5132,0.003);
#202=CYLINDRICAL_SURFACE('',#5133,0.003);
#203=CYLINDRICAL_SURFACE('',#5135,0.00254);
#204=CYLINDRICAL_SURFACE('',#5159,0.003);
#205=CYLINDRICAL_SURFACE('',#5160,0.003);
#206=CYLINDRICAL_SURFACE('',#5161,0.003);
#207=CYLINDRICAL_SURFACE('',#5162,0.003);
#208=CYLINDRICAL_SURFACE('',#5165,0.01016);
#209=CYLINDRICAL_SURFACE('',#5169,0.01016);
#210=CYLINDRICAL_SURFACE('',#5179,0.004445);
#211=CYLINDRICAL_SURFACE('',#5180,0.010033);
#212=CYLINDRICAL_SURFACE('',#5184,0.002286);
#213=CYLINDRICAL_SURFACE('',#5209,0.00858494342779874);
#214=CYLINDRICAL_SURFACE('',#5212,0.0085849434277987);
#215=CYLINDRICAL_SURFACE('',#5215,0.00858494342779873);
#216=CYLINDRICAL_SURFACE('',#5217,0.00858494342779873);
#217=CYLINDRICAL_SURFACE('',#5222,0.001524);
#218=CYLINDRICAL_SURFACE('',#5224,0.001524);
#219=CYLINDRICAL_SURFACE('',#5226,0.001524);
#220=CYLINDRICAL_SURFACE('',#5227,0.001524);
#221=CYLINDRICAL_SURFACE('',#5228,0.00254);
#222=CYLINDRICAL_SURFACE('',#5229,0.00254);
#223=CYLINDRICAL_SURFACE('',#5230,0.00254);
#224=CYLINDRICAL_SURFACE('',#5231,0.00254);
#225=CYLINDRICAL_SURFACE('',#5261,0.003);
#226=CYLINDRICAL_SURFACE('',#5262,0.003);
#227=CYLINDRICAL_SURFACE('',#5263,0.003);
#228=CYLINDRICAL_SURFACE('',#5264,0.003);
#229=CYLINDRICAL_SURFACE('',#5266,0.00254);
#230=CYLINDRICAL_SURFACE('',#5359,0.00858494342779874);
#231=CYLINDRICAL_SURFACE('',#5361,0.0085849434277987);
#232=CYLINDRICAL_SURFACE('',#5362,0.00858494342779873);
#233=CYLINDRICAL_SURFACE('',#5364,0.001524);
#234=CYLINDRICAL_SURFACE('',#5365,0.001524);
#235=CYLINDRICAL_SURFACE('',#5366,0.00858494342779873);
#236=CYLINDRICAL_SURFACE('',#5367,0.001524);
#237=CYLINDRICAL_SURFACE('',#5368,0.001524);
#238=CYLINDRICAL_SURFACE('',#5369,0.0060449434277987);
#239=CYLINDRICAL_SURFACE('',#5370,0.00604494342779873);
#240=CYLINDRICAL_SURFACE('',#5371,0.00604494342779873);
#241=CYLINDRICAL_SURFACE('',#5372,0.00604494342779873);
#242=CYLINDRICAL_SURFACE('',#5373,0.00604494342779873);
#243=CYLINDRICAL_SURFACE('',#5375,0.0060449434277987);
#244=CYLINDRICAL_SURFACE('',#5376,0.00604494342779873);
#245=CYLINDRICAL_SURFACE('',#5378,0.004064);
#246=CYLINDRICAL_SURFACE('',#5379,0.004064);
#247=CYLINDRICAL_SURFACE('',#5380,0.00604494342779873);
#248=CYLINDRICAL_SURFACE('',#5381,0.004064);
#249=CYLINDRICAL_SURFACE('',#5382,0.004064);
#250=CYLINDRICAL_SURFACE('',#5387,0.00406410002129516);
#251=CYLINDRICAL_SURFACE('',#5388,0.00406410002129516);
#252=CYLINDRICAL_SURFACE('',#5389,0.00406410002129516);
#253=CYLINDRICAL_SURFACE('',#5390,0.00406410002129516);
#254=CYLINDRICAL_SURFACE('',#5391,0.003);
#255=CYLINDRICAL_SURFACE('',#5392,0.003);
#256=CYLINDRICAL_SURFACE('',#5393,0.003);
#257=CYLINDRICAL_SURFACE('',#5394,0.003);
#258=CYLINDRICAL_SURFACE('',#5395,0.003);
#259=CYLINDRICAL_SURFACE('',#5396,0.003);
#260=CYLINDRICAL_SURFACE('',#5397,0.003);
#261=CYLINDRICAL_SURFACE('',#5398,0.003);
#262=CYLINDRICAL_SURFACE('',#5399,0.003);
#263=CYLINDRICAL_SURFACE('',#5400,0.003);
#264=CYLINDRICAL_SURFACE('',#5401,0.003);
#265=CYLINDRICAL_SURFACE('',#5402,0.003);
#266=CYLINDRICAL_SURFACE('',#5403,0.003);
#267=CYLINDRICAL_SURFACE('',#5404,0.003);
#268=CYLINDRICAL_SURFACE('',#5405,0.003);
#269=CYLINDRICAL_SURFACE('',#5406,0.003);
#270=CYLINDRICAL_SURFACE('',#5438,0.00797173318295594);
#271=CYLINDRICAL_SURFACE('',#5440,0.00797173318295595);
#272=CYLINDRICAL_SURFACE('',#5442,0.00797173318295595);
#273=CYLINDRICAL_SURFACE('',#5444,0.00797173318295594);
#274=CYLINDRICAL_SURFACE('',#5446,0.00543173318295594);
#275=CYLINDRICAL_SURFACE('',#5448,0.00543173318295595);
#276=CYLINDRICAL_SURFACE('',#5450,0.00543173318295595);
#277=CYLINDRICAL_SURFACE('',#5452,0.00543173318295594);
#278=CYLINDRICAL_SURFACE('',#5453,0.004953);
#279=CYLINDRICAL_SURFACE('',#5455,0.004953);
#280=CYLINDRICAL_SURFACE('',#5457,0.00762);
#281=CYLINDRICAL_SURFACE('',#5459,0.00595628922202562);
#282=CYLINDRICAL_SURFACE('',#5462,0.00848881886297319);
#283=CYLINDRICAL_SURFACE('',#5465,0.00595628922202562);
#284=LINE('',#6838,#628);
#285=LINE('',#6841,#629);
#286=LINE('',#6843,#630);
#287=LINE('',#6845,#631);
#288=LINE('',#6846,#632);
#289=LINE('',#6851,#633);
#290=LINE('',#6855,#634);
#291=LINE('',#6859,#635);
#292=LINE('',#6862,#636);
#293=LINE('',#6865,#637);
#294=LINE('',#6867,#638);
#295=LINE('',#6869,#639);
#296=LINE('',#6870,#640);
#297=LINE('',#6873,#641);
#298=LINE('',#6875,#642);
#299=LINE('',#6877,#643);
#300=LINE('',#6878,#644);
#301=LINE('',#6881,#645);
#302=LINE('',#6883,#646);
#303=LINE('',#6885,#647);
#304=LINE('',#6893,#648);
#305=LINE('',#6896,#649);
#306=LINE('',#6898,#650);
#307=LINE('',#6900,#651);
#308=LINE('',#6901,#652);
#309=LINE('',#6904,#653);
#310=LINE('',#6906,#654);
#311=LINE('',#6908,#655);
#312=LINE('',#6909,#656);
#313=LINE('',#6912,#657);
#314=LINE('',#6914,#658);
#315=LINE('',#6916,#659);
#316=LINE('',#6917,#660);
#317=LINE('',#6922,#661);
#318=LINE('',#6926,#662);
#319=LINE('',#6930,#663);
#320=LINE('',#6933,#664);
#321=LINE('',#6936,#665);
#322=LINE('',#6938,#666);
#323=LINE('',#6940,#667);
#324=LINE('',#6946,#668);
#325=LINE('',#6947,#669);
#326=LINE('',#6949,#670);
#327=LINE('',#6951,#671);
#328=LINE('',#6953,#672);
#329=LINE('',#6955,#673);
#330=LINE('',#6957,#674);
#331=LINE('',#6959,#675);
#332=LINE('',#6962,#676);
#333=LINE('',#6963,#677);
#334=LINE('',#6965,#678);
#335=LINE('',#6967,#679);
#336=LINE('',#6970,#680);
#337=LINE('',#6971,#681);
#338=LINE('',#6973,#682);
#339=LINE('',#6975,#683);
#340=LINE('',#6978,#684);
#341=LINE('',#6979,#685);
#342=LINE('',#6981,#686);
#343=LINE('',#6983,#687);
#344=LINE('',#6986,#688);
#345=LINE('',#6987,#689);
#346=LINE('',#6989,#690);
#347=LINE('',#6991,#691);
#348=LINE('',#7003,#692);
#349=LINE('',#7006,#693);
#350=LINE('',#7008,#694);
#351=LINE('',#7010,#695);
#352=LINE('',#7012,#696);
#353=LINE('',#7015,#697);
#354=LINE('',#7017,#698);
#355=LINE('',#7019,#699);
#356=LINE('',#7021,#700);
#357=LINE('',#7023,#701);
#358=LINE('',#7024,#702);
#359=LINE('',#7026,#703);
#360=LINE('',#7029,#704);
#361=LINE('',#7030,#705);
#362=LINE('',#7032,#706);
#363=LINE('',#7034,#707);
#364=LINE('',#7036,#708);
#365=LINE('',#7038,#709);
#366=LINE('',#7040,#710);
#367=LINE('',#7042,#711);
#368=LINE('',#7043,#712);
#369=LINE('',#7049,#713);
#370=LINE('',#7060,#714);
#371=LINE('',#7062,#715);
#372=LINE('',#7080,#716);
#373=LINE('',#7083,#717);
#374=LINE('',#7085,#718);
#375=LINE('',#7087,#719);
#376=LINE('',#7091,#720);
#377=LINE('',#7094,#721);
#378=LINE('',#7096,#722);
#379=LINE('',#7098,#723);
#380=LINE('',#7106,#724);
#381=LINE('',#7109,#725);
#382=LINE('',#7111,#726);
#383=LINE('',#7113,#727);
#384=LINE('',#7117,#728);
#385=LINE('',#7120,#729);
#386=LINE('',#7122,#730);
#387=LINE('',#7124,#731);
#388=LINE('',#7130,#732);
#389=LINE('',#7132,#733);
#390=LINE('',#7134,#734);
#391=LINE('',#7136,#735);
#392=LINE('',#7138,#736);
#393=LINE('',#7140,#737);
#394=LINE('',#7148,#738);
#395=LINE('',#7150,#739);
#396=LINE('',#7152,#740);
#397=LINE('',#7164,#741);
#398=LINE('',#7166,#742);
#399=LINE('',#7168,#743);
#400=LINE('',#7172,#744);
#401=LINE('',#7173,#745);
#402=LINE('',#7174,#746);
#403=LINE('',#7175,#747);
#404=LINE('',#7177,#748);
#405=LINE('',#7179,#749);
#406=LINE('',#7180,#750);
#407=LINE('',#7181,#751);
#408=LINE('',#7202,#752);
#409=LINE('',#7206,#753);
#410=LINE('',#7208,#754);
#411=LINE('',#7210,#755);
#412=LINE('',#7212,#756);
#413=LINE('',#7216,#757);
#414=LINE('',#7220,#758);
#415=LINE('',#7221,#759);
#416=LINE('',#7252,#760);
#417=LINE('',#7255,#761);
#418=LINE('',#7257,#762);
#419=LINE('',#7259,#763);
#420=LINE('',#7261,#764);
#421=LINE('',#7264,#765);
#422=LINE('',#7265,#766);
#423=LINE('',#7267,#767);
#424=LINE('',#7269,#768);
#425=LINE('',#7271,#769);
#426=LINE('',#7273,#770);
#427=LINE('',#7275,#771);
#428=LINE('',#7277,#772);
#429=LINE('',#7279,#773);
#430=LINE('',#7281,#774);
#431=LINE('',#7283,#775);
#432=LINE('',#7285,#776);
#433=LINE('',#7288,#777);
#434=LINE('',#7290,#778);
#435=LINE('',#7291,#779);
#436=LINE('',#7292,#780);
#437=LINE('',#7298,#781);
#438=LINE('',#7309,#782);
#439=LINE('',#7311,#783);
#440=LINE('',#7331,#784);
#441=LINE('',#7334,#785);
#442=LINE('',#7336,#786);
#443=LINE('',#7338,#787);
#444=LINE('',#7340,#788);
#445=LINE('',#7343,#789);
#446=LINE('',#7344,#790);
#447=LINE('',#7346,#791);
#448=LINE('',#7348,#792);
#449=LINE('',#7350,#793);
#450=LINE('',#7352,#794);
#451=LINE('',#7354,#795);
#452=LINE('',#7356,#796);
#453=LINE('',#7358,#797);
#454=LINE('',#7360,#798);
#455=LINE('',#7362,#799);
#456=LINE('',#7364,#800);
#457=LINE('',#7367,#801);
#458=LINE('',#7369,#802);
#459=LINE('',#7370,#803);
#460=LINE('',#7371,#804);
#461=LINE('',#7377,#805);
#462=LINE('',#7388,#806);
#463=LINE('',#7390,#807);
#464=LINE('',#7402,#808);
#465=LINE('',#7406,#809);
#466=LINE('',#7408,#810);
#467=LINE('',#7410,#811);
#468=LINE('',#7412,#812);
#469=LINE('',#7416,#813);
#470=LINE('',#7420,#814);
#471=LINE('',#7421,#815);
#472=LINE('',#7446,#816);
#473=LINE('',#7449,#817);
#474=LINE('',#7451,#818);
#475=LINE('',#7453,#819);
#476=LINE('',#7462,#820);
#477=LINE('',#7469,#821);
#478=LINE('',#7473,#822);
#479=LINE('',#7477,#823);
#480=LINE('',#7482,#824);
#481=LINE('',#7485,#825);
#482=LINE('',#7487,#826);
#483=LINE('',#7489,#827);
#484=LINE('',#7499,#828);
#485=LINE('',#7502,#829);
#486=LINE('',#7504,#830);
#487=LINE('',#7506,#831);
#488=LINE('',#7507,#832);
#489=LINE('',#7512,#833);
#490=LINE('',#7516,#834);
#491=LINE('',#7520,#835);
#492=LINE('',#7531,#836);
#493=LINE('',#7534,#837);
#494=LINE('',#7536,#838);
#495=LINE('',#7538,#839);
#496=LINE('',#7540,#840);
#497=LINE('',#7541,#841);
#498=LINE('',#7543,#842);
#499=LINE('',#7544,#843);
#500=LINE('',#7548,#844);
#501=LINE('',#7550,#845);
#502=LINE('',#7552,#846);
#503=LINE('',#7553,#847);
#504=LINE('',#7557,#848);
#505=LINE('',#7559,#849);
#506=LINE('',#7561,#850);
#507=LINE('',#7563,#851);
#508=LINE('',#7566,#852);
#509=LINE('',#7567,#853);
#510=LINE('',#7569,#854);
#511=LINE('',#7571,#855);
#512=LINE('',#7610,#856);
#513=LINE('',#7611,#857);
#514=LINE('',#7613,#858);
#515=LINE('',#7615,#859);
#516=LINE('',#7627,#860);
#517=LINE('',#7630,#861);
#518=LINE('',#7632,#862);
#519=LINE('',#7634,#863);
#520=LINE('',#7636,#864);
#521=LINE('',#7639,#865);
#522=LINE('',#7641,#866);
#523=LINE('',#7643,#867);
#524=LINE('',#7645,#868);
#525=LINE('',#7647,#869);
#526=LINE('',#7648,#870);
#527=LINE('',#7650,#871);
#528=LINE('',#7653,#872);
#529=LINE('',#7654,#873);
#530=LINE('',#7656,#874);
#531=LINE('',#7658,#875);
#532=LINE('',#7660,#876);
#533=LINE('',#7662,#877);
#534=LINE('',#7664,#878);
#535=LINE('',#7666,#879);
#536=LINE('',#7667,#880);
#537=LINE('',#7673,#881);
#538=LINE('',#7684,#882);
#539=LINE('',#7686,#883);
#540=LINE('',#7720,#884);
#541=LINE('',#7725,#885);
#542=LINE('',#7729,#886);
#543=LINE('',#7733,#887);
#544=LINE('',#7742,#888);
#545=LINE('',#7745,#889);
#546=LINE('',#7747,#890);
#547=LINE('',#7749,#891);
#548=LINE('',#7786,#892);
#549=LINE('',#7794,#893);
#550=LINE('',#7802,#894);
#551=LINE('',#7810,#895);
#552=LINE('',#7815,#896);
#553=LINE('',#7818,#897);
#554=LINE('',#7820,#898);
#555=LINE('',#7822,#899);
#556=LINE('',#7844,#900);
#557=LINE('',#7847,#901);
#558=LINE('',#7848,#902);
#559=LINE('',#7850,#903);
#560=LINE('',#7853,#904);
#561=LINE('',#7854,#905);
#562=LINE('',#7860,#906);
#563=LINE('',#7863,#907);
#564=LINE('',#7864,#908);
#565=LINE('',#7872,#909);
#566=LINE('',#7875,#910);
#567=LINE('',#7876,#911);
#568=LINE('',#7888,#912);
#569=LINE('',#7893,#913);
#570=LINE('',#7904,#914);
#571=LINE('',#7917,#915);
#572=LINE('',#7925,#916);
#573=LINE('',#7927,#917);
#574=LINE('',#7930,#918);
#575=LINE('',#7932,#919);
#576=LINE('',#7939,#920);
#577=LINE('',#7941,#921);
#578=LINE('',#7942,#922);
#579=LINE('',#7944,#923);
#580=LINE('',#7945,#924);
#581=LINE('',#7947,#925);
#582=LINE('',#7949,#926);
#583=LINE('',#7951,#927);
#584=LINE('',#7953,#928);
#585=LINE('',#7955,#929);
#586=LINE('',#7957,#930);
#587=LINE('',#7961,#931);
#588=LINE('',#7965,#932);
#589=LINE('',#7966,#933);
#590=LINE('',#7968,#934);
#591=LINE('',#7970,#935);
#592=LINE('',#7996,#936);
#593=LINE('',#8001,#937);
#594=LINE('',#8005,#938);
#595=LINE('',#8009,#939);
#596=LINE('',#8019,#940);
#597=LINE('',#8022,#941);
#598=LINE('',#8024,#942);
#599=LINE('',#8026,#943);
#600=LINE('',#8030,#944);
#601=LINE('',#8036,#945);
#602=LINE('',#8040,#946);
#603=LINE('',#8044,#947);
#604=LINE('',#8050,#948);
#605=LINE('',#8055,#949);
#606=LINE('',#8059,#950);
#607=LINE('',#8063,#951);
#608=LINE('',#8068,#952);
#609=LINE('',#8072,#953);
#610=LINE('',#8076,#954);
#611=LINE('',#8080,#955);
#612=LINE('',#8084,#956);
#613=LINE('',#8085,#957);
#614=LINE('',#8087,#958);
#615=LINE('',#8089,#959);
#616=LINE('',#8091,#960);
#617=LINE('',#8093,#961);
#618=LINE('',#8095,#962);
#619=LINE('',#8097,#963);
#620=LINE('',#8100,#964);
#621=LINE('',#8101,#965);
#622=LINE('',#8103,#966);
#623=LINE('',#8105,#967);
#624=LINE('',#8107,#968);
#625=LINE('',#8109,#969);
#626=LINE('',#8111,#970);
#627=LINE('',#8113,#971);
#628=VECTOR('',#5482,1.);
#629=VECTOR('',#5483,1.);
#630=VECTOR('',#5484,1.);
#631=VECTOR('',#5485,1.);
#632=VECTOR('',#5486,1.);
#633=VECTOR('',#5489,1.);
#634=VECTOR('',#5492,1.);
#635=VECTOR('',#5495,1.);
#636=VECTOR('',#5498,1.);
#637=VECTOR('',#5499,1.);
#638=VECTOR('',#5500,1.);
#639=VECTOR('',#5501,1.);
#640=VECTOR('',#5502,1.);
#641=VECTOR('',#5503,1.);
#642=VECTOR('',#5504,1.);
#643=VECTOR('',#5505,1.);
#644=VECTOR('',#5506,1.);
#645=VECTOR('',#5507,1.);
#646=VECTOR('',#5508,1.);
#647=VECTOR('',#5509,1.);
#648=VECTOR('',#5518,1.);
#649=VECTOR('',#5519,1.);
#650=VECTOR('',#5520,1.);
#651=VECTOR('',#5521,1.);
#652=VECTOR('',#5522,1.);
#653=VECTOR('',#5523,1.);
#654=VECTOR('',#5524,1.);
#655=VECTOR('',#5525,1.);
#656=VECTOR('',#5526,1.);
#657=VECTOR('',#5527,1.);
#658=VECTOR('',#5528,1.);
#659=VECTOR('',#5529,1.);
#660=VECTOR('',#5530,1.);
#661=VECTOR('',#5533,1.);
#662=VECTOR('',#5536,1.);
#663=VECTOR('',#5539,1.);
#664=VECTOR('',#5542,1.);
#665=VECTOR('',#5543,1.);
#666=VECTOR('',#5544,1.);
#667=VECTOR('',#5545,1.);
#668=VECTOR('',#5552,1.);
#669=VECTOR('',#5553,1.);
#670=VECTOR('',#5556,1.);
#671=VECTOR('',#5559,1.);
#672=VECTOR('',#5562,1.);
#673=VECTOR('',#5565,1.);
#674=VECTOR('',#5568,1.);
#675=VECTOR('',#5571,1.);
#676=VECTOR('',#5576,1.);
#677=VECTOR('',#5577,1.);
#678=VECTOR('',#5580,1.);
#679=VECTOR('',#5583,1.);
#680=VECTOR('',#5588,1.);
#681=VECTOR('',#5589,1.);
#682=VECTOR('',#5592,1.);
#683=VECTOR('',#5595,1.);
#684=VECTOR('',#5600,1.);
#685=VECTOR('',#5601,1.);
#686=VECTOR('',#5604,1.);
#687=VECTOR('',#5607,1.);
#688=VECTOR('',#5612,1.);
#689=VECTOR('',#5613,1.);
#690=VECTOR('',#5616,1.);
#691=VECTOR('',#5619,1.);
#692=VECTOR('',#5638,1.);
#693=VECTOR('',#5639,1.);
#694=VECTOR('',#5640,1.);
#695=VECTOR('',#5641,1.);
#696=VECTOR('',#5644,1.);
#697=VECTOR('',#5645,1.);
#698=VECTOR('',#5646,1.);
#699=VECTOR('',#5647,1.);
#700=VECTOR('',#5648,1.);
#701=VECTOR('',#5649,1.);
#702=VECTOR('',#5650,1.);
#703=VECTOR('',#5653,1.);
#704=VECTOR('',#5654,1.);
#705=VECTOR('',#5655,1.);
#706=VECTOR('',#5656,1.);
#707=VECTOR('',#5657,1.);
#708=VECTOR('',#5658,1.);
#709=VECTOR('',#5659,1.);
#710=VECTOR('',#5662,1.);
#711=VECTOR('',#5665,1.);
#712=VECTOR('',#5666,1.);
#713=VECTOR('',#5673,1.);
#714=VECTOR('',#5686,1.);
#715=VECTOR('',#5689,1.);
#716=VECTOR('',#5718,1.);
#717=VECTOR('',#5719,1.);
#718=VECTOR('',#5720,1.);
#719=VECTOR('',#5721,1.);
#720=VECTOR('',#5726,1.);
#721=VECTOR('',#5727,1.);
#722=VECTOR('',#5728,1.);
#723=VECTOR('',#5729,1.);
#724=VECTOR('',#5738,1.);
#725=VECTOR('',#5739,1.);
#726=VECTOR('',#5740,1.);
#727=VECTOR('',#5741,1.);
#728=VECTOR('',#5746,1.);
#729=VECTOR('',#5747,1.);
#730=VECTOR('',#5748,1.);
#731=VECTOR('',#5749,1.);
#732=VECTOR('',#5756,1.);
#733=VECTOR('',#5757,1.);
#734=VECTOR('',#5758,1.);
#735=VECTOR('',#5761,1.);
#736=VECTOR('',#5762,1.);
#737=VECTOR('',#5763,1.);
#738=VECTOR('',#5772,1.);
#739=VECTOR('',#5773,1.);
#740=VECTOR('',#5774,1.);
#741=VECTOR('',#5787,1.);
#742=VECTOR('',#5788,1.);
#743=VECTOR('',#5789,1.);
#744=VECTOR('',#5794,1.);
#745=VECTOR('',#5795,1.);
#746=VECTOR('',#5796,1.);
#747=VECTOR('',#5797,1.);
#748=VECTOR('',#5800,1.);
#749=VECTOR('',#5803,1.);
#750=VECTOR('',#5804,1.);
#751=VECTOR('',#5805,1.);
#752=VECTOR('',#5840,1.);
#753=VECTOR('',#5843,1.);
#754=VECTOR('',#5846,1.);
#755=VECTOR('',#5847,1.);
#756=VECTOR('',#5848,1.);
#757=VECTOR('',#5853,1.);
#758=VECTOR('',#5858,1.);
#759=VECTOR('',#5859,1.);
#760=VECTOR('',#5904,1.);
#761=VECTOR('',#5905,1.);
#762=VECTOR('',#5906,1.);
#763=VECTOR('',#5907,1.);
#764=VECTOR('',#5910,1.);
#765=VECTOR('',#5911,1.);
#766=VECTOR('',#5912,1.);
#767=VECTOR('',#5913,1.);
#768=VECTOR('',#5914,1.);
#769=VECTOR('',#5915,1.);
#770=VECTOR('',#5916,1.);
#771=VECTOR('',#5919,1.);
#772=VECTOR('',#5920,1.);
#773=VECTOR('',#5921,1.);
#774=VECTOR('',#5924,1.);
#775=VECTOR('',#5925,1.);
#776=VECTOR('',#5928,1.);
#777=VECTOR('',#5929,1.);
#778=VECTOR('',#5930,1.);
#779=VECTOR('',#5931,1.);
#780=VECTOR('',#5932,1.);
#781=VECTOR('',#5939,1.);
#782=VECTOR('',#5952,1.);
#783=VECTOR('',#5955,1.);
#784=VECTOR('',#5986,1.);
#785=VECTOR('',#5987,1.);
#786=VECTOR('',#5988,1.);
#787=VECTOR('',#5989,1.);
#788=VECTOR('',#5992,1.);
#789=VECTOR('',#5993,1.);
#790=VECTOR('',#5994,1.);
#791=VECTOR('',#5995,1.);
#792=VECTOR('',#5996,1.);
#793=VECTOR('',#5997,1.);
#794=VECTOR('',#5998,1.);
#795=VECTOR('',#6001,1.);
#796=VECTOR('',#6002,1.);
#797=VECTOR('',#6003,1.);
#798=VECTOR('',#6006,1.);
#799=VECTOR('',#6007,1.);
#800=VECTOR('',#6010,1.);
#801=VECTOR('',#6011,1.);
#802=VECTOR('',#6012,1.);
#803=VECTOR('',#6013,1.);
#804=VECTOR('',#6014,1.);
#805=VECTOR('',#6021,1.);
#806=VECTOR('',#6034,1.);
#807=VECTOR('',#6037,1.);
#808=VECTOR('',#6056,1.);
#809=VECTOR('',#6059,1.);
#810=VECTOR('',#6062,1.);
#811=VECTOR('',#6063,1.);
#812=VECTOR('',#6064,1.);
#813=VECTOR('',#6069,1.);
#814=VECTOR('',#6074,1.);
#815=VECTOR('',#6075,1.);
#816=VECTOR('',#6108,1.);
#817=VECTOR('',#6109,1.);
#818=VECTOR('',#6110,1.);
#819=VECTOR('',#6111,1.);
#820=VECTOR('',#6120,1.);
#821=VECTOR('',#6121,1.);
#822=VECTOR('',#6124,1.);
#823=VECTOR('',#6127,1.);
#824=VECTOR('',#6128,1.);
#825=VECTOR('',#6129,1.);
#826=VECTOR('',#6130,1.);
#827=VECTOR('',#6131,1.);
#828=VECTOR('',#6142,1.);
#829=VECTOR('',#6143,1.);
#830=VECTOR('',#6144,1.);
#831=VECTOR('',#6145,1.);
#832=VECTOR('',#6146,1.);
#833=VECTOR('',#6149,1.);
#834=VECTOR('',#6152,1.);
#835=VECTOR('',#6155,1.);
#836=VECTOR('',#6166,1.);
#837=VECTOR('',#6167,1.);
#838=VECTOR('',#6168,1.);
#839=VECTOR('',#6169,1.);
#840=VECTOR('',#6172,1.);
#841=VECTOR('',#6173,1.);
#842=VECTOR('',#6176,1.);
#843=VECTOR('',#6177,1.);
#844=VECTOR('',#6180,1.);
#845=VECTOR('',#6183,1.);
#846=VECTOR('',#6186,1.);
#847=VECTOR('',#6187,1.);
#848=VECTOR('',#6190,1.);
#849=VECTOR('',#6193,1.);
#850=VECTOR('',#6196,1.);
#851=VECTOR('',#6199,1.);
#852=VECTOR('',#6204,1.);
#853=VECTOR('',#6205,1.);
#854=VECTOR('',#6208,1.);
#855=VECTOR('',#6211,1.);
#856=VECTOR('',#6240,1.);
#857=VECTOR('',#6241,1.);
#858=VECTOR('',#6244,1.);
#859=VECTOR('',#6247,1.);
#860=VECTOR('',#6266,1.);
#861=VECTOR('',#6267,1.);
#862=VECTOR('',#6268,1.);
#863=VECTOR('',#6269,1.);
#864=VECTOR('',#6272,1.);
#865=VECTOR('',#6273,1.);
#866=VECTOR('',#6274,1.);
#867=VECTOR('',#6275,1.);
#868=VECTOR('',#6276,1.);
#869=VECTOR('',#6277,1.);
#870=VECTOR('',#6278,1.);
#871=VECTOR('',#6281,1.);
#872=VECTOR('',#6282,1.);
#873=VECTOR('',#6283,1.);
#874=VECTOR('',#6284,1.);
#875=VECTOR('',#6285,1.);
#876=VECTOR('',#6286,1.);
#877=VECTOR('',#6287,1.);
#878=VECTOR('',#6290,1.);
#879=VECTOR('',#6293,1.);
#880=VECTOR('',#6294,1.);
#881=VECTOR('',#6301,1.);
#882=VECTOR('',#6314,1.);
#883=VECTOR('',#6317,1.);
#884=VECTOR('',#6362,1.);
#885=VECTOR('',#6365,1.);
#886=VECTOR('',#6368,1.);
#887=VECTOR('',#6371,1.);
#888=VECTOR('',#6380,1.);
#889=VECTOR('',#6381,1.);
#890=VECTOR('',#6382,1.);
#891=VECTOR('',#6383,1.);
#892=VECTOR('',#6420,1.);
#893=VECTOR('',#6427,1.);
#894=VECTOR('',#6434,1.);
#895=VECTOR('',#6441,1.);
#896=VECTOR('',#6446,1.);
#897=VECTOR('',#6447,1.);
#898=VECTOR('',#6448,1.);
#899=VECTOR('',#6449,1.);
#900=VECTOR('',#6472,1.);
#901=VECTOR('',#6473,1.);
#902=VECTOR('',#6474,1.);
#903=VECTOR('',#6477,1.);
#904=VECTOR('',#6478,1.);
#905=VECTOR('',#6479,1.);
#906=VECTOR('',#6486,1.);
#907=VECTOR('',#6487,1.);
#908=VECTOR('',#6488,1.);
#909=VECTOR('',#6497,1.);
#910=VECTOR('',#6498,1.);
#911=VECTOR('',#6499,1.);
#912=VECTOR('',#6512,1.);
#913=VECTOR('',#6517,1.);
#914=VECTOR('',#6528,1.);
#915=VECTOR('',#6541,1.);
#916=VECTOR('',#6550,1.);
#917=VECTOR('',#6553,1.);
#918=VECTOR('',#6558,1.);
#919=VECTOR('',#6561,1.);
#920=VECTOR('',#6574,1.);
#921=VECTOR('',#6577,1.);
#922=VECTOR('',#6578,1.);
#923=VECTOR('',#6581,1.);
#924=VECTOR('',#6582,1.);
#925=VECTOR('',#6585,1.);
#926=VECTOR('',#6588,1.);
#927=VECTOR('',#6591,1.);
#928=VECTOR('',#6594,1.);
#929=VECTOR('',#6597,1.);
#930=VECTOR('',#6600,1.);
#931=VECTOR('',#6607,1.);
#932=VECTOR('',#6614,1.);
#933=VECTOR('',#6615,1.);
#934=VECTOR('',#6618,1.);
#935=VECTOR('',#6621,1.);
#936=VECTOR('',#6672,1.);
#937=VECTOR('',#6675,1.);
#938=VECTOR('',#6678,1.);
#939=VECTOR('',#6681,1.);
#940=VECTOR('',#6692,1.);
#941=VECTOR('',#6693,1.);
#942=VECTOR('',#6694,1.);
#943=VECTOR('',#6695,1.);
#944=VECTOR('',#6700,1.);
#945=VECTOR('',#6705,1.);
#946=VECTOR('',#6708,1.);
#947=VECTOR('',#6711,1.);
#948=VECTOR('',#6718,1.);
#949=VECTOR('',#6721,1.);
#950=VECTOR('',#6724,1.);
#951=VECTOR('',#6727,1.);
#952=VECTOR('',#6732,1.);
#953=VECTOR('',#6735,1.);
#954=VECTOR('',#6738,1.);
#955=VECTOR('',#6741,1.);
#956=VECTOR('',#6746,1.);
#957=VECTOR('',#6747,1.);
#958=VECTOR('',#6750,1.);
#959=VECTOR('',#6753,1.);
#960=VECTOR('',#6756,1.);
#961=VECTOR('',#6759,1.);
#962=VECTOR('',#6762,1.);
#963=VECTOR('',#6765,1.);
#964=VECTOR('',#6770,1.);
#965=VECTOR('',#6771,1.);
#966=VECTOR('',#6774,1.);
#967=VECTOR('',#6777,1.);
#968=VECTOR('',#6780,1.);
#969=VECTOR('',#6783,1.);
#970=VECTOR('',#6786,1.);
#971=VECTOR('',#6789,1.);
#972=ORIENTED_EDGE('',*,*,#2118,.F.);
#973=ORIENTED_EDGE('',*,*,#2119,.F.);
#974=ORIENTED_EDGE('',*,*,#2120,.T.);
#975=ORIENTED_EDGE('',*,*,#2121,.F.);
#976=ORIENTED_EDGE('',*,*,#2122,.T.);
#977=ORIENTED_EDGE('',*,*,#2123,.T.);
#978=ORIENTED_EDGE('',*,*,#2124,.F.);
#979=ORIENTED_EDGE('',*,*,#2125,.F.);
#980=ORIENTED_EDGE('',*,*,#2126,.T.);
#981=ORIENTED_EDGE('',*,*,#2127,.T.);
#982=ORIENTED_EDGE('',*,*,#2128,.T.);
#983=ORIENTED_EDGE('',*,*,#2129,.T.);
#984=ORIENTED_EDGE('',*,*,#2130,.T.);
#985=ORIENTED_EDGE('',*,*,#2131,.F.);
#986=ORIENTED_EDGE('',*,*,#2132,.T.);
#987=ORIENTED_EDGE('',*,*,#2133,.T.);
#988=ORIENTED_EDGE('',*,*,#2134,.T.);
#989=ORIENTED_EDGE('',*,*,#2135,.F.);
#990=ORIENTED_EDGE('',*,*,#2136,.F.);
#991=ORIENTED_EDGE('',*,*,#2137,.F.);
#992=ORIENTED_EDGE('',*,*,#2138,.T.);
#993=ORIENTED_EDGE('',*,*,#2139,.T.);
#994=ORIENTED_EDGE('',*,*,#2140,.F.);
#995=ORIENTED_EDGE('',*,*,#2141,.T.);
#996=ORIENTED_EDGE('',*,*,#2142,.T.);
#997=ORIENTED_EDGE('',*,*,#2143,.F.);
#998=ORIENTED_EDGE('',*,*,#2144,.F.);
#999=ORIENTED_EDGE('',*,*,#2145,.F.);
#1000=ORIENTED_EDGE('',*,*,#2146,.T.);
#1001=ORIENTED_EDGE('',*,*,#2147,.T.);
#1002=ORIENTED_EDGE('',*,*,#2148,.F.);
#1003=ORIENTED_EDGE('',*,*,#2149,.F.);
#1004=ORIENTED_EDGE('',*,*,#2150,.T.);
#1005=ORIENTED_EDGE('',*,*,#2151,.T.);
#1006=ORIENTED_EDGE('',*,*,#2152,.F.);
#1007=ORIENTED_EDGE('',*,*,#2153,.T.);
#1008=ORIENTED_EDGE('',*,*,#2154,.T.);
#1009=ORIENTED_EDGE('',*,*,#2155,.F.);
#1010=ORIENTED_EDGE('',*,*,#2156,.F.);
#1011=ORIENTED_EDGE('',*,*,#2157,.F.);
#1012=ORIENTED_EDGE('',*,*,#2158,.T.);
#1013=ORIENTED_EDGE('',*,*,#2159,.T.);
#1014=ORIENTED_EDGE('',*,*,#2160,.T.);
#1015=ORIENTED_EDGE('',*,*,#2161,.F.);
#1016=ORIENTED_EDGE('',*,*,#2162,.T.);
#1017=ORIENTED_EDGE('',*,*,#2163,.F.);
#1018=ORIENTED_EDGE('',*,*,#2164,.F.);
#1019=ORIENTED_EDGE('',*,*,#2165,.F.);
#1020=ORIENTED_EDGE('',*,*,#2166,.F.);
#1021=ORIENTED_EDGE('',*,*,#2167,.F.);
#1022=ORIENTED_EDGE('',*,*,#2168,.F.);
#1023=ORIENTED_EDGE('',*,*,#2169,.T.);
#1024=ORIENTED_EDGE('',*,*,#2170,.T.);
#1025=ORIENTED_EDGE('',*,*,#2171,.F.);
#1026=ORIENTED_EDGE('',*,*,#2172,.F.);
#1027=ORIENTED_EDGE('',*,*,#2173,.T.);
#1028=ORIENTED_EDGE('',*,*,#2160,.F.);
#1029=ORIENTED_EDGE('',*,*,#2174,.F.);
#1030=ORIENTED_EDGE('',*,*,#2125,.T.);
#1031=ORIENTED_EDGE('',*,*,#2175,.T.);
#1032=ORIENTED_EDGE('',*,*,#2167,.T.);
#1033=ORIENTED_EDGE('',*,*,#2176,.F.);
#1034=ORIENTED_EDGE('',*,*,#2126,.F.);
#1035=ORIENTED_EDGE('',*,*,#2174,.T.);
#1036=ORIENTED_EDGE('',*,*,#2166,.T.);
#1037=ORIENTED_EDGE('',*,*,#2177,.F.);
#1038=ORIENTED_EDGE('',*,*,#2127,.F.);
#1039=ORIENTED_EDGE('',*,*,#2176,.T.);
#1040=ORIENTED_EDGE('',*,*,#2165,.T.);
#1041=ORIENTED_EDGE('',*,*,#2178,.F.);
#1042=ORIENTED_EDGE('',*,*,#2128,.F.);
#1043=ORIENTED_EDGE('',*,*,#2177,.T.);
#1044=ORIENTED_EDGE('',*,*,#2164,.T.);
#1045=ORIENTED_EDGE('',*,*,#2179,.F.);
#1046=ORIENTED_EDGE('',*,*,#2129,.F.);
#1047=ORIENTED_EDGE('',*,*,#2178,.T.);
#1048=ORIENTED_EDGE('',*,*,#2163,.T.);
#1049=ORIENTED_EDGE('',*,*,#2180,.F.);
#1050=ORIENTED_EDGE('',*,*,#2130,.F.);
#1051=ORIENTED_EDGE('',*,*,#2179,.T.);
#1052=ORIENTED_EDGE('',*,*,#2162,.F.);
#1053=ORIENTED_EDGE('',*,*,#2181,.F.);
#1054=ORIENTED_EDGE('',*,*,#2131,.T.);
#1055=ORIENTED_EDGE('',*,*,#2180,.T.);
#1056=ORIENTED_EDGE('',*,*,#2161,.T.);
#1057=ORIENTED_EDGE('',*,*,#2175,.F.);
#1058=ORIENTED_EDGE('',*,*,#2132,.F.);
#1059=ORIENTED_EDGE('',*,*,#2181,.T.);
#1060=ORIENTED_EDGE('',*,*,#2156,.T.);
#1061=ORIENTED_EDGE('',*,*,#2182,.T.);
#1062=ORIENTED_EDGE('',*,*,#2134,.F.);
#1063=ORIENTED_EDGE('',*,*,#2183,.F.);
#1064=ORIENTED_EDGE('',*,*,#2157,.T.);
#1065=ORIENTED_EDGE('',*,*,#2183,.T.);
#1066=ORIENTED_EDGE('',*,*,#2133,.F.);
#1067=ORIENTED_EDGE('',*,*,#2184,.F.);
#1068=ORIENTED_EDGE('',*,*,#2184,.T.);
#1069=ORIENTED_EDGE('',*,*,#2136,.T.);
#1070=ORIENTED_EDGE('',*,*,#2185,.F.);
#1071=ORIENTED_EDGE('',*,*,#2158,.F.);
#1072=ORIENTED_EDGE('',*,*,#2185,.T.);
#1073=ORIENTED_EDGE('',*,*,#2135,.T.);
#1074=ORIENTED_EDGE('',*,*,#2182,.F.);
#1075=ORIENTED_EDGE('',*,*,#2159,.F.);
#1076=ORIENTED_EDGE('',*,*,#2168,.T.);
#1077=ORIENTED_EDGE('',*,*,#2186,.T.);
#1078=ORIENTED_EDGE('',*,*,#2138,.F.);
#1079=ORIENTED_EDGE('',*,*,#2187,.F.);
#1080=ORIENTED_EDGE('',*,*,#2187,.T.);
#1081=ORIENTED_EDGE('',*,*,#2137,.T.);
#1082=ORIENTED_EDGE('',*,*,#2188,.F.);
#1083=ORIENTED_EDGE('',*,*,#2169,.F.);
#1084=ORIENTED_EDGE('',*,*,#2188,.T.);
#1085=ORIENTED_EDGE('',*,*,#2140,.T.);
#1086=ORIENTED_EDGE('',*,*,#2189,.F.);
#1087=ORIENTED_EDGE('',*,*,#2170,.F.);
#1088=ORIENTED_EDGE('',*,*,#2171,.T.);
#1089=ORIENTED_EDGE('',*,*,#2189,.T.);
#1090=ORIENTED_EDGE('',*,*,#2139,.F.);
#1091=ORIENTED_EDGE('',*,*,#2186,.F.);
#1092=ORIENTED_EDGE('',*,*,#2190,.T.);
#1093=ORIENTED_EDGE('',*,*,#2121,.T.);
#1094=ORIENTED_EDGE('',*,*,#2191,.F.);
#1095=ORIENTED_EDGE('',*,*,#2153,.F.);
#1096=ORIENTED_EDGE('',*,*,#2191,.T.);
#1097=ORIENTED_EDGE('',*,*,#2124,.T.);
#1098=ORIENTED_EDGE('',*,*,#2192,.F.);
#1099=ORIENTED_EDGE('',*,*,#2154,.F.);
#1100=ORIENTED_EDGE('',*,*,#2155,.T.);
#1101=ORIENTED_EDGE('',*,*,#2192,.T.);
#1102=ORIENTED_EDGE('',*,*,#2123,.F.);
#1103=ORIENTED_EDGE('',*,*,#2193,.F.);
#1104=ORIENTED_EDGE('',*,*,#2152,.T.);
#1105=ORIENTED_EDGE('',*,*,#2193,.T.);
#1106=ORIENTED_EDGE('',*,*,#2122,.F.);
#1107=ORIENTED_EDGE('',*,*,#2190,.F.);
#1108=ORIENTED_EDGE('',*,*,#2148,.T.);
#1109=ORIENTED_EDGE('',*,*,#2194,.T.);
#1110=ORIENTED_EDGE('',*,*,#2142,.F.);
#1111=ORIENTED_EDGE('',*,*,#2195,.F.);
#1112=ORIENTED_EDGE('',*,*,#2149,.T.);
#1113=ORIENTED_EDGE('',*,*,#2195,.T.);
#1114=ORIENTED_EDGE('',*,*,#2141,.F.);
#1115=ORIENTED_EDGE('',*,*,#2196,.F.);
#1116=ORIENTED_EDGE('',*,*,#2196,.T.);
#1117=ORIENTED_EDGE('',*,*,#2144,.T.);
#1118=ORIENTED_EDGE('',*,*,#2197,.F.);
#1119=ORIENTED_EDGE('',*,*,#2150,.F.);
#1120=ORIENTED_EDGE('',*,*,#2197,.T.);
#1121=ORIENTED_EDGE('',*,*,#2143,.T.);
#1122=ORIENTED_EDGE('',*,*,#2194,.F.);
#1123=ORIENTED_EDGE('',*,*,#2151,.F.);
#1124=ORIENTED_EDGE('',*,*,#2120,.F.);
#1125=ORIENTED_EDGE('',*,*,#2172,.T.);
#1126=ORIENTED_EDGE('',*,*,#2145,.T.);
#1127=ORIENTED_EDGE('',*,*,#2173,.F.);
#1128=ORIENTED_EDGE('',*,*,#2119,.T.);
#1129=ORIENTED_EDGE('',*,*,#2147,.F.);
#1130=ORIENTED_EDGE('',*,*,#2118,.T.);
#1131=ORIENTED_EDGE('',*,*,#2146,.F.);
#1132=ORIENTED_EDGE('',*,*,#2198,.T.);
#1133=ORIENTED_EDGE('',*,*,#2199,.T.);
#1134=ORIENTED_EDGE('',*,*,#2200,.F.);
#1135=ORIENTED_EDGE('',*,*,#2201,.F.);
#1136=ORIENTED_EDGE('',*,*,#2202,.F.);
#1137=ORIENTED_EDGE('',*,*,#2203,.T.);
#1138=ORIENTED_EDGE('',*,*,#2204,.T.);
#1139=ORIENTED_EDGE('',*,*,#2205,.T.);
#1140=ORIENTED_EDGE('',*,*,#2206,.T.);
#1141=ORIENTED_EDGE('',*,*,#2207,.T.);
#1142=ORIENTED_EDGE('',*,*,#2208,.F.);
#1143=ORIENTED_EDGE('',*,*,#2209,.F.);
#1144=ORIENTED_EDGE('',*,*,#2201,.T.);
#1145=ORIENTED_EDGE('',*,*,#2210,.F.);
#1146=ORIENTED_EDGE('',*,*,#2211,.F.);
#1147=ORIENTED_EDGE('',*,*,#2212,.T.);
#1148=ORIENTED_EDGE('',*,*,#2203,.F.);
#1149=ORIENTED_EDGE('',*,*,#2213,.T.);
#1150=ORIENTED_EDGE('',*,*,#2214,.T.);
#1151=ORIENTED_EDGE('',*,*,#2215,.F.);
#1152=ORIENTED_EDGE('',*,*,#2216,.F.);
#1153=ORIENTED_EDGE('',*,*,#2217,.F.);
#1154=ORIENTED_EDGE('',*,*,#2218,.F.);
#1155=ORIENTED_EDGE('',*,*,#2213,.F.);
#1156=ORIENTED_EDGE('',*,*,#2202,.T.);
#1157=ORIENTED_EDGE('',*,*,#2209,.T.);
#1158=ORIENTED_EDGE('',*,*,#2219,.T.);
#1159=ORIENTED_EDGE('',*,*,#2207,.F.);
#1160=ORIENTED_EDGE('',*,*,#2220,.F.);
#1161=ORIENTED_EDGE('',*,*,#2215,.T.);
#1162=ORIENTED_EDGE('',*,*,#2221,.T.);
#1163=ORIENTED_EDGE('',*,*,#2222,.T.);
#1164=ORIENTED_EDGE('',*,*,#2206,.F.);
#1165=ORIENTED_EDGE('',*,*,#2223,.T.);
#1166=ORIENTED_EDGE('',*,*,#2216,.T.);
#1167=ORIENTED_EDGE('',*,*,#2220,.T.);
#1168=ORIENTED_EDGE('',*,*,#2224,.T.);
#1169=ORIENTED_EDGE('',*,*,#2225,.T.);
#1170=ORIENTED_EDGE('',*,*,#2226,.T.);
#1171=ORIENTED_EDGE('',*,*,#2227,.T.);
#1172=ORIENTED_EDGE('',*,*,#2214,.F.);
#1173=ORIENTED_EDGE('',*,*,#2218,.T.);
#1174=ORIENTED_EDGE('',*,*,#2208,.T.);
#1175=ORIENTED_EDGE('',*,*,#2219,.F.);
#1176=ORIENTED_EDGE('',*,*,#2200,.T.);
#1177=ORIENTED_EDGE('',*,*,#2212,.F.);
#1178=ORIENTED_EDGE('',*,*,#2228,.F.);
#1179=ORIENTED_EDGE('',*,*,#2210,.T.);
#1180=ORIENTED_EDGE('',*,*,#2223,.F.);
#1181=ORIENTED_EDGE('',*,*,#2205,.F.);
#1182=ORIENTED_EDGE('',*,*,#2229,.T.);
#1183=ORIENTED_EDGE('',*,*,#2217,.T.);
#1184=ORIENTED_EDGE('',*,*,#2204,.F.);
#1185=ORIENTED_EDGE('',*,*,#2228,.T.);
#1186=ORIENTED_EDGE('',*,*,#2211,.T.);
#1187=ORIENTED_EDGE('',*,*,#2229,.F.);
#1188=ORIENTED_EDGE('',*,*,#2227,.F.);
#1189=ORIENTED_EDGE('',*,*,#2199,.F.);
#1190=ORIENTED_EDGE('',*,*,#2226,.F.);
#1191=ORIENTED_EDGE('',*,*,#2198,.F.);
#1192=ORIENTED_EDGE('',*,*,#2225,.F.);
#1193=ORIENTED_EDGE('',*,*,#2222,.F.);
#1194=ORIENTED_EDGE('',*,*,#2224,.F.);
#1195=ORIENTED_EDGE('',*,*,#2221,.F.);
#1196=ORIENTED_EDGE('',*,*,#2230,.T.);
#1197=ORIENTED_EDGE('',*,*,#2231,.F.);
#1198=ORIENTED_EDGE('',*,*,#2230,.F.);
#1199=ORIENTED_EDGE('',*,*,#2231,.T.);
#1200=ORIENTED_EDGE('',*,*,#2232,.T.);
#1201=ORIENTED_EDGE('',*,*,#2233,.F.);
#1202=ORIENTED_EDGE('',*,*,#2234,.F.);
#1203=ORIENTED_EDGE('',*,*,#2235,.T.);
#1204=ORIENTED_EDGE('',*,*,#2236,.T.);
#1205=ORIENTED_EDGE('',*,*,#2237,.F.);
#1206=ORIENTED_EDGE('',*,*,#2238,.T.);
#1207=ORIENTED_EDGE('',*,*,#2239,.F.);
#1208=ORIENTED_EDGE('',*,*,#2240,.F.);
#1209=ORIENTED_EDGE('',*,*,#2241,.T.);
#1210=ORIENTED_EDGE('',*,*,#2242,.F.);
#1211=ORIENTED_EDGE('',*,*,#2243,.T.);
#1212=ORIENTED_EDGE('',*,*,#2244,.T.);
#1213=ORIENTED_EDGE('',*,*,#2245,.F.);
#1214=ORIENTED_EDGE('',*,*,#2246,.F.);
#1215=ORIENTED_EDGE('',*,*,#2247,.T.);
#1216=ORIENTED_EDGE('',*,*,#2248,.T.);
#1217=ORIENTED_EDGE('',*,*,#2249,.F.);
#1218=ORIENTED_EDGE('',*,*,#2250,.T.);
#1219=ORIENTED_EDGE('',*,*,#2251,.F.);
#1220=ORIENTED_EDGE('',*,*,#2252,.F.);
#1221=ORIENTED_EDGE('',*,*,#2253,.T.);
#1222=ORIENTED_EDGE('',*,*,#2254,.F.);
#1223=ORIENTED_EDGE('',*,*,#2255,.T.);
#1224=ORIENTED_EDGE('',*,*,#2256,.F.);
#1225=ORIENTED_EDGE('',*,*,#2245,.T.);
#1226=ORIENTED_EDGE('',*,*,#2257,.T.);
#1227=ORIENTED_EDGE('',*,*,#2258,.F.);
#1228=ORIENTED_EDGE('',*,*,#2238,.F.);
#1229=ORIENTED_EDGE('',*,*,#2259,.F.);
#1230=ORIENTED_EDGE('',*,*,#2260,.F.);
#1231=ORIENTED_EDGE('',*,*,#2261,.T.);
#1232=ORIENTED_EDGE('',*,*,#2262,.T.);
#1233=ORIENTED_EDGE('',*,*,#2263,.T.);
#1234=ORIENTED_EDGE('',*,*,#2264,.F.);
#1235=ORIENTED_EDGE('',*,*,#2265,.F.);
#1236=ORIENTED_EDGE('',*,*,#2260,.T.);
#1237=ORIENTED_EDGE('',*,*,#2266,.T.);
#1238=ORIENTED_EDGE('',*,*,#2267,.F.);
#1239=ORIENTED_EDGE('',*,*,#2268,.F.);
#1240=ORIENTED_EDGE('',*,*,#2269,.F.);
#1241=ORIENTED_EDGE('',*,*,#2270,.T.);
#1242=ORIENTED_EDGE('',*,*,#2271,.F.);
#1243=ORIENTED_EDGE('',*,*,#2272,.F.);
#1244=ORIENTED_EDGE('',*,*,#2273,.T.);
#1245=ORIENTED_EDGE('',*,*,#2258,.T.);
#1246=ORIENTED_EDGE('',*,*,#2274,.F.);
#1247=ORIENTED_EDGE('',*,*,#2275,.F.);
#1248=ORIENTED_EDGE('',*,*,#2276,.T.);
#1249=ORIENTED_EDGE('',*,*,#2277,.T.);
#1250=ORIENTED_EDGE('',*,*,#2253,.F.);
#1251=ORIENTED_EDGE('',*,*,#2278,.T.);
#1252=ORIENTED_EDGE('',*,*,#2246,.T.);
#1253=ORIENTED_EDGE('',*,*,#2256,.T.);
#1254=ORIENTED_EDGE('',*,*,#2273,.F.);
#1255=ORIENTED_EDGE('',*,*,#2279,.F.);
#1256=ORIENTED_EDGE('',*,*,#2236,.F.);
#1257=ORIENTED_EDGE('',*,*,#2280,.F.);
#1258=ORIENTED_EDGE('',*,*,#2239,.T.);
#1259=ORIENTED_EDGE('',*,*,#2261,.F.);
#1260=ORIENTED_EDGE('',*,*,#2265,.T.);
#1261=ORIENTED_EDGE('',*,*,#2281,.F.);
#1262=ORIENTED_EDGE('',*,*,#2233,.T.);
#1263=ORIENTED_EDGE('',*,*,#2279,.T.);
#1264=ORIENTED_EDGE('',*,*,#2275,.T.);
#1265=ORIENTED_EDGE('',*,*,#2274,.T.);
#1266=ORIENTED_EDGE('',*,*,#2257,.F.);
#1267=ORIENTED_EDGE('',*,*,#2248,.F.);
#1268=ORIENTED_EDGE('',*,*,#2282,.F.);
#1269=ORIENTED_EDGE('',*,*,#2251,.T.);
#1270=ORIENTED_EDGE('',*,*,#2283,.F.);
#1271=ORIENTED_EDGE('',*,*,#2266,.F.);
#1272=ORIENTED_EDGE('',*,*,#2259,.T.);
#1273=ORIENTED_EDGE('',*,*,#2241,.F.);
#1274=ORIENTED_EDGE('',*,*,#2284,.T.);
#1275=ORIENTED_EDGE('',*,*,#2234,.T.);
#1276=ORIENTED_EDGE('',*,*,#2281,.T.);
#1277=ORIENTED_EDGE('',*,*,#2250,.F.);
#1278=ORIENTED_EDGE('',*,*,#2277,.F.);
#1279=ORIENTED_EDGE('',*,*,#2267,.T.);
#1280=ORIENTED_EDGE('',*,*,#2283,.T.);
#1281=ORIENTED_EDGE('',*,*,#2285,.F.);
#1282=ORIENTED_EDGE('',*,*,#2264,.T.);
#1283=ORIENTED_EDGE('',*,*,#2285,.T.);
#1284=ORIENTED_EDGE('',*,*,#2263,.F.);
#1285=ORIENTED_EDGE('',*,*,#2272,.T.);
#1286=ORIENTED_EDGE('',*,*,#2262,.F.);
#1287=ORIENTED_EDGE('',*,*,#2271,.T.);
#1288=ORIENTED_EDGE('',*,*,#2268,.T.);
#1289=ORIENTED_EDGE('',*,*,#2270,.F.);
#1290=ORIENTED_EDGE('',*,*,#2269,.T.);
#1291=ORIENTED_EDGE('',*,*,#2276,.F.);
#1292=ORIENTED_EDGE('',*,*,#2235,.F.);
#1293=ORIENTED_EDGE('',*,*,#2284,.F.);
#1294=ORIENTED_EDGE('',*,*,#2240,.T.);
#1295=ORIENTED_EDGE('',*,*,#2280,.T.);
#1296=ORIENTED_EDGE('',*,*,#2247,.F.);
#1297=ORIENTED_EDGE('',*,*,#2278,.F.);
#1298=ORIENTED_EDGE('',*,*,#2252,.T.);
#1299=ORIENTED_EDGE('',*,*,#2282,.T.);
#1300=ORIENTED_EDGE('',*,*,#2244,.F.);
#1301=ORIENTED_EDGE('',*,*,#2254,.T.);
#1302=ORIENTED_EDGE('',*,*,#2249,.T.);
#1303=ORIENTED_EDGE('',*,*,#2255,.F.);
#1304=ORIENTED_EDGE('',*,*,#2232,.F.);
#1305=ORIENTED_EDGE('',*,*,#2242,.T.);
#1306=ORIENTED_EDGE('',*,*,#2237,.T.);
#1307=ORIENTED_EDGE('',*,*,#2243,.F.);
#1308=ORIENTED_EDGE('',*,*,#2286,.T.);
#1309=ORIENTED_EDGE('',*,*,#2287,.F.);
#1310=ORIENTED_EDGE('',*,*,#2288,.F.);
#1311=ORIENTED_EDGE('',*,*,#2289,.T.);
#1312=ORIENTED_EDGE('',*,*,#2290,.T.);
#1313=ORIENTED_EDGE('',*,*,#2291,.F.);
#1314=ORIENTED_EDGE('',*,*,#2292,.F.);
#1315=ORIENTED_EDGE('',*,*,#2287,.T.);
#1316=ORIENTED_EDGE('',*,*,#2293,.T.);
#1317=ORIENTED_EDGE('',*,*,#2294,.F.);
#1318=ORIENTED_EDGE('',*,*,#2295,.F.);
#1319=ORIENTED_EDGE('',*,*,#2291,.T.);
#1320=ORIENTED_EDGE('',*,*,#2296,.F.);
#1321=ORIENTED_EDGE('',*,*,#2289,.F.);
#1322=ORIENTED_EDGE('',*,*,#2297,.T.);
#1323=ORIENTED_EDGE('',*,*,#2294,.T.);
#1324=ORIENTED_EDGE('',*,*,#2298,.F.);
#1325=ORIENTED_EDGE('',*,*,#2288,.T.);
#1326=ORIENTED_EDGE('',*,*,#2292,.T.);
#1327=ORIENTED_EDGE('',*,*,#2295,.T.);
#1328=ORIENTED_EDGE('',*,*,#2297,.F.);
#1329=ORIENTED_EDGE('',*,*,#2299,.T.);
#1330=ORIENTED_EDGE('',*,*,#2286,.F.);
#1331=ORIENTED_EDGE('',*,*,#2296,.T.);
#1332=ORIENTED_EDGE('',*,*,#2293,.F.);
#1333=ORIENTED_EDGE('',*,*,#2290,.F.);
#1334=ORIENTED_EDGE('',*,*,#2300,.F.);
#1335=ORIENTED_EDGE('',*,*,#2298,.T.);
#1336=ORIENTED_EDGE('',*,*,#2301,.F.);
#1337=ORIENTED_EDGE('',*,*,#2300,.T.);
#1338=ORIENTED_EDGE('',*,*,#2301,.T.);
#1339=ORIENTED_EDGE('',*,*,#2299,.F.);
#1340=ORIENTED_EDGE('',*,*,#2302,.F.);
#1341=ORIENTED_EDGE('',*,*,#2303,.T.);
#1342=ORIENTED_EDGE('',*,*,#2302,.T.);
#1343=ORIENTED_EDGE('',*,*,#2303,.F.);
#1344=ORIENTED_EDGE('',*,*,#2304,.F.);
#1345=ORIENTED_EDGE('',*,*,#2305,.F.);
#1346=ORIENTED_EDGE('',*,*,#2306,.F.);
#1347=ORIENTED_EDGE('',*,*,#2307,.T.);
#1348=ORIENTED_EDGE('',*,*,#2308,.F.);
#1349=ORIENTED_EDGE('',*,*,#2309,.F.);
#1350=ORIENTED_EDGE('',*,*,#2310,.T.);
#1351=ORIENTED_EDGE('',*,*,#2311,.T.);
#1352=ORIENTED_EDGE('',*,*,#2309,.T.);
#1353=ORIENTED_EDGE('',*,*,#2312,.T.);
#1354=ORIENTED_EDGE('',*,*,#2313,.F.);
#1355=ORIENTED_EDGE('',*,*,#2314,.F.);
#1356=ORIENTED_EDGE('',*,*,#2315,.T.);
#1357=ORIENTED_EDGE('',*,*,#2316,.F.);
#1358=ORIENTED_EDGE('',*,*,#2317,.T.);
#1359=ORIENTED_EDGE('',*,*,#2318,.F.);
#1360=ORIENTED_EDGE('',*,*,#2319,.F.);
#1361=ORIENTED_EDGE('',*,*,#2314,.T.);
#1362=ORIENTED_EDGE('',*,*,#2320,.F.);
#1363=ORIENTED_EDGE('',*,*,#2312,.F.);
#1364=ORIENTED_EDGE('',*,*,#2308,.T.);
#1365=ORIENTED_EDGE('',*,*,#2321,.T.);
#1366=ORIENTED_EDGE('',*,*,#2322,.F.);
#1367=ORIENTED_EDGE('',*,*,#2323,.T.);
#1368=ORIENTED_EDGE('',*,*,#2324,.F.);
#1369=ORIENTED_EDGE('',*,*,#2318,.T.);
#1370=ORIENTED_EDGE('',*,*,#2325,.T.);
#1371=ORIENTED_EDGE('',*,*,#2321,.F.);
#1372=ORIENTED_EDGE('',*,*,#2307,.F.);
#1373=ORIENTED_EDGE('',*,*,#2326,.F.);
#1374=ORIENTED_EDGE('',*,*,#2327,.F.);
#1375=ORIENTED_EDGE('',*,*,#2328,.F.);
#1376=ORIENTED_EDGE('',*,*,#2324,.T.);
#1377=ORIENTED_EDGE('',*,*,#2329,.T.);
#1378=ORIENTED_EDGE('',*,*,#2315,.F.);
#1379=ORIENTED_EDGE('',*,*,#2319,.T.);
#1380=ORIENTED_EDGE('',*,*,#2330,.F.);
#1381=ORIENTED_EDGE('',*,*,#2331,.F.);
#1382=ORIENTED_EDGE('',*,*,#2332,.F.);
#1383=ORIENTED_EDGE('',*,*,#2333,.F.);
#1384=ORIENTED_EDGE('',*,*,#2317,.F.);
#1385=ORIENTED_EDGE('',*,*,#2313,.T.);
#1386=ORIENTED_EDGE('',*,*,#2320,.T.);
#1387=ORIENTED_EDGE('',*,*,#2325,.F.);
#1388=ORIENTED_EDGE('',*,*,#2329,.F.);
#1389=ORIENTED_EDGE('',*,*,#2323,.F.);
#1390=ORIENTED_EDGE('',*,*,#2334,.T.);
#1391=ORIENTED_EDGE('',*,*,#2316,.T.);
#1392=ORIENTED_EDGE('',*,*,#2306,.T.);
#1393=ORIENTED_EDGE('',*,*,#2311,.F.);
#1394=ORIENTED_EDGE('',*,*,#2335,.F.);
#1395=ORIENTED_EDGE('',*,*,#2326,.T.);
#1396=ORIENTED_EDGE('',*,*,#2334,.F.);
#1397=ORIENTED_EDGE('',*,*,#2322,.T.);
#1398=ORIENTED_EDGE('',*,*,#2335,.T.);
#1399=ORIENTED_EDGE('',*,*,#2310,.F.);
#1400=ORIENTED_EDGE('',*,*,#2333,.T.);
#1401=ORIENTED_EDGE('',*,*,#2305,.T.);
#1402=ORIENTED_EDGE('',*,*,#2332,.T.);
#1403=ORIENTED_EDGE('',*,*,#2304,.T.);
#1404=ORIENTED_EDGE('',*,*,#2331,.T.);
#1405=ORIENTED_EDGE('',*,*,#2328,.T.);
#1406=ORIENTED_EDGE('',*,*,#2330,.T.);
#1407=ORIENTED_EDGE('',*,*,#2327,.T.);
#1408=ORIENTED_EDGE('',*,*,#2336,.T.);
#1409=ORIENTED_EDGE('',*,*,#2337,.F.);
#1410=ORIENTED_EDGE('',*,*,#2336,.F.);
#1411=ORIENTED_EDGE('',*,*,#2337,.T.);
#1412=ORIENTED_EDGE('',*,*,#2338,.F.);
#1413=ORIENTED_EDGE('',*,*,#2339,.F.);
#1414=ORIENTED_EDGE('',*,*,#2340,.F.);
#1415=ORIENTED_EDGE('',*,*,#2341,.T.);
#1416=ORIENTED_EDGE('',*,*,#2342,.F.);
#1417=ORIENTED_EDGE('',*,*,#2343,.F.);
#1418=ORIENTED_EDGE('',*,*,#2344,.T.);
#1419=ORIENTED_EDGE('',*,*,#2345,.T.);
#1420=ORIENTED_EDGE('',*,*,#2343,.T.);
#1421=ORIENTED_EDGE('',*,*,#2346,.T.);
#1422=ORIENTED_EDGE('',*,*,#2347,.F.);
#1423=ORIENTED_EDGE('',*,*,#2348,.F.);
#1424=ORIENTED_EDGE('',*,*,#2349,.T.);
#1425=ORIENTED_EDGE('',*,*,#2350,.F.);
#1426=ORIENTED_EDGE('',*,*,#2351,.T.);
#1427=ORIENTED_EDGE('',*,*,#2352,.F.);
#1428=ORIENTED_EDGE('',*,*,#2353,.F.);
#1429=ORIENTED_EDGE('',*,*,#2348,.T.);
#1430=ORIENTED_EDGE('',*,*,#2354,.F.);
#1431=ORIENTED_EDGE('',*,*,#2346,.F.);
#1432=ORIENTED_EDGE('',*,*,#2342,.T.);
#1433=ORIENTED_EDGE('',*,*,#2355,.T.);
#1434=ORIENTED_EDGE('',*,*,#2356,.F.);
#1435=ORIENTED_EDGE('',*,*,#2357,.T.);
#1436=ORIENTED_EDGE('',*,*,#2358,.F.);
#1437=ORIENTED_EDGE('',*,*,#2352,.T.);
#1438=ORIENTED_EDGE('',*,*,#2359,.T.);
#1439=ORIENTED_EDGE('',*,*,#2355,.F.);
#1440=ORIENTED_EDGE('',*,*,#2341,.F.);
#1441=ORIENTED_EDGE('',*,*,#2360,.F.);
#1442=ORIENTED_EDGE('',*,*,#2361,.F.);
#1443=ORIENTED_EDGE('',*,*,#2362,.F.);
#1444=ORIENTED_EDGE('',*,*,#2358,.T.);
#1445=ORIENTED_EDGE('',*,*,#2363,.T.);
#1446=ORIENTED_EDGE('',*,*,#2349,.F.);
#1447=ORIENTED_EDGE('',*,*,#2353,.T.);
#1448=ORIENTED_EDGE('',*,*,#2364,.F.);
#1449=ORIENTED_EDGE('',*,*,#2365,.F.);
#1450=ORIENTED_EDGE('',*,*,#2366,.F.);
#1451=ORIENTED_EDGE('',*,*,#2367,.F.);
#1452=ORIENTED_EDGE('',*,*,#2351,.F.);
#1453=ORIENTED_EDGE('',*,*,#2347,.T.);
#1454=ORIENTED_EDGE('',*,*,#2354,.T.);
#1455=ORIENTED_EDGE('',*,*,#2359,.F.);
#1456=ORIENTED_EDGE('',*,*,#2340,.T.);
#1457=ORIENTED_EDGE('',*,*,#2345,.F.);
#1458=ORIENTED_EDGE('',*,*,#2368,.F.);
#1459=ORIENTED_EDGE('',*,*,#2360,.T.);
#1460=ORIENTED_EDGE('',*,*,#2363,.F.);
#1461=ORIENTED_EDGE('',*,*,#2357,.F.);
#1462=ORIENTED_EDGE('',*,*,#2369,.T.);
#1463=ORIENTED_EDGE('',*,*,#2350,.T.);
#1464=ORIENTED_EDGE('',*,*,#2356,.T.);
#1465=ORIENTED_EDGE('',*,*,#2368,.T.);
#1466=ORIENTED_EDGE('',*,*,#2344,.F.);
#1467=ORIENTED_EDGE('',*,*,#2369,.F.);
#1468=ORIENTED_EDGE('',*,*,#2367,.T.);
#1469=ORIENTED_EDGE('',*,*,#2339,.T.);
#1470=ORIENTED_EDGE('',*,*,#2366,.T.);
#1471=ORIENTED_EDGE('',*,*,#2338,.T.);
#1472=ORIENTED_EDGE('',*,*,#2365,.T.);
#1473=ORIENTED_EDGE('',*,*,#2362,.T.);
#1474=ORIENTED_EDGE('',*,*,#2364,.T.);
#1475=ORIENTED_EDGE('',*,*,#2361,.T.);
#1476=ORIENTED_EDGE('',*,*,#2370,.T.);
#1477=ORIENTED_EDGE('',*,*,#2371,.F.);
#1478=ORIENTED_EDGE('',*,*,#2372,.F.);
#1479=ORIENTED_EDGE('',*,*,#2373,.T.);
#1480=ORIENTED_EDGE('',*,*,#2374,.T.);
#1481=ORIENTED_EDGE('',*,*,#2375,.F.);
#1482=ORIENTED_EDGE('',*,*,#2376,.F.);
#1483=ORIENTED_EDGE('',*,*,#2371,.T.);
#1484=ORIENTED_EDGE('',*,*,#2377,.T.);
#1485=ORIENTED_EDGE('',*,*,#2378,.F.);
#1486=ORIENTED_EDGE('',*,*,#2379,.F.);
#1487=ORIENTED_EDGE('',*,*,#2375,.T.);
#1488=ORIENTED_EDGE('',*,*,#2380,.F.);
#1489=ORIENTED_EDGE('',*,*,#2373,.F.);
#1490=ORIENTED_EDGE('',*,*,#2381,.T.);
#1491=ORIENTED_EDGE('',*,*,#2378,.T.);
#1492=ORIENTED_EDGE('',*,*,#2382,.F.);
#1493=ORIENTED_EDGE('',*,*,#2383,.F.);
#1494=ORIENTED_EDGE('',*,*,#2372,.T.);
#1495=ORIENTED_EDGE('',*,*,#2376,.T.);
#1496=ORIENTED_EDGE('',*,*,#2379,.T.);
#1497=ORIENTED_EDGE('',*,*,#2381,.F.);
#1498=ORIENTED_EDGE('',*,*,#2384,.T.);
#1499=ORIENTED_EDGE('',*,*,#2385,.T.);
#1500=ORIENTED_EDGE('',*,*,#2370,.F.);
#1501=ORIENTED_EDGE('',*,*,#2380,.T.);
#1502=ORIENTED_EDGE('',*,*,#2377,.F.);
#1503=ORIENTED_EDGE('',*,*,#2374,.F.);
#1504=ORIENTED_EDGE('',*,*,#2383,.T.);
#1505=ORIENTED_EDGE('',*,*,#2385,.F.);
#1506=ORIENTED_EDGE('',*,*,#2386,.F.);
#1507=ORIENTED_EDGE('',*,*,#2382,.T.);
#1508=ORIENTED_EDGE('',*,*,#2387,.F.);
#1509=ORIENTED_EDGE('',*,*,#2386,.T.);
#1510=ORIENTED_EDGE('',*,*,#2387,.T.);
#1511=ORIENTED_EDGE('',*,*,#2384,.F.);
#1512=ORIENTED_EDGE('',*,*,#2388,.T.);
#1513=ORIENTED_EDGE('',*,*,#2389,.F.);
#1514=ORIENTED_EDGE('',*,*,#2390,.F.);
#1515=ORIENTED_EDGE('',*,*,#2391,.T.);
#1516=ORIENTED_EDGE('',*,*,#2392,.T.);
#1517=ORIENTED_EDGE('',*,*,#2393,.F.);
#1518=ORIENTED_EDGE('',*,*,#2394,.T.);
#1519=ORIENTED_EDGE('',*,*,#2395,.F.);
#1520=ORIENTED_EDGE('',*,*,#2396,.T.);
#1521=ORIENTED_EDGE('',*,*,#2397,.F.);
#1522=ORIENTED_EDGE('',*,*,#2398,.T.);
#1523=ORIENTED_EDGE('',*,*,#2399,.T.);
#1524=ORIENTED_EDGE('',*,*,#2400,.T.);
#1525=ORIENTED_EDGE('',*,*,#2401,.T.);
#1526=ORIENTED_EDGE('',*,*,#2402,.F.);
#1527=ORIENTED_EDGE('',*,*,#2403,.T.);
#1528=ORIENTED_EDGE('',*,*,#2404,.F.);
#1529=ORIENTED_EDGE('',*,*,#2405,.F.);
#1530=ORIENTED_EDGE('',*,*,#2406,.F.);
#1531=ORIENTED_EDGE('',*,*,#2407,.T.);
#1532=ORIENTED_EDGE('',*,*,#2408,.T.);
#1533=ORIENTED_EDGE('',*,*,#2409,.F.);
#1534=ORIENTED_EDGE('',*,*,#2410,.F.);
#1535=ORIENTED_EDGE('',*,*,#2411,.F.);
#1536=ORIENTED_EDGE('',*,*,#2412,.T.);
#1537=ORIENTED_EDGE('',*,*,#2413,.F.);
#1538=ORIENTED_EDGE('',*,*,#2414,.F.);
#1539=ORIENTED_EDGE('',*,*,#2415,.T.);
#1540=ORIENTED_EDGE('',*,*,#2416,.T.);
#1541=ORIENTED_EDGE('',*,*,#2417,.F.);
#1542=ORIENTED_EDGE('',*,*,#2418,.T.);
#1543=ORIENTED_EDGE('',*,*,#2419,.F.);
#1544=ORIENTED_EDGE('',*,*,#2420,.T.);
#1545=ORIENTED_EDGE('',*,*,#2421,.F.);
#1546=ORIENTED_EDGE('',*,*,#2422,.F.);
#1547=ORIENTED_EDGE('',*,*,#2423,.F.);
#1548=ORIENTED_EDGE('',*,*,#2424,.F.);
#1549=ORIENTED_EDGE('',*,*,#2425,.F.);
#1550=ORIENTED_EDGE('',*,*,#2426,.F.);
#1551=ORIENTED_EDGE('',*,*,#2427,.T.);
#1552=ORIENTED_EDGE('',*,*,#2428,.T.);
#1553=ORIENTED_EDGE('',*,*,#2429,.T.);
#1554=ORIENTED_EDGE('',*,*,#2430,.F.);
#1555=ORIENTED_EDGE('',*,*,#2431,.T.);
#1556=ORIENTED_EDGE('',*,*,#2432,.T.);
#1557=ORIENTED_EDGE('',*,*,#2433,.F.);
#1558=ORIENTED_EDGE('',*,*,#2418,.F.);
#1559=ORIENTED_EDGE('',*,*,#2434,.F.);
#1560=ORIENTED_EDGE('',*,*,#2404,.T.);
#1561=ORIENTED_EDGE('',*,*,#2435,.T.);
#1562=ORIENTED_EDGE('',*,*,#2425,.T.);
#1563=ORIENTED_EDGE('',*,*,#2436,.F.);
#1564=ORIENTED_EDGE('',*,*,#2437,.F.);
#1565=ORIENTED_EDGE('',*,*,#2438,.F.);
#1566=ORIENTED_EDGE('',*,*,#2439,.T.);
#1567=ORIENTED_EDGE('',*,*,#2434,.T.);
#1568=ORIENTED_EDGE('',*,*,#2424,.T.);
#1569=ORIENTED_EDGE('',*,*,#2440,.F.);
#1570=ORIENTED_EDGE('',*,*,#2398,.F.);
#1571=ORIENTED_EDGE('',*,*,#2436,.T.);
#1572=ORIENTED_EDGE('',*,*,#2423,.T.);
#1573=ORIENTED_EDGE('',*,*,#2441,.F.);
#1574=ORIENTED_EDGE('',*,*,#2442,.F.);
#1575=ORIENTED_EDGE('',*,*,#2443,.F.);
#1576=ORIENTED_EDGE('',*,*,#2444,.T.);
#1577=ORIENTED_EDGE('',*,*,#2440,.T.);
#1578=ORIENTED_EDGE('',*,*,#2422,.T.);
#1579=ORIENTED_EDGE('',*,*,#2445,.F.);
#1580=ORIENTED_EDGE('',*,*,#2400,.F.);
#1581=ORIENTED_EDGE('',*,*,#2441,.T.);
#1582=ORIENTED_EDGE('',*,*,#2421,.T.);
#1583=ORIENTED_EDGE('',*,*,#2446,.F.);
#1584=ORIENTED_EDGE('',*,*,#2401,.F.);
#1585=ORIENTED_EDGE('',*,*,#2445,.T.);
#1586=ORIENTED_EDGE('',*,*,#2420,.F.);
#1587=ORIENTED_EDGE('',*,*,#2447,.F.);
#1588=ORIENTED_EDGE('',*,*,#2402,.T.);
#1589=ORIENTED_EDGE('',*,*,#2446,.T.);
#1590=ORIENTED_EDGE('',*,*,#2419,.T.);
#1591=ORIENTED_EDGE('',*,*,#2435,.F.);
#1592=ORIENTED_EDGE('',*,*,#2403,.F.);
#1593=ORIENTED_EDGE('',*,*,#2447,.T.);
#1594=ORIENTED_EDGE('',*,*,#2414,.T.);
#1595=ORIENTED_EDGE('',*,*,#2448,.T.);
#1596=ORIENTED_EDGE('',*,*,#2391,.F.);
#1597=ORIENTED_EDGE('',*,*,#2449,.F.);
#1598=ORIENTED_EDGE('',*,*,#2449,.T.);
#1599=ORIENTED_EDGE('',*,*,#2390,.T.);
#1600=ORIENTED_EDGE('',*,*,#2450,.F.);
#1601=ORIENTED_EDGE('',*,*,#2415,.F.);
#1602=ORIENTED_EDGE('',*,*,#2450,.T.);
#1603=ORIENTED_EDGE('',*,*,#2393,.T.);
#1604=ORIENTED_EDGE('',*,*,#2451,.F.);
#1605=ORIENTED_EDGE('',*,*,#2416,.F.);
#1606=ORIENTED_EDGE('',*,*,#2417,.T.);
#1607=ORIENTED_EDGE('',*,*,#2451,.T.);
#1608=ORIENTED_EDGE('',*,*,#2392,.F.);
#1609=ORIENTED_EDGE('',*,*,#2448,.F.);
#1610=ORIENTED_EDGE('',*,*,#2426,.T.);
#1611=ORIENTED_EDGE('',*,*,#2452,.F.);
#1612=ORIENTED_EDGE('',*,*,#2427,.F.);
#1613=ORIENTED_EDGE('',*,*,#2453,.T.);
#1614=ORIENTED_EDGE('',*,*,#2394,.F.);
#1615=ORIENTED_EDGE('',*,*,#2413,.T.);
#1616=ORIENTED_EDGE('',*,*,#2389,.T.);
#1617=ORIENTED_EDGE('',*,*,#2412,.F.);
#1618=ORIENTED_EDGE('',*,*,#2395,.T.);
#1619=ORIENTED_EDGE('',*,*,#2428,.F.);
#1620=ORIENTED_EDGE('',*,*,#2396,.F.);
#1621=ORIENTED_EDGE('',*,*,#2411,.T.);
#1622=ORIENTED_EDGE('',*,*,#2388,.F.);
#1623=ORIENTED_EDGE('',*,*,#2410,.T.);
#1624=ORIENTED_EDGE('',*,*,#2397,.T.);
#1625=ORIENTED_EDGE('',*,*,#2429,.F.);
#1626=ORIENTED_EDGE('',*,*,#2405,.T.);
#1627=ORIENTED_EDGE('',*,*,#2439,.F.);
#1628=ORIENTED_EDGE('',*,*,#2454,.F.);
#1629=ORIENTED_EDGE('',*,*,#2437,.T.);
#1630=ORIENTED_EDGE('',*,*,#2453,.F.);
#1631=ORIENTED_EDGE('',*,*,#2438,.T.);
#1632=ORIENTED_EDGE('',*,*,#2454,.T.);
#1633=ORIENTED_EDGE('',*,*,#2399,.F.);
#1634=ORIENTED_EDGE('',*,*,#2444,.F.);
#1635=ORIENTED_EDGE('',*,*,#2455,.T.);
#1636=ORIENTED_EDGE('',*,*,#2442,.T.);
#1637=ORIENTED_EDGE('',*,*,#2455,.F.);
#1638=ORIENTED_EDGE('',*,*,#2443,.T.);
#1639=ORIENTED_EDGE('',*,*,#2452,.T.);
#1640=ORIENTED_EDGE('',*,*,#2430,.T.);
#1641=ORIENTED_EDGE('',*,*,#2456,.T.);
#1642=ORIENTED_EDGE('',*,*,#2407,.F.);
#1643=ORIENTED_EDGE('',*,*,#2457,.F.);
#1644=ORIENTED_EDGE('',*,*,#2457,.T.);
#1645=ORIENTED_EDGE('',*,*,#2406,.T.);
#1646=ORIENTED_EDGE('',*,*,#2458,.F.);
#1647=ORIENTED_EDGE('',*,*,#2431,.F.);
#1648=ORIENTED_EDGE('',*,*,#2458,.T.);
#1649=ORIENTED_EDGE('',*,*,#2409,.T.);
#1650=ORIENTED_EDGE('',*,*,#2459,.F.);
#1651=ORIENTED_EDGE('',*,*,#2432,.F.);
#1652=ORIENTED_EDGE('',*,*,#2433,.T.);
#1653=ORIENTED_EDGE('',*,*,#2459,.T.);
#1654=ORIENTED_EDGE('',*,*,#2408,.F.);
#1655=ORIENTED_EDGE('',*,*,#2456,.F.);
#1656=ORIENTED_EDGE('',*,*,#2460,.T.);
#1657=ORIENTED_EDGE('',*,*,#2461,.T.);
#1658=ORIENTED_EDGE('',*,*,#2462,.F.);
#1659=ORIENTED_EDGE('',*,*,#2463,.F.);
#1660=ORIENTED_EDGE('',*,*,#2464,.F.);
#1661=ORIENTED_EDGE('',*,*,#2465,.T.);
#1662=ORIENTED_EDGE('',*,*,#2466,.T.);
#1663=ORIENTED_EDGE('',*,*,#2467,.T.);
#1664=ORIENTED_EDGE('',*,*,#2468,.T.);
#1665=ORIENTED_EDGE('',*,*,#2469,.T.);
#1666=ORIENTED_EDGE('',*,*,#2470,.F.);
#1667=ORIENTED_EDGE('',*,*,#2471,.F.);
#1668=ORIENTED_EDGE('',*,*,#2463,.T.);
#1669=ORIENTED_EDGE('',*,*,#2472,.F.);
#1670=ORIENTED_EDGE('',*,*,#2473,.F.);
#1671=ORIENTED_EDGE('',*,*,#2474,.T.);
#1672=ORIENTED_EDGE('',*,*,#2465,.F.);
#1673=ORIENTED_EDGE('',*,*,#2475,.T.);
#1674=ORIENTED_EDGE('',*,*,#2476,.T.);
#1675=ORIENTED_EDGE('',*,*,#2477,.F.);
#1676=ORIENTED_EDGE('',*,*,#2478,.F.);
#1677=ORIENTED_EDGE('',*,*,#2479,.F.);
#1678=ORIENTED_EDGE('',*,*,#2480,.F.);
#1679=ORIENTED_EDGE('',*,*,#2475,.F.);
#1680=ORIENTED_EDGE('',*,*,#2464,.T.);
#1681=ORIENTED_EDGE('',*,*,#2471,.T.);
#1682=ORIENTED_EDGE('',*,*,#2481,.T.);
#1683=ORIENTED_EDGE('',*,*,#2469,.F.);
#1684=ORIENTED_EDGE('',*,*,#2482,.F.);
#1685=ORIENTED_EDGE('',*,*,#2477,.T.);
#1686=ORIENTED_EDGE('',*,*,#2483,.T.);
#1687=ORIENTED_EDGE('',*,*,#2484,.T.);
#1688=ORIENTED_EDGE('',*,*,#2468,.F.);
#1689=ORIENTED_EDGE('',*,*,#2485,.T.);
#1690=ORIENTED_EDGE('',*,*,#2478,.T.);
#1691=ORIENTED_EDGE('',*,*,#2482,.T.);
#1692=ORIENTED_EDGE('',*,*,#2486,.T.);
#1693=ORIENTED_EDGE('',*,*,#2487,.T.);
#1694=ORIENTED_EDGE('',*,*,#2488,.T.);
#1695=ORIENTED_EDGE('',*,*,#2489,.T.);
#1696=ORIENTED_EDGE('',*,*,#2476,.F.);
#1697=ORIENTED_EDGE('',*,*,#2480,.T.);
#1698=ORIENTED_EDGE('',*,*,#2470,.T.);
#1699=ORIENTED_EDGE('',*,*,#2481,.F.);
#1700=ORIENTED_EDGE('',*,*,#2462,.T.);
#1701=ORIENTED_EDGE('',*,*,#2474,.F.);
#1702=ORIENTED_EDGE('',*,*,#2490,.F.);
#1703=ORIENTED_EDGE('',*,*,#2472,.T.);
#1704=ORIENTED_EDGE('',*,*,#2485,.F.);
#1705=ORIENTED_EDGE('',*,*,#2467,.F.);
#1706=ORIENTED_EDGE('',*,*,#2491,.T.);
#1707=ORIENTED_EDGE('',*,*,#2479,.T.);
#1708=ORIENTED_EDGE('',*,*,#2466,.F.);
#1709=ORIENTED_EDGE('',*,*,#2490,.T.);
#1710=ORIENTED_EDGE('',*,*,#2473,.T.);
#1711=ORIENTED_EDGE('',*,*,#2491,.F.);
#1712=ORIENTED_EDGE('',*,*,#2489,.F.);
#1713=ORIENTED_EDGE('',*,*,#2461,.F.);
#1714=ORIENTED_EDGE('',*,*,#2488,.F.);
#1715=ORIENTED_EDGE('',*,*,#2460,.F.);
#1716=ORIENTED_EDGE('',*,*,#2487,.F.);
#1717=ORIENTED_EDGE('',*,*,#2484,.F.);
#1718=ORIENTED_EDGE('',*,*,#2486,.F.);
#1719=ORIENTED_EDGE('',*,*,#2483,.F.);
#1720=ORIENTED_EDGE('',*,*,#2492,.F.);
#1721=ORIENTED_EDGE('',*,*,#2493,.T.);
#1722=ORIENTED_EDGE('',*,*,#2492,.T.);
#1723=ORIENTED_EDGE('',*,*,#2493,.F.);
#1724=ORIENTED_EDGE('',*,*,#2494,.T.);
#1725=ORIENTED_EDGE('',*,*,#2495,.T.);
#1726=ORIENTED_EDGE('',*,*,#2496,.T.);
#1727=ORIENTED_EDGE('',*,*,#2497,.T.);
#1728=ORIENTED_EDGE('',*,*,#2498,.T.);
#1729=ORIENTED_EDGE('',*,*,#2499,.T.);
#1730=ORIENTED_EDGE('',*,*,#2500,.T.);
#1731=ORIENTED_EDGE('',*,*,#2501,.T.);
#1732=ORIENTED_EDGE('',*,*,#2502,.T.);
#1733=ORIENTED_EDGE('',*,*,#2503,.F.);
#1734=ORIENTED_EDGE('',*,*,#2504,.T.);
#1735=ORIENTED_EDGE('',*,*,#2505,.T.);
#1736=ORIENTED_EDGE('',*,*,#2506,.T.);
#1737=ORIENTED_EDGE('',*,*,#2507,.T.);
#1738=ORIENTED_EDGE('',*,*,#2508,.T.);
#1739=ORIENTED_EDGE('',*,*,#2509,.F.);
#1740=ORIENTED_EDGE('',*,*,#2510,.T.);
#1741=ORIENTED_EDGE('',*,*,#2511,.F.);
#1742=ORIENTED_EDGE('',*,*,#2512,.F.);
#1743=ORIENTED_EDGE('',*,*,#2513,.T.);
#1744=ORIENTED_EDGE('',*,*,#2514,.F.);
#1745=ORIENTED_EDGE('',*,*,#2515,.T.);
#1746=ORIENTED_EDGE('',*,*,#2516,.T.);
#1747=ORIENTED_EDGE('',*,*,#2517,.F.);
#1748=ORIENTED_EDGE('',*,*,#2518,.F.);
#1749=ORIENTED_EDGE('',*,*,#2519,.F.);
#1750=ORIENTED_EDGE('',*,*,#2520,.F.);
#1751=ORIENTED_EDGE('',*,*,#2521,.F.);
#1752=ORIENTED_EDGE('',*,*,#2522,.F.);
#1753=ORIENTED_EDGE('',*,*,#2523,.F.);
#1754=ORIENTED_EDGE('',*,*,#2524,.F.);
#1755=ORIENTED_EDGE('',*,*,#2525,.F.);
#1756=ORIENTED_EDGE('',*,*,#2526,.T.);
#1757=ORIENTED_EDGE('',*,*,#2527,.T.);
#1758=ORIENTED_EDGE('',*,*,#2528,.F.);
#1759=ORIENTED_EDGE('',*,*,#2529,.F.);
#1760=ORIENTED_EDGE('',*,*,#2530,.T.);
#1761=ORIENTED_EDGE('',*,*,#2531,.T.);
#1762=ORIENTED_EDGE('',*,*,#2532,.F.);
#1763=ORIENTED_EDGE('',*,*,#2533,.F.);
#1764=ORIENTED_EDGE('',*,*,#2534,.F.);
#1765=ORIENTED_EDGE('',*,*,#2535,.T.);
#1766=ORIENTED_EDGE('',*,*,#2536,.F.);
#1767=ORIENTED_EDGE('',*,*,#2537,.T.);
#1768=ORIENTED_EDGE('',*,*,#2538,.F.);
#1769=ORIENTED_EDGE('',*,*,#2539,.F.);
#1770=ORIENTED_EDGE('',*,*,#2540,.F.);
#1771=ORIENTED_EDGE('',*,*,#2541,.F.);
#1772=ORIENTED_EDGE('',*,*,#2542,.F.);
#1773=ORIENTED_EDGE('',*,*,#2543,.F.);
#1774=ORIENTED_EDGE('',*,*,#2544,.F.);
#1775=ORIENTED_EDGE('',*,*,#2545,.T.);
#1776=ORIENTED_EDGE('',*,*,#2546,.F.);
#1777=ORIENTED_EDGE('',*,*,#2547,.T.);
#1778=ORIENTED_EDGE('',*,*,#2548,.F.);
#1779=ORIENTED_EDGE('',*,*,#2549,.F.);
#1780=ORIENTED_EDGE('',*,*,#2550,.F.);
#1781=ORIENTED_EDGE('',*,*,#2551,.T.);
#1782=ORIENTED_EDGE('',*,*,#2552,.T.);
#1783=ORIENTED_EDGE('',*,*,#2553,.F.);
#1784=ORIENTED_EDGE('',*,*,#2554,.T.);
#1785=ORIENTED_EDGE('',*,*,#2555,.T.);
#1786=ORIENTED_EDGE('',*,*,#2556,.F.);
#1787=ORIENTED_EDGE('',*,*,#2557,.F.);
#1788=ORIENTED_EDGE('',*,*,#2558,.F.);
#1789=ORIENTED_EDGE('',*,*,#2559,.F.);
#1790=ORIENTED_EDGE('',*,*,#2560,.T.);
#1791=ORIENTED_EDGE('',*,*,#2561,.T.);
#1792=ORIENTED_EDGE('',*,*,#2562,.F.);
#1793=ORIENTED_EDGE('',*,*,#2563,.T.);
#1794=ORIENTED_EDGE('',*,*,#2564,.F.);
#1795=ORIENTED_EDGE('',*,*,#2565,.F.);
#1796=ORIENTED_EDGE('',*,*,#2503,.T.);
#1797=ORIENTED_EDGE('',*,*,#2566,.T.);
#1798=ORIENTED_EDGE('',*,*,#2567,.T.);
#1799=ORIENTED_EDGE('',*,*,#2568,.F.);
#1800=ORIENTED_EDGE('',*,*,#2507,.F.);
#1801=ORIENTED_EDGE('',*,*,#2569,.T.);
#1802=ORIENTED_EDGE('',*,*,#2570,.T.);
#1803=ORIENTED_EDGE('',*,*,#2571,.F.);
#1804=ORIENTED_EDGE('',*,*,#2572,.T.);
#1805=ORIENTED_EDGE('',*,*,#2573,.F.);
#1806=ORIENTED_EDGE('',*,*,#2547,.F.);
#1807=ORIENTED_EDGE('',*,*,#2574,.T.);
#1808=ORIENTED_EDGE('',*,*,#2575,.F.);
#1809=ORIENTED_EDGE('',*,*,#2576,.T.);
#1810=ORIENTED_EDGE('',*,*,#2577,.T.);
#1811=ORIENTED_EDGE('',*,*,#2578,.F.);
#1812=ORIENTED_EDGE('',*,*,#2579,.F.);
#1813=ORIENTED_EDGE('',*,*,#2539,.T.);
#1814=ORIENTED_EDGE('',*,*,#2580,.T.);
#1815=ORIENTED_EDGE('',*,*,#2581,.F.);
#1816=ORIENTED_EDGE('',*,*,#2582,.F.);
#1817=ORIENTED_EDGE('',*,*,#2583,.T.);
#1818=ORIENTED_EDGE('',*,*,#2584,.T.);
#1819=ORIENTED_EDGE('',*,*,#2564,.T.);
#1820=ORIENTED_EDGE('',*,*,#2585,.F.);
#1821=ORIENTED_EDGE('',*,*,#2586,.T.);
#1822=ORIENTED_EDGE('',*,*,#2587,.F.);
#1823=ORIENTED_EDGE('',*,*,#2567,.F.);
#1824=ORIENTED_EDGE('',*,*,#2588,.F.);
#1825=ORIENTED_EDGE('',*,*,#2589,.F.);
#1826=ORIENTED_EDGE('',*,*,#2590,.F.);
#1827=ORIENTED_EDGE('',*,*,#2591,.F.);
#1828=ORIENTED_EDGE('',*,*,#2572,.F.);
#1829=ORIENTED_EDGE('',*,*,#2592,.T.);
#1830=ORIENTED_EDGE('',*,*,#2593,.F.);
#1831=ORIENTED_EDGE('',*,*,#2594,.T.);
#1832=ORIENTED_EDGE('',*,*,#2595,.T.);
#1833=ORIENTED_EDGE('',*,*,#2596,.T.);
#1834=ORIENTED_EDGE('',*,*,#2597,.T.);
#1835=ORIENTED_EDGE('',*,*,#2598,.T.);
#1836=ORIENTED_EDGE('',*,*,#2578,.T.);
#1837=ORIENTED_EDGE('',*,*,#2599,.T.);
#1838=ORIENTED_EDGE('',*,*,#2600,.F.);
#1839=ORIENTED_EDGE('',*,*,#2601,.T.);
#1840=ORIENTED_EDGE('',*,*,#2602,.F.);
#1841=ORIENTED_EDGE('',*,*,#2603,.T.);
#1842=ORIENTED_EDGE('',*,*,#2604,.T.);
#1843=ORIENTED_EDGE('',*,*,#2605,.T.);
#1844=ORIENTED_EDGE('',*,*,#2590,.T.);
#1845=ORIENTED_EDGE('',*,*,#2606,.F.);
#1846=ORIENTED_EDGE('',*,*,#2504,.F.);
#1847=ORIENTED_EDGE('',*,*,#2565,.T.);
#1848=ORIENTED_EDGE('',*,*,#2589,.T.);
#1849=ORIENTED_EDGE('',*,*,#2607,.F.);
#1850=ORIENTED_EDGE('',*,*,#2505,.F.);
#1851=ORIENTED_EDGE('',*,*,#2606,.T.);
#1852=ORIENTED_EDGE('',*,*,#2588,.T.);
#1853=ORIENTED_EDGE('',*,*,#2569,.F.);
#1854=ORIENTED_EDGE('',*,*,#2506,.F.);
#1855=ORIENTED_EDGE('',*,*,#2607,.T.);
#1856=ORIENTED_EDGE('',*,*,#2587,.T.);
#1857=ORIENTED_EDGE('',*,*,#2608,.F.);
#1858=ORIENTED_EDGE('',*,*,#2508,.F.);
#1859=ORIENTED_EDGE('',*,*,#2568,.T.);
#1860=ORIENTED_EDGE('',*,*,#2586,.F.);
#1861=ORIENTED_EDGE('',*,*,#2609,.F.);
#1862=ORIENTED_EDGE('',*,*,#2509,.T.);
#1863=ORIENTED_EDGE('',*,*,#2608,.T.);
#1864=ORIENTED_EDGE('',*,*,#2512,.T.);
#1865=ORIENTED_EDGE('',*,*,#2583,.F.);
#1866=ORIENTED_EDGE('',*,*,#2511,.T.);
#1867=ORIENTED_EDGE('',*,*,#2584,.F.);
#1868=ORIENTED_EDGE('',*,*,#2585,.T.);
#1869=ORIENTED_EDGE('',*,*,#2566,.F.);
#1870=ORIENTED_EDGE('',*,*,#2510,.F.);
#1871=ORIENTED_EDGE('',*,*,#2609,.T.);
#1872=ORIENTED_EDGE('',*,*,#2502,.F.);
#1873=ORIENTED_EDGE('',*,*,#2591,.T.);
#1874=ORIENTED_EDGE('',*,*,#2513,.F.);
#1875=ORIENTED_EDGE('',*,*,#2582,.T.);
#1876=ORIENTED_EDGE('',*,*,#2610,.T.);
#1877=ORIENTED_EDGE('',*,*,#2540,.T.);
#1878=ORIENTED_EDGE('',*,*,#2579,.T.);
#1879=ORIENTED_EDGE('',*,*,#2598,.F.);
#1880=ORIENTED_EDGE('',*,*,#2544,.T.);
#1881=ORIENTED_EDGE('',*,*,#2611,.T.);
#1882=ORIENTED_EDGE('',*,*,#2594,.F.);
#1883=ORIENTED_EDGE('',*,*,#2612,.F.);
#1884=ORIENTED_EDGE('',*,*,#2536,.T.);
#1885=ORIENTED_EDGE('',*,*,#2613,.T.);
#1886=ORIENTED_EDGE('',*,*,#2601,.F.);
#1887=ORIENTED_EDGE('',*,*,#2614,.F.);
#1888=ORIENTED_EDGE('',*,*,#2615,.T.);
#1889=ORIENTED_EDGE('',*,*,#2548,.T.);
#1890=ORIENTED_EDGE('',*,*,#2573,.T.);
#1891=ORIENTED_EDGE('',*,*,#2605,.F.);
#1892=ORIENTED_EDGE('',*,*,#2616,.T.);
#1893=ORIENTED_EDGE('',*,*,#2592,.F.);
#1894=ORIENTED_EDGE('',*,*,#2574,.F.);
#1895=ORIENTED_EDGE('',*,*,#2546,.T.);
#1896=ORIENTED_EDGE('',*,*,#2595,.F.);
#1897=ORIENTED_EDGE('',*,*,#2611,.F.);
#1898=ORIENTED_EDGE('',*,*,#2543,.T.);
#1899=ORIENTED_EDGE('',*,*,#2617,.T.);
#1900=ORIENTED_EDGE('',*,*,#2596,.F.);
#1901=ORIENTED_EDGE('',*,*,#2617,.F.);
#1902=ORIENTED_EDGE('',*,*,#2542,.T.);
#1903=ORIENTED_EDGE('',*,*,#2618,.F.);
#1904=ORIENTED_EDGE('',*,*,#2619,.T.);
#1905=ORIENTED_EDGE('',*,*,#2599,.F.);
#1906=ORIENTED_EDGE('',*,*,#2580,.F.);
#1907=ORIENTED_EDGE('',*,*,#2538,.T.);
#1908=ORIENTED_EDGE('',*,*,#2602,.T.);
#1909=ORIENTED_EDGE('',*,*,#2613,.F.);
#1910=ORIENTED_EDGE('',*,*,#2535,.F.);
#1911=ORIENTED_EDGE('',*,*,#2620,.T.);
#1912=ORIENTED_EDGE('',*,*,#2614,.T.);
#1913=ORIENTED_EDGE('',*,*,#2600,.T.);
#1914=ORIENTED_EDGE('',*,*,#2619,.F.);
#1915=ORIENTED_EDGE('',*,*,#2537,.F.);
#1916=ORIENTED_EDGE('',*,*,#2612,.T.);
#1917=ORIENTED_EDGE('',*,*,#2593,.T.);
#1918=ORIENTED_EDGE('',*,*,#2616,.F.);
#1919=ORIENTED_EDGE('',*,*,#2545,.F.);
#1920=ORIENTED_EDGE('',*,*,#2603,.F.);
#1921=ORIENTED_EDGE('',*,*,#2620,.F.);
#1922=ORIENTED_EDGE('',*,*,#2534,.T.);
#1923=ORIENTED_EDGE('',*,*,#2621,.F.);
#1924=ORIENTED_EDGE('',*,*,#2597,.F.);
#1925=ORIENTED_EDGE('',*,*,#2618,.T.);
#1926=ORIENTED_EDGE('',*,*,#2541,.T.);
#1927=ORIENTED_EDGE('',*,*,#2610,.F.);
#1928=ORIENTED_EDGE('',*,*,#2604,.F.);
#1929=ORIENTED_EDGE('',*,*,#2621,.T.);
#1930=ORIENTED_EDGE('',*,*,#2549,.T.);
#1931=ORIENTED_EDGE('',*,*,#2615,.F.);
#1932=ORIENTED_EDGE('',*,*,#2550,.T.);
#1933=ORIENTED_EDGE('',*,*,#2622,.T.);
#1934=ORIENTED_EDGE('',*,*,#2515,.F.);
#1935=ORIENTED_EDGE('',*,*,#2623,.F.);
#1936=ORIENTED_EDGE('',*,*,#2623,.T.);
#1937=ORIENTED_EDGE('',*,*,#2514,.T.);
#1938=ORIENTED_EDGE('',*,*,#2624,.F.);
#1939=ORIENTED_EDGE('',*,*,#2551,.F.);
#1940=ORIENTED_EDGE('',*,*,#2624,.T.);
#1941=ORIENTED_EDGE('',*,*,#2517,.T.);
#1942=ORIENTED_EDGE('',*,*,#2625,.F.);
#1943=ORIENTED_EDGE('',*,*,#2552,.F.);
#1944=ORIENTED_EDGE('',*,*,#2553,.T.);
#1945=ORIENTED_EDGE('',*,*,#2625,.T.);
#1946=ORIENTED_EDGE('',*,*,#2516,.F.);
#1947=ORIENTED_EDGE('',*,*,#2622,.F.);
#1948=ORIENTED_EDGE('',*,*,#2577,.F.);
#1949=ORIENTED_EDGE('',*,*,#2570,.F.);
#1950=ORIENTED_EDGE('',*,*,#2581,.T.);
#1951=ORIENTED_EDGE('',*,*,#2571,.T.);
#1952=ORIENTED_EDGE('',*,*,#2563,.F.);
#1953=ORIENTED_EDGE('',*,*,#2575,.T.);
#1954=ORIENTED_EDGE('',*,*,#2562,.T.);
#1955=ORIENTED_EDGE('',*,*,#2576,.F.);
#1956=ORIENTED_EDGE('',*,*,#2501,.F.);
#1957=ORIENTED_EDGE('',*,*,#2533,.T.);
#1958=ORIENTED_EDGE('',*,*,#2500,.F.);
#1959=ORIENTED_EDGE('',*,*,#2532,.T.);
#1960=ORIENTED_EDGE('',*,*,#2518,.T.);
#1961=ORIENTED_EDGE('',*,*,#2531,.F.);
#1962=ORIENTED_EDGE('',*,*,#2519,.T.);
#1963=ORIENTED_EDGE('',*,*,#2554,.F.);
#1964=ORIENTED_EDGE('',*,*,#2520,.T.);
#1965=ORIENTED_EDGE('',*,*,#2530,.F.);
#1966=ORIENTED_EDGE('',*,*,#2521,.T.);
#1967=ORIENTED_EDGE('',*,*,#2555,.F.);
#1968=ORIENTED_EDGE('',*,*,#2499,.F.);
#1969=ORIENTED_EDGE('',*,*,#2529,.T.);
#1970=ORIENTED_EDGE('',*,*,#2498,.F.);
#1971=ORIENTED_EDGE('',*,*,#2528,.T.);
#1972=ORIENTED_EDGE('',*,*,#2522,.T.);
#1973=ORIENTED_EDGE('',*,*,#2527,.F.);
#1974=ORIENTED_EDGE('',*,*,#2497,.F.);
#1975=ORIENTED_EDGE('',*,*,#2556,.T.);
#1976=ORIENTED_EDGE('',*,*,#2496,.F.);
#1977=ORIENTED_EDGE('',*,*,#2557,.T.);
#1978=ORIENTED_EDGE('',*,*,#2495,.F.);
#1979=ORIENTED_EDGE('',*,*,#2558,.T.);
#1980=ORIENTED_EDGE('',*,*,#2494,.F.);
#1981=ORIENTED_EDGE('',*,*,#2559,.T.);
#1982=ORIENTED_EDGE('',*,*,#2523,.T.);
#1983=ORIENTED_EDGE('',*,*,#2560,.F.);
#1984=ORIENTED_EDGE('',*,*,#2524,.T.);
#1985=ORIENTED_EDGE('',*,*,#2526,.F.);
#1986=ORIENTED_EDGE('',*,*,#2525,.T.);
#1987=ORIENTED_EDGE('',*,*,#2561,.F.);
#1988=ORIENTED_EDGE('',*,*,#2626,.F.);
#1989=ORIENTED_EDGE('',*,*,#2627,.T.);
#1990=ORIENTED_EDGE('',*,*,#2628,.F.);
#1991=ORIENTED_EDGE('',*,*,#2629,.T.);
#1992=ORIENTED_EDGE('',*,*,#2630,.T.);
#1993=ORIENTED_EDGE('',*,*,#2631,.T.);
#1994=ORIENTED_EDGE('',*,*,#2632,.T.);
#1995=ORIENTED_EDGE('',*,*,#2633,.T.);
#1996=ORIENTED_EDGE('',*,*,#2634,.F.);
#1997=ORIENTED_EDGE('',*,*,#2635,.F.);
#1998=ORIENTED_EDGE('',*,*,#2636,.T.);
#1999=ORIENTED_EDGE('',*,*,#2637,.F.);
#2000=ORIENTED_EDGE('',*,*,#2638,.T.);
#2001=ORIENTED_EDGE('',*,*,#2639,.T.);
#2002=ORIENTED_EDGE('',*,*,#2640,.F.);
#2003=ORIENTED_EDGE('',*,*,#2641,.T.);
#2004=ORIENTED_EDGE('',*,*,#2642,.T.);
#2005=ORIENTED_EDGE('',*,*,#2643,.T.);
#2006=ORIENTED_EDGE('',*,*,#2640,.T.);
#2007=ORIENTED_EDGE('',*,*,#2644,.F.);
#2008=ORIENTED_EDGE('',*,*,#2645,.F.);
#2009=ORIENTED_EDGE('',*,*,#2646,.F.);
#2010=ORIENTED_EDGE('',*,*,#2647,.F.);
#2011=ORIENTED_EDGE('',*,*,#2648,.F.);
#2012=ORIENTED_EDGE('',*,*,#2649,.T.);
#2013=ORIENTED_EDGE('',*,*,#2650,.F.);
#2014=ORIENTED_EDGE('',*,*,#2651,.F.);
#2015=ORIENTED_EDGE('',*,*,#2652,.T.);
#2016=ORIENTED_EDGE('',*,*,#2653,.F.);
#2017=ORIENTED_EDGE('',*,*,#2654,.F.);
#2018=ORIENTED_EDGE('',*,*,#2655,.F.);
#2019=ORIENTED_EDGE('',*,*,#2656,.F.);
#2020=ORIENTED_EDGE('',*,*,#2657,.F.);
#2021=ORIENTED_EDGE('',*,*,#2658,.T.);
#2022=ORIENTED_EDGE('',*,*,#2659,.F.);
#2023=ORIENTED_EDGE('',*,*,#2638,.F.);
#2024=ORIENTED_EDGE('',*,*,#2660,.T.);
#2025=ORIENTED_EDGE('',*,*,#2661,.F.);
#2026=ORIENTED_EDGE('',*,*,#2662,.T.);
#2027=ORIENTED_EDGE('',*,*,#2663,.F.);
#2028=ORIENTED_EDGE('',*,*,#2664,.T.);
#2029=ORIENTED_EDGE('',*,*,#2665,.T.);
#2030=ORIENTED_EDGE('',*,*,#2666,.T.);
#2031=ORIENTED_EDGE('',*,*,#2667,.T.);
#2032=ORIENTED_EDGE('',*,*,#2668,.T.);
#2033=ORIENTED_EDGE('',*,*,#2626,.T.);
#2034=ORIENTED_EDGE('',*,*,#2669,.F.);
#2035=ORIENTED_EDGE('',*,*,#2652,.F.);
#2036=ORIENTED_EDGE('',*,*,#2670,.T.);
#2037=ORIENTED_EDGE('',*,*,#2627,.F.);
#2038=ORIENTED_EDGE('',*,*,#2670,.F.);
#2039=ORIENTED_EDGE('',*,*,#2659,.T.);
#2040=ORIENTED_EDGE('',*,*,#2671,.T.);
#2041=ORIENTED_EDGE('',*,*,#2628,.T.);
#2042=ORIENTED_EDGE('',*,*,#2671,.F.);
#2043=ORIENTED_EDGE('',*,*,#2658,.F.);
#2044=ORIENTED_EDGE('',*,*,#2672,.T.);
#2045=ORIENTED_EDGE('',*,*,#2629,.F.);
#2046=ORIENTED_EDGE('',*,*,#2672,.F.);
#2047=ORIENTED_EDGE('',*,*,#2657,.T.);
#2048=ORIENTED_EDGE('',*,*,#2673,.T.);
#2049=ORIENTED_EDGE('',*,*,#2630,.F.);
#2050=ORIENTED_EDGE('',*,*,#2673,.F.);
#2051=ORIENTED_EDGE('',*,*,#2656,.T.);
#2052=ORIENTED_EDGE('',*,*,#2674,.T.);
#2053=ORIENTED_EDGE('',*,*,#2631,.F.);
#2054=ORIENTED_EDGE('',*,*,#2674,.F.);
#2055=ORIENTED_EDGE('',*,*,#2655,.T.);
#2056=ORIENTED_EDGE('',*,*,#2675,.T.);
#2057=ORIENTED_EDGE('',*,*,#2632,.F.);
#2058=ORIENTED_EDGE('',*,*,#2675,.F.);
#2059=ORIENTED_EDGE('',*,*,#2654,.T.);
#2060=ORIENTED_EDGE('',*,*,#2676,.T.);
#2061=ORIENTED_EDGE('',*,*,#2633,.F.);
#2062=ORIENTED_EDGE('',*,*,#2676,.F.);
#2063=ORIENTED_EDGE('',*,*,#2653,.T.);
#2064=ORIENTED_EDGE('',*,*,#2669,.T.);
#2065=ORIENTED_EDGE('',*,*,#2677,.F.);
#2066=ORIENTED_EDGE('',*,*,#2642,.F.);
#2067=ORIENTED_EDGE('',*,*,#2678,.F.);
#2068=ORIENTED_EDGE('',*,*,#2661,.T.);
#2069=ORIENTED_EDGE('',*,*,#2650,.T.);
#2070=ORIENTED_EDGE('',*,*,#2679,.F.);
#2071=ORIENTED_EDGE('',*,*,#2662,.F.);
#2072=ORIENTED_EDGE('',*,*,#2678,.T.);
#2073=ORIENTED_EDGE('',*,*,#2649,.F.);
#2074=ORIENTED_EDGE('',*,*,#2680,.F.);
#2075=ORIENTED_EDGE('',*,*,#2663,.T.);
#2076=ORIENTED_EDGE('',*,*,#2679,.T.);
#2077=ORIENTED_EDGE('',*,*,#2648,.T.);
#2078=ORIENTED_EDGE('',*,*,#2681,.F.);
#2079=ORIENTED_EDGE('',*,*,#2664,.F.);
#2080=ORIENTED_EDGE('',*,*,#2680,.T.);
#2081=ORIENTED_EDGE('',*,*,#2647,.T.);
#2082=ORIENTED_EDGE('',*,*,#2682,.F.);
#2083=ORIENTED_EDGE('',*,*,#2665,.F.);
#2084=ORIENTED_EDGE('',*,*,#2681,.T.);
#2085=ORIENTED_EDGE('',*,*,#2646,.T.);
#2086=ORIENTED_EDGE('',*,*,#2683,.F.);
#2087=ORIENTED_EDGE('',*,*,#2666,.F.);
#2088=ORIENTED_EDGE('',*,*,#2682,.T.);
#2089=ORIENTED_EDGE('',*,*,#2645,.T.);
#2090=ORIENTED_EDGE('',*,*,#2684,.F.);
#2091=ORIENTED_EDGE('',*,*,#2667,.F.);
#2092=ORIENTED_EDGE('',*,*,#2683,.T.);
#2093=ORIENTED_EDGE('',*,*,#2644,.T.);
#2094=ORIENTED_EDGE('',*,*,#2639,.F.);
#2095=ORIENTED_EDGE('',*,*,#2668,.F.);
#2096=ORIENTED_EDGE('',*,*,#2684,.T.);
#2097=ORIENTED_EDGE('',*,*,#2641,.F.);
#2098=ORIENTED_EDGE('',*,*,#2685,.T.);
#2099=ORIENTED_EDGE('',*,*,#2651,.T.);
#2100=ORIENTED_EDGE('',*,*,#2686,.F.);
#2101=ORIENTED_EDGE('',*,*,#2637,.T.);
#2102=ORIENTED_EDGE('',*,*,#2643,.F.);
#2103=ORIENTED_EDGE('',*,*,#2677,.T.);
#2104=ORIENTED_EDGE('',*,*,#2660,.F.);
#2105=ORIENTED_EDGE('',*,*,#2687,.T.);
#2106=ORIENTED_EDGE('',*,*,#2688,.F.);
#2107=ORIENTED_EDGE('',*,*,#2634,.T.);
#2108=ORIENTED_EDGE('',*,*,#2686,.T.);
#2109=ORIENTED_EDGE('',*,*,#2688,.T.);
#2110=ORIENTED_EDGE('',*,*,#2689,.F.);
#2111=ORIENTED_EDGE('',*,*,#2635,.T.);
#2112=ORIENTED_EDGE('',*,*,#2687,.F.);
#2113=ORIENTED_EDGE('',*,*,#2689,.T.);
#2114=ORIENTED_EDGE('',*,*,#2690,.T.);
#2115=ORIENTED_EDGE('',*,*,#2636,.F.);
#2116=ORIENTED_EDGE('',*,*,#2690,.F.);
#2117=ORIENTED_EDGE('',*,*,#2685,.F.);
#2118=EDGE_CURVE('',#2691,#2691,#3122,.T.);
#2119=EDGE_CURVE('',#2692,#2692,#3123,.T.);
#2120=EDGE_CURVE('',#2693,#2693,#3124,.F.);
#2121=EDGE_CURVE('',#2694,#2695,#284,.T.);
#2122=EDGE_CURVE('',#2694,#2696,#285,.T.);
#2123=EDGE_CURVE('',#2696,#2697,#286,.T.);
#2124=EDGE_CURVE('',#2695,#2697,#287,.T.);
#2125=EDGE_CURVE('',#2698,#2699,#288,.T.);
#2126=EDGE_CURVE('',#2698,#2700,#3125,.T.);
#2127=EDGE_CURVE('',#2700,#2701,#289,.T.);
#2128=EDGE_CURVE('',#2701,#2702,#3126,.T.);
#2129=EDGE_CURVE('',#2702,#2703,#290,.T.);
#2130=EDGE_CURVE('',#2703,#2704,#3127,.T.);
#2131=EDGE_CURVE('',#2705,#2704,#291,.T.);
#2132=EDGE_CURVE('',#2705,#2699,#3128,.T.);
#2133=EDGE_CURVE('',#2706,#2707,#292,.T.);
#2134=EDGE_CURVE('',#2707,#2708,#293,.T.);
#2135=EDGE_CURVE('',#2709,#2708,#294,.T.);
#2136=EDGE_CURVE('',#2706,#2709,#295,.T.);
#2137=EDGE_CURVE('',#2710,#2711,#296,.T.);
#2138=EDGE_CURVE('',#2710,#2712,#297,.T.);
#2139=EDGE_CURVE('',#2712,#2713,#298,.T.);
#2140=EDGE_CURVE('',#2711,#2713,#299,.T.);
#2141=EDGE_CURVE('',#2714,#2715,#300,.T.);
#2142=EDGE_CURVE('',#2715,#2716,#301,.T.);
#2143=EDGE_CURVE('',#2717,#2716,#302,.T.);
#2144=EDGE_CURVE('',#2714,#2717,#303,.T.);
#2145=EDGE_CURVE('',#2718,#2718,#3129,.T.);
#2146=EDGE_CURVE('',#2719,#2719,#3130,.T.);
#2147=EDGE_CURVE('',#2720,#2720,#3131,.T.);
#2148=EDGE_CURVE('',#2721,#2722,#304,.T.);
#2149=EDGE_CURVE('',#2723,#2721,#305,.T.);
#2150=EDGE_CURVE('',#2723,#2724,#306,.T.);
#2151=EDGE_CURVE('',#2724,#2722,#307,.T.);
#2152=EDGE_CURVE('',#2725,#2726,#308,.T.);
#2153=EDGE_CURVE('',#2725,#2727,#309,.T.);
#2154=EDGE_CURVE('',#2727,#2728,#310,.T.);
#2155=EDGE_CURVE('',#2726,#2728,#311,.T.);
#2156=EDGE_CURVE('',#2729,#2730,#312,.T.);
#2157=EDGE_CURVE('',#2731,#2729,#313,.T.);
#2158=EDGE_CURVE('',#2731,#2732,#314,.T.);
#2159=EDGE_CURVE('',#2732,#2730,#315,.T.);
#2160=EDGE_CURVE('',#2733,#2734,#316,.T.);
#2161=EDGE_CURVE('',#2735,#2734,#3132,.T.);
#2162=EDGE_CURVE('',#2735,#2736,#317,.T.);
#2163=EDGE_CURVE('',#2737,#2736,#3133,.T.);
#2164=EDGE_CURVE('',#2738,#2737,#318,.T.);
#2165=EDGE_CURVE('',#2739,#2738,#3134,.T.);
#2166=EDGE_CURVE('',#2740,#2739,#319,.T.);
#2167=EDGE_CURVE('',#2733,#2740,#3135,.T.);
#2168=EDGE_CURVE('',#2741,#2742,#320,.T.);
#2169=EDGE_CURVE('',#2741,#2743,#321,.T.);
#2170=EDGE_CURVE('',#2743,#2744,#322,.T.);
#2171=EDGE_CURVE('',#2742,#2744,#323,.T.);
#2172=EDGE_CURVE('',#2745,#2745,#3136,.F.);
#2173=EDGE_CURVE('',#2746,#2746,#3137,.T.);
#2174=EDGE_CURVE('',#2698,#2733,#324,.T.);
#2175=EDGE_CURVE('',#2699,#2734,#325,.T.);
#2176=EDGE_CURVE('',#2700,#2740,#326,.T.);
#2177=EDGE_CURVE('',#2701,#2739,#327,.T.);
#2178=EDGE_CURVE('',#2702,#2738,#328,.T.);
#2179=EDGE_CURVE('',#2703,#2737,#329,.T.);
#2180=EDGE_CURVE('',#2704,#2736,#330,.T.);
#2181=EDGE_CURVE('',#2705,#2735,#331,.T.);
#2182=EDGE_CURVE('',#2730,#2708,#332,.T.);
#2183=EDGE_CURVE('',#2729,#2707,#333,.T.);
#2184=EDGE_CURVE('',#2731,#2706,#334,.T.);
#2185=EDGE_CURVE('',#2732,#2709,#335,.T.);
#2186=EDGE_CURVE('',#2742,#2712,#336,.T.);
#2187=EDGE_CURVE('',#2741,#2710,#337,.T.);
#2188=EDGE_CURVE('',#2743,#2711,#338,.T.);
#2189=EDGE_CURVE('',#2744,#2713,#339,.T.);
#2190=EDGE_CURVE('',#2725,#2694,#340,.T.);
#2191=EDGE_CURVE('',#2727,#2695,#341,.T.);
#2192=EDGE_CURVE('',#2728,#2697,#342,.T.);
#2193=EDGE_CURVE('',#2726,#2696,#343,.T.);
#2194=EDGE_CURVE('',#2722,#2716,#344,.T.);
#2195=EDGE_CURVE('',#2721,#2715,#345,.T.);
#2196=EDGE_CURVE('',#2723,#2714,#346,.T.);
#2197=EDGE_CURVE('',#2724,#2717,#347,.T.);
#2198=EDGE_CURVE('',#2747,#2747,#3138,.T.);
#2199=EDGE_CURVE('',#2748,#2748,#3139,.T.);
#2200=EDGE_CURVE('',#2749,#2750,#348,.T.);
#2201=EDGE_CURVE('',#2751,#2749,#349,.T.);
#2202=EDGE_CURVE('',#2752,#2751,#350,.T.);
#2203=EDGE_CURVE('',#2752,#2750,#351,.T.);
#2204=EDGE_CURVE('',#2753,#2754,#352,.T.);
#2205=EDGE_CURVE('',#2754,#2755,#353,.T.);
#2206=EDGE_CURVE('',#2755,#2756,#354,.T.);
#2207=EDGE_CURVE('',#2756,#2757,#355,.T.);
#2208=EDGE_CURVE('',#2758,#2757,#356,.T.);
#2209=EDGE_CURVE('',#2751,#2758,#357,.T.);
#2210=EDGE_CURVE('',#2753,#2749,#358,.T.);
#2211=EDGE_CURVE('',#2759,#2760,#359,.T.);
#2212=EDGE_CURVE('',#2759,#2750,#360,.T.);
#2213=EDGE_CURVE('',#2752,#2761,#361,.T.);
#2214=EDGE_CURVE('',#2761,#2762,#362,.T.);
#2215=EDGE_CURVE('',#2763,#2762,#363,.T.);
#2216=EDGE_CURVE('',#2764,#2763,#364,.T.);
#2217=EDGE_CURVE('',#2760,#2764,#365,.T.);
#2218=EDGE_CURVE('',#2761,#2758,#366,.T.);
#2219=EDGE_CURVE('',#2762,#2757,#367,.T.);
#2220=EDGE_CURVE('',#2763,#2756,#368,.T.);
#2221=EDGE_CURVE('',#2765,#2765,#3140,.T.);
#2222=EDGE_CURVE('',#2766,#2766,#3141,.T.);
#2223=EDGE_CURVE('',#2755,#2764,#369,.T.);
#2224=EDGE_CURVE('',#2767,#2767,#3142,.F.);
#2225=EDGE_CURVE('',#2768,#2768,#3143,.F.);
#2226=EDGE_CURVE('',#2769,#2769,#3144,.F.);
#2227=EDGE_CURVE('',#2770,#2770,#3145,.F.);
#2228=EDGE_CURVE('',#2753,#2759,#370,.T.);
#2229=EDGE_CURVE('',#2754,#2760,#371,.T.);
#2230=EDGE_CURVE('',#2771,#2771,#3146,.T.);
#2231=EDGE_CURVE('',#2772,#2772,#3147,.T.);
#2232=EDGE_CURVE('',#2773,#2773,#3148,.F.);
#2233=EDGE_CURVE('',#2774,#2775,#372,.T.);
#2234=EDGE_CURVE('',#2776,#2774,#373,.T.);
#2235=EDGE_CURVE('',#2776,#2777,#374,.T.);
#2236=EDGE_CURVE('',#2777,#2775,#375,.T.);
#2237=EDGE_CURVE('',#2778,#2778,#3149,.T.);
#2238=EDGE_CURVE('',#2779,#2780,#376,.T.);
#2239=EDGE_CURVE('',#2781,#2780,#377,.T.);
#2240=EDGE_CURVE('',#2782,#2781,#378,.T.);
#2241=EDGE_CURVE('',#2782,#2779,#379,.T.);
#2242=EDGE_CURVE('',#2783,#2783,#3150,.F.);
#2243=EDGE_CURVE('',#2784,#2784,#3151,.T.);
#2244=EDGE_CURVE('',#2785,#2785,#3152,.F.);
#2245=EDGE_CURVE('',#2786,#2787,#380,.T.);
#2246=EDGE_CURVE('',#2788,#2786,#381,.T.);
#2247=EDGE_CURVE('',#2788,#2789,#382,.T.);
#2248=EDGE_CURVE('',#2789,#2787,#383,.T.);
#2249=EDGE_CURVE('',#2790,#2790,#3153,.T.);
#2250=EDGE_CURVE('',#2791,#2792,#384,.T.);
#2251=EDGE_CURVE('',#2793,#2792,#385,.T.);
#2252=EDGE_CURVE('',#2794,#2793,#386,.T.);
#2253=EDGE_CURVE('',#2794,#2791,#387,.T.);
#2254=EDGE_CURVE('',#2795,#2795,#3154,.F.);
#2255=EDGE_CURVE('',#2796,#2796,#3155,.T.);
#2256=EDGE_CURVE('',#2786,#2797,#388,.T.);
#2257=EDGE_CURVE('',#2787,#2798,#389,.T.);
#2258=EDGE_CURVE('',#2797,#2798,#390,.T.);
#2259=EDGE_CURVE('',#2799,#2779,#391,.T.);
#2260=EDGE_CURVE('',#2800,#2799,#392,.T.);
#2261=EDGE_CURVE('',#2800,#2780,#393,.T.);
#2262=EDGE_CURVE('',#2801,#2801,#3156,.T.);
#2263=EDGE_CURVE('',#2802,#2802,#3157,.T.);
#2264=EDGE_CURVE('',#2803,#2803,#3158,.T.);
#2265=EDGE_CURVE('',#2800,#2804,#394,.T.);
#2266=EDGE_CURVE('',#2799,#2805,#395,.T.);
#2267=EDGE_CURVE('',#2804,#2805,#396,.T.);
#2268=EDGE_CURVE('',#2806,#2806,#3159,.T.);
#2269=EDGE_CURVE('',#2807,#2807,#3160,.T.);
#2270=EDGE_CURVE('',#2808,#2808,#3161,.T.);
#2271=EDGE_CURVE('',#2809,#2809,#3162,.F.);
#2272=EDGE_CURVE('',#2810,#2810,#3163,.F.);
#2273=EDGE_CURVE('',#2811,#2797,#397,.T.);
#2274=EDGE_CURVE('',#2812,#2798,#398,.T.);
#2275=EDGE_CURVE('',#2811,#2812,#399,.T.);
#2276=EDGE_CURVE('',#2813,#2813,#3164,.T.);
#2277=EDGE_CURVE('',#2804,#2791,#400,.T.);
#2278=EDGE_CURVE('',#2794,#2788,#401,.T.);
#2279=EDGE_CURVE('',#2775,#2811,#402,.T.);
#2280=EDGE_CURVE('',#2781,#2777,#403,.T.);
#2281=EDGE_CURVE('',#2774,#2812,#404,.T.);
#2282=EDGE_CURVE('',#2793,#2789,#405,.T.);
#2283=EDGE_CURVE('',#2805,#2792,#406,.T.);
#2284=EDGE_CURVE('',#2782,#2776,#407,.T.);
#2285=EDGE_CURVE('',#2814,#2814,#3165,.T.);
#2286=EDGE_CURVE('',#2815,#2816,#3166,.T.);
#2287=EDGE_CURVE('',#2817,#2816,#408,.T.);
#2288=EDGE_CURVE('',#2818,#2817,#3167,.T.);
#2289=EDGE_CURVE('',#2818,#2815,#409,.T.);
#2290=EDGE_CURVE('',#2816,#2819,#410,.T.);
#2291=EDGE_CURVE('',#2820,#2819,#411,.T.);
#2292=EDGE_CURVE('',#2817,#2820,#412,.T.);
#2293=EDGE_CURVE('',#2819,#2821,#3168,.T.);
#2294=EDGE_CURVE('',#2822,#2821,#413,.T.);
#2295=EDGE_CURVE('',#2820,#2822,#3169,.T.);
#2296=EDGE_CURVE('',#2815,#2821,#414,.T.);
#2297=EDGE_CURVE('',#2818,#2822,#415,.T.);
#2298=EDGE_CURVE('',#2823,#2823,#3170,.T.);
#2299=EDGE_CURVE('',#2824,#2824,#3171,.T.);
#2300=EDGE_CURVE('',#2825,#2825,#3172,.T.);
#2301=EDGE_CURVE('',#2826,#2826,#3173,.T.);
#2302=EDGE_CURVE('',#2827,#2827,#3174,.T.);
#2303=EDGE_CURVE('',#2828,#2828,#3175,.T.);
#2304=EDGE_CURVE('',#2829,#2829,#3176,.T.);
#2305=EDGE_CURVE('',#2830,#2830,#3177,.T.);
#2306=EDGE_CURVE('',#2831,#2832,#416,.T.);
#2307=EDGE_CURVE('',#2831,#2833,#417,.T.);
#2308=EDGE_CURVE('',#2834,#2833,#418,.T.);
#2309=EDGE_CURVE('',#2832,#2834,#419,.T.);
#2310=EDGE_CURVE('',#2835,#2836,#420,.T.);
#2311=EDGE_CURVE('',#2836,#2832,#421,.T.);
#2312=EDGE_CURVE('',#2834,#2837,#422,.T.);
#2313=EDGE_CURVE('',#2838,#2837,#423,.T.);
#2314=EDGE_CURVE('',#2839,#2838,#424,.T.);
#2315=EDGE_CURVE('',#2839,#2840,#425,.T.);
#2316=EDGE_CURVE('',#2835,#2840,#426,.T.);
#2317=EDGE_CURVE('',#2838,#2841,#427,.T.);
#2318=EDGE_CURVE('',#2842,#2841,#428,.T.);
#2319=EDGE_CURVE('',#2839,#2842,#429,.T.);
#2320=EDGE_CURVE('',#2837,#2843,#430,.T.);
#2321=EDGE_CURVE('',#2833,#2843,#431,.T.);
#2322=EDGE_CURVE('',#2844,#2845,#432,.T.);
#2323=EDGE_CURVE('',#2844,#2846,#433,.T.);
#2324=EDGE_CURVE('',#2842,#2846,#434,.T.);
#2325=EDGE_CURVE('',#2841,#2843,#435,.T.);
#2326=EDGE_CURVE('',#2845,#2831,#436,.T.);
#2327=EDGE_CURVE('',#2847,#2847,#3178,.T.);
#2328=EDGE_CURVE('',#2848,#2848,#3179,.T.);
#2329=EDGE_CURVE('',#2846,#2840,#437,.T.);
#2330=EDGE_CURVE('',#2849,#2849,#3180,.T.);
#2331=EDGE_CURVE('',#2850,#2850,#3181,.T.);
#2332=EDGE_CURVE('',#2851,#2851,#3182,.T.);
#2333=EDGE_CURVE('',#2852,#2852,#3183,.T.);
#2334=EDGE_CURVE('',#2844,#2835,#438,.T.);
#2335=EDGE_CURVE('',#2845,#2836,#439,.T.);
#2336=EDGE_CURVE('',#2853,#2853,#3184,.T.);
#2337=EDGE_CURVE('',#2854,#2854,#3185,.T.);
#2338=EDGE_CURVE('',#2855,#2855,#3186,.T.);
#2339=EDGE_CURVE('',#2856,#2856,#3187,.T.);
#2340=EDGE_CURVE('',#2857,#2858,#440,.T.);
#2341=EDGE_CURVE('',#2857,#2859,#441,.T.);
#2342=EDGE_CURVE('',#2860,#2859,#442,.T.);
#2343=EDGE_CURVE('',#2858,#2860,#443,.T.);
#2344=EDGE_CURVE('',#2861,#2862,#444,.T.);
#2345=EDGE_CURVE('',#2862,#2858,#445,.T.);
#2346=EDGE_CURVE('',#2860,#2863,#446,.T.);
#2347=EDGE_CURVE('',#2864,#2863,#447,.T.);
#2348=EDGE_CURVE('',#2865,#2864,#448,.T.);
#2349=EDGE_CURVE('',#2865,#2866,#449,.T.);
#2350=EDGE_CURVE('',#2861,#2866,#450,.T.);
#2351=EDGE_CURVE('',#2864,#2867,#451,.T.);
#2352=EDGE_CURVE('',#2868,#2867,#452,.T.);
#2353=EDGE_CURVE('',#2865,#2868,#453,.T.);
#2354=EDGE_CURVE('',#2863,#2869,#454,.T.);
#2355=EDGE_CURVE('',#2859,#2869,#455,.T.);
#2356=EDGE_CURVE('',#2870,#2871,#456,.T.);
#2357=EDGE_CURVE('',#2870,#2872,#457,.T.);
#2358=EDGE_CURVE('',#2868,#2872,#458,.T.);
#2359=EDGE_CURVE('',#2867,#2869,#459,.T.);
#2360=EDGE_CURVE('',#2871,#2857,#460,.T.);
#2361=EDGE_CURVE('',#2873,#2873,#3188,.T.);
#2362=EDGE_CURVE('',#2874,#2874,#3189,.T.);
#2363=EDGE_CURVE('',#2872,#2866,#461,.T.);
#2364=EDGE_CURVE('',#2875,#2875,#3190,.T.);
#2365=EDGE_CURVE('',#2876,#2876,#3191,.T.);
#2366=EDGE_CURVE('',#2877,#2877,#3192,.T.);
#2367=EDGE_CURVE('',#2878,#2878,#3193,.T.);
#2368=EDGE_CURVE('',#2871,#2862,#462,.T.);
#2369=EDGE_CURVE('',#2870,#2861,#463,.T.);
#2370=EDGE_CURVE('',#2879,#2880,#3194,.T.);
#2371=EDGE_CURVE('',#2881,#2880,#464,.T.);
#2372=EDGE_CURVE('',#2882,#2881,#3195,.T.);
#2373=EDGE_CURVE('',#2882,#2879,#465,.T.);
#2374=EDGE_CURVE('',#2880,#2883,#466,.T.);
#2375=EDGE_CURVE('',#2884,#2883,#467,.T.);
#2376=EDGE_CURVE('',#2881,#2884,#468,.T.);
#2377=EDGE_CURVE('',#2883,#2885,#3196,.T.);
#2378=EDGE_CURVE('',#2886,#2885,#469,.T.);
#2379=EDGE_CURVE('',#2884,#2886,#3197,.T.);
#2380=EDGE_CURVE('',#2879,#2885,#470,.T.);
#2381=EDGE_CURVE('',#2882,#2886,#471,.T.);
#2382=EDGE_CURVE('',#2887,#2887,#3198,.T.);
#2383=EDGE_CURVE('',#2888,#2888,#3199,.T.);
#2384=EDGE_CURVE('',#2889,#2889,#3200,.T.);
#2385=EDGE_CURVE('',#2890,#2890,#3201,.T.);
#2386=EDGE_CURVE('',#2891,#2891,#3202,.T.);
#2387=EDGE_CURVE('',#2892,#2892,#3203,.T.);
#2388=EDGE_CURVE('',#2893,#2893,#3204,.T.);
#2389=EDGE_CURVE('',#2894,#2894,#3205,.T.);
#2390=EDGE_CURVE('',#2895,#2896,#472,.T.);
#2391=EDGE_CURVE('',#2895,#2897,#473,.T.);
#2392=EDGE_CURVE('',#2897,#2898,#474,.T.);
#2393=EDGE_CURVE('',#2896,#2898,#475,.T.);
#2394=EDGE_CURVE('',#2899,#2899,#3206,.T.);
#2395=EDGE_CURVE('',#2900,#2900,#3207,.T.);
#2396=EDGE_CURVE('',#2901,#2901,#3208,.T.);
#2397=EDGE_CURVE('',#2902,#2902,#3209,.T.);
#2398=EDGE_CURVE('',#2903,#2904,#476,.T.);
#2399=EDGE_CURVE('',#2904,#2905,#12,.T.);
#2400=EDGE_CURVE('',#2905,#2906,#477,.T.);
#2401=EDGE_CURVE('',#2906,#2907,#3210,.T.);
#2402=EDGE_CURVE('',#2908,#2907,#478,.T.);
#2403=EDGE_CURVE('',#2908,#2909,#3211,.T.);
#2404=EDGE_CURVE('',#2910,#2909,#479,.T.);
#2405=EDGE_CURVE('',#2903,#2910,#13,.T.);
#2406=EDGE_CURVE('',#2911,#2912,#480,.T.);
#2407=EDGE_CURVE('',#2911,#2913,#481,.T.);
#2408=EDGE_CURVE('',#2913,#2914,#482,.T.);
#2409=EDGE_CURVE('',#2912,#2914,#483,.T.);
#2410=EDGE_CURVE('',#2915,#2915,#3212,.F.);
#2411=EDGE_CURVE('',#2916,#2916,#3213,.F.);
#2412=EDGE_CURVE('',#2917,#2917,#3214,.T.);
#2413=EDGE_CURVE('',#2918,#2918,#3215,.F.);
#2414=EDGE_CURVE('',#2919,#2920,#484,.T.);
#2415=EDGE_CURVE('',#2919,#2921,#485,.T.);
#2416=EDGE_CURVE('',#2921,#2922,#486,.T.);
#2417=EDGE_CURVE('',#2920,#2922,#487,.T.);
#2418=EDGE_CURVE('',#2923,#2924,#488,.T.);
#2419=EDGE_CURVE('',#2925,#2924,#3216,.T.);
#2420=EDGE_CURVE('',#2925,#2926,#489,.T.);
#2421=EDGE_CURVE('',#2927,#2926,#3217,.T.);
#2422=EDGE_CURVE('',#2928,#2927,#490,.T.);
#2423=EDGE_CURVE('',#2929,#2928,#3218,.T.);
#2424=EDGE_CURVE('',#2930,#2929,#491,.T.);
#2425=EDGE_CURVE('',#2923,#2930,#3219,.T.);
#2426=EDGE_CURVE('',#2931,#2931,#3220,.F.);
#2427=EDGE_CURVE('',#2932,#2932,#3221,.T.);
#2428=EDGE_CURVE('',#2933,#2933,#3222,.T.);
#2429=EDGE_CURVE('',#2934,#2934,#3223,.T.);
#2430=EDGE_CURVE('',#2935,#2936,#492,.T.);
#2431=EDGE_CURVE('',#2935,#2937,#493,.T.);
#2432=EDGE_CURVE('',#2937,#2938,#494,.T.);
#2433=EDGE_CURVE('',#2936,#2938,#495,.T.);
#2434=EDGE_CURVE('',#2910,#2923,#496,.T.);
#2435=EDGE_CURVE('',#2909,#2924,#497,.T.);
#2436=EDGE_CURVE('',#2903,#2930,#498,.T.);
#2437=EDGE_CURVE('',#2939,#2903,#499,.T.);
#2438=EDGE_CURVE('',#2940,#2939,#3224,.T.);
#2439=EDGE_CURVE('',#2940,#2910,#500,.T.);
#2440=EDGE_CURVE('',#2904,#2929,#501,.T.);
#2441=EDGE_CURVE('',#2905,#2928,#502,.T.);
#2442=EDGE_CURVE('',#2941,#2905,#503,.T.);
#2443=EDGE_CURVE('',#2942,#2941,#3225,.T.);
#2444=EDGE_CURVE('',#2942,#2904,#504,.T.);
#2445=EDGE_CURVE('',#2906,#2927,#505,.T.);
#2446=EDGE_CURVE('',#2907,#2926,#506,.T.);
#2447=EDGE_CURVE('',#2908,#2925,#507,.T.);
#2448=EDGE_CURVE('',#2920,#2897,#508,.T.);
#2449=EDGE_CURVE('',#2919,#2895,#509,.T.);
#2450=EDGE_CURVE('',#2921,#2896,#510,.T.);
#2451=EDGE_CURVE('',#2922,#2898,#511,.T.);
#2452=EDGE_CURVE('',#2943,#2943,#3226,.T.);
#2453=EDGE_CURVE('',#2944,#2944,#3227,.T.);
#2454=EDGE_CURVE('',#2939,#2940,#14,.T.);
#2455=EDGE_CURVE('',#2942,#2941,#15,.T.);
#2456=EDGE_CURVE('',#2936,#2913,#512,.T.);
#2457=EDGE_CURVE('',#2935,#2911,#513,.T.);
#2458=EDGE_CURVE('',#2937,#2912,#514,.T.);
#2459=EDGE_CURVE('',#2938,#2914,#515,.T.);
#2460=EDGE_CURVE('',#2945,#2945,#3228,.T.);
#2461=EDGE_CURVE('',#2946,#2946,#3229,.T.);
#2462=EDGE_CURVE('',#2947,#2948,#516,.T.);
#2463=EDGE_CURVE('',#2949,#2947,#517,.T.);
#2464=EDGE_CURVE('',#2950,#2949,#518,.T.);
#2465=EDGE_CURVE('',#2950,#2948,#519,.T.);
#2466=EDGE_CURVE('',#2951,#2952,#520,.T.);
#2467=EDGE_CURVE('',#2952,#2953,#521,.T.);
#2468=EDGE_CURVE('',#2953,#2954,#522,.T.);
#2469=EDGE_CURVE('',#2954,#2955,#523,.T.);
#2470=EDGE_CURVE('',#2956,#2955,#524,.T.);
#2471=EDGE_CURVE('',#2949,#2956,#525,.T.);
#2472=EDGE_CURVE('',#2951,#2947,#526,.T.);
#2473=EDGE_CURVE('',#2957,#2958,#527,.T.);
#2474=EDGE_CURVE('',#2957,#2948,#528,.T.);
#2475=EDGE_CURVE('',#2950,#2959,#529,.T.);
#2476=EDGE_CURVE('',#2959,#2960,#530,.T.);
#2477=EDGE_CURVE('',#2961,#2960,#531,.T.);
#2478=EDGE_CURVE('',#2962,#2961,#532,.T.);
#2479=EDGE_CURVE('',#2958,#2962,#533,.T.);
#2480=EDGE_CURVE('',#2959,#2956,#534,.T.);
#2481=EDGE_CURVE('',#2960,#2955,#535,.T.);
#2482=EDGE_CURVE('',#2961,#2954,#536,.T.);
#2483=EDGE_CURVE('',#2963,#2963,#3230,.T.);
#2484=EDGE_CURVE('',#2964,#2964,#3231,.T.);
#2485=EDGE_CURVE('',#2953,#2962,#537,.T.);
#2486=EDGE_CURVE('',#2965,#2965,#3232,.F.);
#2487=EDGE_CURVE('',#2966,#2966,#3233,.F.);
#2488=EDGE_CURVE('',#2967,#2967,#3234,.F.);
#2489=EDGE_CURVE('',#2968,#2968,#3235,.F.);
#2490=EDGE_CURVE('',#2951,#2957,#538,.T.);
#2491=EDGE_CURVE('',#2952,#2958,#539,.T.);
#2492=EDGE_CURVE('',#2969,#2969,#3236,.T.);
#2493=EDGE_CURVE('',#2970,#2970,#3237,.T.);
#2494=EDGE_CURVE('',#2971,#2971,#3238,.T.);
#2495=EDGE_CURVE('',#2972,#2972,#3239,.T.);
#2496=EDGE_CURVE('',#2973,#2973,#3240,.T.);
#2497=EDGE_CURVE('',#2974,#2974,#3241,.T.);
#2498=EDGE_CURVE('',#2975,#2975,#3242,.T.);
#2499=EDGE_CURVE('',#2976,#2976,#3243,.T.);
#2500=EDGE_CURVE('',#2977,#2977,#3244,.T.);
#2501=EDGE_CURVE('',#2978,#2978,#3245,.T.);
#2502=EDGE_CURVE('',#2979,#2979,#3246,.T.);
#2503=EDGE_CURVE('',#2980,#2981,#540,.T.);
#2504=EDGE_CURVE('',#2980,#2982,#3247,.T.);
#2505=EDGE_CURVE('',#2982,#2983,#541,.T.);
#2506=EDGE_CURVE('',#2983,#2984,#3248,.T.);
#2507=EDGE_CURVE('',#2984,#2985,#542,.T.);
#2508=EDGE_CURVE('',#2985,#2986,#3249,.T.);
#2509=EDGE_CURVE('',#2987,#2986,#543,.T.);
#2510=EDGE_CURVE('',#2987,#2981,#3250,.T.);
#2511=EDGE_CURVE('',#2988,#2988,#3251,.T.);
#2512=EDGE_CURVE('',#2989,#2989,#3252,.T.);
#2513=EDGE_CURVE('',#2990,#2990,#3253,.T.);
#2514=EDGE_CURVE('',#2991,#2992,#544,.T.);
#2515=EDGE_CURVE('',#2991,#2993,#545,.T.);
#2516=EDGE_CURVE('',#2993,#2994,#546,.T.);
#2517=EDGE_CURVE('',#2992,#2994,#547,.T.);
#2518=EDGE_CURVE('',#2995,#2995,#3254,.T.);
#2519=EDGE_CURVE('',#2996,#2996,#3255,.T.);
#2520=EDGE_CURVE('',#2997,#2997,#3256,.T.);
#2521=EDGE_CURVE('',#2998,#2998,#3257,.T.);
#2522=EDGE_CURVE('',#2999,#2999,#3258,.T.);
#2523=EDGE_CURVE('',#3000,#3000,#3259,.T.);
#2524=EDGE_CURVE('',#3001,#3001,#3260,.T.);
#2525=EDGE_CURVE('',#3002,#3002,#3261,.T.);
#2526=EDGE_CURVE('',#3003,#3003,#3262,.T.);
#2527=EDGE_CURVE('',#3004,#3004,#3263,.T.);
#2528=EDGE_CURVE('',#3005,#3005,#3264,.F.);
#2529=EDGE_CURVE('',#3006,#3006,#3265,.F.);
#2530=EDGE_CURVE('',#3007,#3007,#3266,.T.);
#2531=EDGE_CURVE('',#3008,#3008,#3267,.T.);
#2532=EDGE_CURVE('',#3009,#3009,#3268,.F.);
#2533=EDGE_CURVE('',#3010,#3010,#3269,.F.);
#2534=EDGE_CURVE('',#3011,#3012,#3270,.T.);
#2535=EDGE_CURVE('',#3011,#3013,#548,.T.);
#2536=EDGE_CURVE('',#3014,#3013,#3271,.T.);
#2537=EDGE_CURVE('',#3014,#3015,#3272,.T.);
#2538=EDGE_CURVE('',#3016,#3015,#3273,.T.);
#2539=EDGE_CURVE('',#3017,#3016,#549,.T.);
#2540=EDGE_CURVE('',#3018,#3017,#3274,.T.);
#2541=EDGE_CURVE('',#3019,#3018,#3275,.F.);
#2542=EDGE_CURVE('',#3020,#3019,#3276,.T.);
#2543=EDGE_CURVE('',#3021,#3020,#550,.T.);
#2544=EDGE_CURVE('',#3022,#3021,#3277,.T.);
#2545=EDGE_CURVE('',#3022,#3023,#3278,.T.);
#2546=EDGE_CURVE('',#3024,#3023,#3279,.T.);
#2547=EDGE_CURVE('',#3024,#3025,#551,.T.);
#2548=EDGE_CURVE('',#3026,#3025,#3280,.T.);
#2549=EDGE_CURVE('',#3012,#3026,#3281,.F.);
#2550=EDGE_CURVE('',#3027,#3028,#552,.T.);
#2551=EDGE_CURVE('',#3027,#3029,#553,.T.);
#2552=EDGE_CURVE('',#3029,#3030,#554,.T.);
#2553=EDGE_CURVE('',#3028,#3030,#555,.T.);
#2554=EDGE_CURVE('',#3031,#3031,#3282,.T.);
#2555=EDGE_CURVE('',#3032,#3032,#3283,.T.);
#2556=EDGE_CURVE('',#3033,#3033,#3284,.F.);
#2557=EDGE_CURVE('',#3034,#3034,#3285,.F.);
#2558=EDGE_CURVE('',#3035,#3035,#3286,.F.);
#2559=EDGE_CURVE('',#3036,#3036,#3287,.F.);
#2560=EDGE_CURVE('',#3037,#3037,#3288,.T.);
#2561=EDGE_CURVE('',#3038,#3038,#3289,.T.);
#2562=EDGE_CURVE('',#3039,#3039,#3290,.T.);
#2563=EDGE_CURVE('',#3040,#3040,#3291,.F.);
#2564=EDGE_CURVE('',#3041,#3042,#556,.T.);
#2565=EDGE_CURVE('',#2980,#3041,#557,.T.);
#2566=EDGE_CURVE('',#2981,#3042,#558,.T.);
#2567=EDGE_CURVE('',#3043,#3044,#559,.T.);
#2568=EDGE_CURVE('',#2985,#3044,#560,.T.);
#2569=EDGE_CURVE('',#2984,#3043,#561,.T.);
#2570=EDGE_CURVE('',#3045,#3045,#3292,.T.);
#2571=EDGE_CURVE('',#3046,#3046,#3293,.T.);
#2572=EDGE_CURVE('',#3047,#3048,#562,.T.);
#2573=EDGE_CURVE('',#3025,#3048,#563,.F.);
#2574=EDGE_CURVE('',#3024,#3047,#564,.T.);
#2575=EDGE_CURVE('',#3049,#3049,#3294,.F.);
#2576=EDGE_CURVE('',#3050,#3050,#3295,.T.);
#2577=EDGE_CURVE('',#3051,#3051,#3296,.F.);
#2578=EDGE_CURVE('',#3052,#3053,#565,.T.);
#2579=EDGE_CURVE('',#3017,#3052,#566,.F.);
#2580=EDGE_CURVE('',#3016,#3053,#567,.T.);
#2581=EDGE_CURVE('',#3054,#3054,#3297,.T.);
#2582=EDGE_CURVE('',#3055,#3055,#3298,.T.);
#2583=EDGE_CURVE('',#3056,#3056,#3299,.T.);
#2584=EDGE_CURVE('',#3057,#3057,#3300,.T.);
#2585=EDGE_CURVE('',#3058,#3042,#3301,.T.);
#2586=EDGE_CURVE('',#3058,#3059,#568,.T.);
#2587=EDGE_CURVE('',#3044,#3059,#3302,.T.);
#2588=EDGE_CURVE('',#3060,#3043,#3303,.T.);
#2589=EDGE_CURVE('',#3061,#3060,#569,.T.);
#2590=EDGE_CURVE('',#3041,#3061,#3304,.T.);
#2591=EDGE_CURVE('',#3062,#3062,#3305,.T.);
#2592=EDGE_CURVE('',#3047,#3063,#3306,.T.);
#2593=EDGE_CURVE('',#3064,#3063,#3307,.T.);
#2594=EDGE_CURVE('',#3064,#3065,#3308,.T.);
#2595=EDGE_CURVE('',#3065,#3066,#570,.T.);
#2596=EDGE_CURVE('',#3066,#3067,#3309,.T.);
#2597=EDGE_CURVE('',#3067,#3068,#3310,.F.);
#2598=EDGE_CURVE('',#3068,#3052,#3311,.T.);
#2599=EDGE_CURVE('',#3053,#3069,#3312,.T.);
#2600=EDGE_CURVE('',#3070,#3069,#3313,.T.);
#2601=EDGE_CURVE('',#3070,#3071,#3314,.T.);
#2602=EDGE_CURVE('',#3072,#3071,#571,.T.);
#2603=EDGE_CURVE('',#3072,#3073,#3315,.T.);
#2604=EDGE_CURVE('',#3073,#3074,#3316,.F.);
#2605=EDGE_CURVE('',#3074,#3048,#3317,.T.);
#2606=EDGE_CURVE('',#2982,#3061,#572,.T.);
#2607=EDGE_CURVE('',#2983,#3060,#573,.T.);
#2608=EDGE_CURVE('',#2986,#3059,#574,.T.);
#2609=EDGE_CURVE('',#2987,#3058,#575,.T.);
#2610=EDGE_CURVE('',#3068,#3018,#576,.F.);
#2611=EDGE_CURVE('',#3021,#3065,#577,.T.);
#2612=EDGE_CURVE('',#3022,#3064,#578,.T.);
#2613=EDGE_CURVE('',#3013,#3071,#579,.T.);
#2614=EDGE_CURVE('',#3014,#3070,#580,.T.);
#2615=EDGE_CURVE('',#3074,#3026,#581,.F.);
#2616=EDGE_CURVE('',#3023,#3063,#582,.T.);
#2617=EDGE_CURVE('',#3020,#3066,#583,.T.);
#2618=EDGE_CURVE('',#3067,#3019,#584,.F.);
#2619=EDGE_CURVE('',#3015,#3069,#585,.T.);
#2620=EDGE_CURVE('',#3011,#3072,#586,.T.);
#2621=EDGE_CURVE('',#3073,#3012,#587,.F.);
#2622=EDGE_CURVE('',#3028,#2993,#588,.T.);
#2623=EDGE_CURVE('',#3027,#2991,#589,.T.);
#2624=EDGE_CURVE('',#3029,#2992,#590,.T.);
#2625=EDGE_CURVE('',#3030,#2994,#591,.T.);
#2626=EDGE_CURVE('',#3075,#3076,#592,.T.);
#2627=EDGE_CURVE('',#3075,#3077,#3318,.T.);
#2628=EDGE_CURVE('',#3078,#3077,#593,.T.);
#2629=EDGE_CURVE('',#3078,#3079,#3319,.T.);
#2630=EDGE_CURVE('',#3079,#3080,#594,.T.);
#2631=EDGE_CURVE('',#3080,#3081,#3320,.T.);
#2632=EDGE_CURVE('',#3081,#3082,#595,.T.);
#2633=EDGE_CURVE('',#3082,#3076,#3321,.T.);
#2634=EDGE_CURVE('',#3083,#3083,#3322,.T.);
#2635=EDGE_CURVE('',#3084,#3084,#3323,.T.);
#2636=EDGE_CURVE('',#3085,#3085,#3324,.T.);
#2637=EDGE_CURVE('',#3086,#3087,#596,.T.);
#2638=EDGE_CURVE('',#3086,#3088,#597,.T.);
#2639=EDGE_CURVE('',#3088,#3089,#598,.T.);
#2640=EDGE_CURVE('',#3087,#3089,#599,.T.);
#2641=EDGE_CURVE('',#3090,#3090,#3325,.T.);
#2642=EDGE_CURVE('',#3091,#3092,#600,.T.);
#2643=EDGE_CURVE('',#3092,#3087,#3326,.T.);
#2644=EDGE_CURVE('',#3093,#3089,#3327,.T.);
#2645=EDGE_CURVE('',#3094,#3093,#601,.T.);
#2646=EDGE_CURVE('',#3095,#3094,#3328,.T.);
#2647=EDGE_CURVE('',#3096,#3095,#602,.T.);
#2648=EDGE_CURVE('',#3097,#3096,#3329,.T.);
#2649=EDGE_CURVE('',#3097,#3098,#603,.T.);
#2650=EDGE_CURVE('',#3091,#3098,#3330,.T.);
#2651=EDGE_CURVE('',#3099,#3099,#3331,.F.);
#2652=EDGE_CURVE('',#3100,#3101,#604,.T.);
#2653=EDGE_CURVE('',#3102,#3101,#3332,.T.);
#2654=EDGE_CURVE('',#3103,#3102,#605,.T.);
#2655=EDGE_CURVE('',#3104,#3103,#3333,.T.);
#2656=EDGE_CURVE('',#3105,#3104,#606,.T.);
#2657=EDGE_CURVE('',#3106,#3105,#3334,.T.);
#2658=EDGE_CURVE('',#3106,#3107,#607,.T.);
#2659=EDGE_CURVE('',#3100,#3107,#3335,.T.);
#2660=EDGE_CURVE('',#3086,#3108,#3336,.T.);
#2661=EDGE_CURVE('',#3109,#3108,#608,.T.);
#2662=EDGE_CURVE('',#3109,#3110,#3337,.T.);
#2663=EDGE_CURVE('',#3111,#3110,#609,.T.);
#2664=EDGE_CURVE('',#3111,#3112,#3338,.T.);
#2665=EDGE_CURVE('',#3112,#3113,#610,.T.);
#2666=EDGE_CURVE('',#3113,#3114,#3339,.T.);
#2667=EDGE_CURVE('',#3114,#3115,#611,.T.);
#2668=EDGE_CURVE('',#3115,#3088,#3340,.T.);
#2669=EDGE_CURVE('',#3101,#3076,#612,.T.);
#2670=EDGE_CURVE('',#3100,#3075,#613,.T.);
#2671=EDGE_CURVE('',#3107,#3077,#614,.T.);
#2672=EDGE_CURVE('',#3106,#3078,#615,.T.);
#2673=EDGE_CURVE('',#3105,#3079,#616,.T.);
#2674=EDGE_CURVE('',#3104,#3080,#617,.T.);
#2675=EDGE_CURVE('',#3103,#3081,#618,.T.);
#2676=EDGE_CURVE('',#3102,#3082,#619,.T.);
#2677=EDGE_CURVE('',#3092,#3108,#620,.F.);
#2678=EDGE_CURVE('',#3109,#3091,#621,.F.);
#2679=EDGE_CURVE('',#3110,#3098,#622,.T.);
#2680=EDGE_CURVE('',#3111,#3097,#623,.F.);
#2681=EDGE_CURVE('',#3112,#3096,#624,.T.);
#2682=EDGE_CURVE('',#3113,#3095,#625,.F.);
#2683=EDGE_CURVE('',#3114,#3094,#626,.T.);
#2684=EDGE_CURVE('',#3115,#3093,#627,.F.);
#2685=EDGE_CURVE('',#3116,#3116,#3341,.T.);
#2686=EDGE_CURVE('',#3117,#3117,#3342,.T.);
#2687=EDGE_CURVE('',#3118,#3118,#3343,.T.);
#2688=EDGE_CURVE('',#3119,#3119,#3344,.T.);
#2689=EDGE_CURVE('',#3120,#3120,#3345,.T.);
#2690=EDGE_CURVE('',#3121,#3121,#3346,.T.);
#2691=VERTEX_POINT('',#6833);
#2692=VERTEX_POINT('',#6835);
#2693=VERTEX_POINT('',#6837);
#2694=VERTEX_POINT('',#6839);
#2695=VERTEX_POINT('',#6840);
#2696=VERTEX_POINT('',#6842);
#2697=VERTEX_POINT('',#6844);
#2698=VERTEX_POINT('',#6847);
#2699=VERTEX_POINT('',#6848);
#2700=VERTEX_POINT('',#6850);
#2701=VERTEX_POINT('',#6852);
#2702=VERTEX_POINT('',#6854);
#2703=VERTEX_POINT('',#6856);
#2704=VERTEX_POINT('',#6858);
#2705=VERTEX_POINT('',#6860);
#2706=VERTEX_POINT('',#6863);
#2707=VERTEX_POINT('',#6864);
#2708=VERTEX_POINT('',#6866);
#2709=VERTEX_POINT('',#6868);
#2710=VERTEX_POINT('',#6871);
#2711=VERTEX_POINT('',#6872);
#2712=VERTEX_POINT('',#6874);
#2713=VERTEX_POINT('',#6876);
#2714=VERTEX_POINT('',#6879);
#2715=VERTEX_POINT('',#6880);
#2716=VERTEX_POINT('',#6882);
#2717=VERTEX_POINT('',#6884);
#2718=VERTEX_POINT('',#6887);
#2719=VERTEX_POINT('',#6890);
#2720=VERTEX_POINT('',#6892);
#2721=VERTEX_POINT('',#6894);
#2722=VERTEX_POINT('',#6895);
#2723=VERTEX_POINT('',#6897);
#2724=VERTEX_POINT('',#6899);
#2725=VERTEX_POINT('',#6902);
#2726=VERTEX_POINT('',#6903);
#2727=VERTEX_POINT('',#6905);
#2728=VERTEX_POINT('',#6907);
#2729=VERTEX_POINT('',#6910);
#2730=VERTEX_POINT('',#6911);
#2731=VERTEX_POINT('',#6913);
#2732=VERTEX_POINT('',#6915);
#2733=VERTEX_POINT('',#6918);
#2734=VERTEX_POINT('',#6919);
#2735=VERTEX_POINT('',#6921);
#2736=VERTEX_POINT('',#6923);
#2737=VERTEX_POINT('',#6925);
#2738=VERTEX_POINT('',#6927);
#2739=VERTEX_POINT('',#6929);
#2740=VERTEX_POINT('',#6931);
#2741=VERTEX_POINT('',#6934);
#2742=VERTEX_POINT('',#6935);
#2743=VERTEX_POINT('',#6937);
#2744=VERTEX_POINT('',#6939);
#2745=VERTEX_POINT('',#6942);
#2746=VERTEX_POINT('',#6944);
#2747=VERTEX_POINT('',#7000);
#2748=VERTEX_POINT('',#7002);
#2749=VERTEX_POINT('',#7004);
#2750=VERTEX_POINT('',#7005);
#2751=VERTEX_POINT('',#7007);
#2752=VERTEX_POINT('',#7009);
#2753=VERTEX_POINT('',#7013);
#2754=VERTEX_POINT('',#7014);
#2755=VERTEX_POINT('',#7016);
#2756=VERTEX_POINT('',#7018);
#2757=VERTEX_POINT('',#7020);
#2758=VERTEX_POINT('',#7022);
#2759=VERTEX_POINT('',#7027);
#2760=VERTEX_POINT('',#7028);
#2761=VERTEX_POINT('',#7031);
#2762=VERTEX_POINT('',#7033);
#2763=VERTEX_POINT('',#7035);
#2764=VERTEX_POINT('',#7037);
#2765=VERTEX_POINT('',#7046);
#2766=VERTEX_POINT('',#7048);
#2767=VERTEX_POINT('',#7052);
#2768=VERTEX_POINT('',#7054);
#2769=VERTEX_POINT('',#7056);
#2770=VERTEX_POINT('',#7058);
#2771=VERTEX_POINT('',#7071);
#2772=VERTEX_POINT('',#7073);
#2773=VERTEX_POINT('',#7079);
#2774=VERTEX_POINT('',#7081);
#2775=VERTEX_POINT('',#7082);
#2776=VERTEX_POINT('',#7084);
#2777=VERTEX_POINT('',#7086);
#2778=VERTEX_POINT('',#7089);
#2779=VERTEX_POINT('',#7092);
#2780=VERTEX_POINT('',#7093);
#2781=VERTEX_POINT('',#7095);
#2782=VERTEX_POINT('',#7097);
#2783=VERTEX_POINT('',#7100);
#2784=VERTEX_POINT('',#7102);
#2785=VERTEX_POINT('',#7105);
#2786=VERTEX_POINT('',#7107);
#2787=VERTEX_POINT('',#7108);
#2788=VERTEX_POINT('',#7110);
#2789=VERTEX_POINT('',#7112);
#2790=VERTEX_POINT('',#7115);
#2791=VERTEX_POINT('',#7118);
#2792=VERTEX_POINT('',#7119);
#2793=VERTEX_POINT('',#7121);
#2794=VERTEX_POINT('',#7123);
#2795=VERTEX_POINT('',#7126);
#2796=VERTEX_POINT('',#7128);
#2797=VERTEX_POINT('',#7131);
#2798=VERTEX_POINT('',#7133);
#2799=VERTEX_POINT('',#7137);
#2800=VERTEX_POINT('',#7139);
#2801=VERTEX_POINT('',#7143);
#2802=VERTEX_POINT('',#7145);
#2803=VERTEX_POINT('',#7147);
#2804=VERTEX_POINT('',#7149);
#2805=VERTEX_POINT('',#7151);
#2806=VERTEX_POINT('',#7154);
#2807=VERTEX_POINT('',#7156);
#2808=VERTEX_POINT('',#7159);
#2809=VERTEX_POINT('',#7161);
#2810=VERTEX_POINT('',#7163);
#2811=VERTEX_POINT('',#7165);
#2812=VERTEX_POINT('',#7167);
#2813=VERTEX_POINT('',#7170);
#2814=VERTEX_POINT('',#7185);
#2815=VERTEX_POINT('',#7200);
#2816=VERTEX_POINT('',#7201);
#2817=VERTEX_POINT('',#7203);
#2818=VERTEX_POINT('',#7205);
#2819=VERTEX_POINT('',#7209);
#2820=VERTEX_POINT('',#7211);
#2821=VERTEX_POINT('',#7215);
#2822=VERTEX_POINT('',#7217);
#2823=VERTEX_POINT('',#7224);
#2824=VERTEX_POINT('',#7227);
#2825=VERTEX_POINT('',#7230);
#2826=VERTEX_POINT('',#7233);
#2827=VERTEX_POINT('',#7238);
#2828=VERTEX_POINT('',#7240);
#2829=VERTEX_POINT('',#7249);
#2830=VERTEX_POINT('',#7251);
#2831=VERTEX_POINT('',#7253);
#2832=VERTEX_POINT('',#7254);
#2833=VERTEX_POINT('',#7256);
#2834=VERTEX_POINT('',#7258);
#2835=VERTEX_POINT('',#7262);
#2836=VERTEX_POINT('',#7263);
#2837=VERTEX_POINT('',#7266);
#2838=VERTEX_POINT('',#7268);
#2839=VERTEX_POINT('',#7270);
#2840=VERTEX_POINT('',#7272);
#2841=VERTEX_POINT('',#7276);
#2842=VERTEX_POINT('',#7278);
#2843=VERTEX_POINT('',#7282);
#2844=VERTEX_POINT('',#7286);
#2845=VERTEX_POINT('',#7287);
#2846=VERTEX_POINT('',#7289);
#2847=VERTEX_POINT('',#7295);
#2848=VERTEX_POINT('',#7297);
#2849=VERTEX_POINT('',#7301);
#2850=VERTEX_POINT('',#7303);
#2851=VERTEX_POINT('',#7305);
#2852=VERTEX_POINT('',#7307);
#2853=VERTEX_POINT('',#7320);
#2854=VERTEX_POINT('',#7322);
#2855=VERTEX_POINT('',#7328);
#2856=VERTEX_POINT('',#7330);
#2857=VERTEX_POINT('',#7332);
#2858=VERTEX_POINT('',#7333);
#2859=VERTEX_POINT('',#7335);
#2860=VERTEX_POINT('',#7337);
#2861=VERTEX_POINT('',#7341);
#2862=VERTEX_POINT('',#7342);
#2863=VERTEX_POINT('',#7345);
#2864=VERTEX_POINT('',#7347);
#2865=VERTEX_POINT('',#7349);
#2866=VERTEX_POINT('',#7351);
#2867=VERTEX_POINT('',#7355);
#2868=VERTEX_POINT('',#7357);
#2869=VERTEX_POINT('',#7361);
#2870=VERTEX_POINT('',#7365);
#2871=VERTEX_POINT('',#7366);
#2872=VERTEX_POINT('',#7368);
#2873=VERTEX_POINT('',#7374);
#2874=VERTEX_POINT('',#7376);
#2875=VERTEX_POINT('',#7380);
#2876=VERTEX_POINT('',#7382);
#2877=VERTEX_POINT('',#7384);
#2878=VERTEX_POINT('',#7386);
#2879=VERTEX_POINT('',#7400);
#2880=VERTEX_POINT('',#7401);
#2881=VERTEX_POINT('',#7403);
#2882=VERTEX_POINT('',#7405);
#2883=VERTEX_POINT('',#7409);
#2884=VERTEX_POINT('',#7411);
#2885=VERTEX_POINT('',#7415);
#2886=VERTEX_POINT('',#7417);
#2887=VERTEX_POINT('',#7424);
#2888=VERTEX_POINT('',#7426);
#2889=VERTEX_POINT('',#7429);
#2890=VERTEX_POINT('',#7431);
#2891=VERTEX_POINT('',#7435);
#2892=VERTEX_POINT('',#7438);
#2893=VERTEX_POINT('',#7443);
#2894=VERTEX_POINT('',#7445);
#2895=VERTEX_POINT('',#7447);
#2896=VERTEX_POINT('',#7448);
#2897=VERTEX_POINT('',#7450);
#2898=VERTEX_POINT('',#7452);
#2899=VERTEX_POINT('',#7455);
#2900=VERTEX_POINT('',#7457);
#2901=VERTEX_POINT('',#7459);
#2902=VERTEX_POINT('',#7461);
#2903=VERTEX_POINT('',#7463);
#2904=VERTEX_POINT('',#7464);
#2905=VERTEX_POINT('',#7468);
#2906=VERTEX_POINT('',#7470);
#2907=VERTEX_POINT('',#7472);
#2908=VERTEX_POINT('',#7474);
#2909=VERTEX_POINT('',#7476);
#2910=VERTEX_POINT('',#7478);
#2911=VERTEX_POINT('',#7483);
#2912=VERTEX_POINT('',#7484);
#2913=VERTEX_POINT('',#7486);
#2914=VERTEX_POINT('',#7488);
#2915=VERTEX_POINT('',#7492);
#2916=VERTEX_POINT('',#7494);
#2917=VERTEX_POINT('',#7496);
#2918=VERTEX_POINT('',#7498);
#2919=VERTEX_POINT('',#7500);
#2920=VERTEX_POINT('',#7501);
#2921=VERTEX_POINT('',#7503);
#2922=VERTEX_POINT('',#7505);
#2923=VERTEX_POINT('',#7508);
#2924=VERTEX_POINT('',#7509);
#2925=VERTEX_POINT('',#7511);
#2926=VERTEX_POINT('',#7513);
#2927=VERTEX_POINT('',#7515);
#2928=VERTEX_POINT('',#7517);
#2929=VERTEX_POINT('',#7519);
#2930=VERTEX_POINT('',#7521);
#2931=VERTEX_POINT('',#7524);
#2932=VERTEX_POINT('',#7526);
#2933=VERTEX_POINT('',#7528);
#2934=VERTEX_POINT('',#7530);
#2935=VERTEX_POINT('',#7532);
#2936=VERTEX_POINT('',#7533);
#2937=VERTEX_POINT('',#7535);
#2938=VERTEX_POINT('',#7537);
#2939=VERTEX_POINT('',#7545);
#2940=VERTEX_POINT('',#7547);
#2941=VERTEX_POINT('',#7554);
#2942=VERTEX_POINT('',#7556);
#2943=VERTEX_POINT('',#7575);
#2944=VERTEX_POINT('',#7578);
#2945=VERTEX_POINT('',#7624);
#2946=VERTEX_POINT('',#7626);
#2947=VERTEX_POINT('',#7628);
#2948=VERTEX_POINT('',#7629);
#2949=VERTEX_POINT('',#7631);
#2950=VERTEX_POINT('',#7633);
#2951=VERTEX_POINT('',#7637);
#2952=VERTEX_POINT('',#7638);
#2953=VERTEX_POINT('',#7640);
#2954=VERTEX_POINT('',#7642);
#2955=VERTEX_POINT('',#7644);
#2956=VERTEX_POINT('',#7646);
#2957=VERTEX_POINT('',#7651);
#2958=VERTEX_POINT('',#7652);
#2959=VERTEX_POINT('',#7655);
#2960=VERTEX_POINT('',#7657);
#2961=VERTEX_POINT('',#7659);
#2962=VERTEX_POINT('',#7661);
#2963=VERTEX_POINT('',#7670);
#2964=VERTEX_POINT('',#7672);
#2965=VERTEX_POINT('',#7676);
#2966=VERTEX_POINT('',#7678);
#2967=VERTEX_POINT('',#7680);
#2968=VERTEX_POINT('',#7682);
#2969=VERTEX_POINT('',#7695);
#2970=VERTEX_POINT('',#7697);
#2971=VERTEX_POINT('',#7703);
#2972=VERTEX_POINT('',#7705);
#2973=VERTEX_POINT('',#7707);
#2974=VERTEX_POINT('',#7709);
#2975=VERTEX_POINT('',#7711);
#2976=VERTEX_POINT('',#7713);
#2977=VERTEX_POINT('',#7715);
#2978=VERTEX_POINT('',#7717);
#2979=VERTEX_POINT('',#7719);
#2980=VERTEX_POINT('',#7721);
#2981=VERTEX_POINT('',#7722);
#2982=VERTEX_POINT('',#7724);
#2983=VERTEX_POINT('',#7726);
#2984=VERTEX_POINT('',#7728);
#2985=VERTEX_POINT('',#7730);
#2986=VERTEX_POINT('',#7732);
#2987=VERTEX_POINT('',#7734);
#2988=VERTEX_POINT('',#7737);
#2989=VERTEX_POINT('',#7739);
#2990=VERTEX_POINT('',#7741);
#2991=VERTEX_POINT('',#7743);
#2992=VERTEX_POINT('',#7744);
#2993=VERTEX_POINT('',#7746);
#2994=VERTEX_POINT('',#7748);
#2995=VERTEX_POINT('',#7751);
#2996=VERTEX_POINT('',#7753);
#2997=VERTEX_POINT('',#7755);
#2998=VERTEX_POINT('',#7757);
#2999=VERTEX_POINT('',#7759);
#3000=VERTEX_POINT('',#7761);
#3001=VERTEX_POINT('',#7763);
#3002=VERTEX_POINT('',#7765);
#3003=VERTEX_POINT('',#7768);
#3004=VERTEX_POINT('',#7770);
#3005=VERTEX_POINT('',#7772);
#3006=VERTEX_POINT('',#7774);
#3007=VERTEX_POINT('',#7776);
#3008=VERTEX_POINT('',#7778);
#3009=VERTEX_POINT('',#7780);
#3010=VERTEX_POINT('',#7782);
#3011=VERTEX_POINT('',#7784);
#3012=VERTEX_POINT('',#7785);
#3013=VERTEX_POINT('',#7787);
#3014=VERTEX_POINT('',#7789);
#3015=VERTEX_POINT('',#7791);
#3016=VERTEX_POINT('',#7793);
#3017=VERTEX_POINT('',#7795);
#3018=VERTEX_POINT('',#7797);
#3019=VERTEX_POINT('',#7799);
#3020=VERTEX_POINT('',#7801);
#3021=VERTEX_POINT('',#7803);
#3022=VERTEX_POINT('',#7805);
#3023=VERTEX_POINT('',#7807);
#3024=VERTEX_POINT('',#7809);
#3025=VERTEX_POINT('',#7811);
#3026=VERTEX_POINT('',#7813);
#3027=VERTEX_POINT('',#7816);
#3028=VERTEX_POINT('',#7817);
#3029=VERTEX_POINT('',#7819);
#3030=VERTEX_POINT('',#7821);
#3031=VERTEX_POINT('',#7824);
#3032=VERTEX_POINT('',#7826);
#3033=VERTEX_POINT('',#7828);
#3034=VERTEX_POINT('',#7830);
#3035=VERTEX_POINT('',#7832);
#3036=VERTEX_POINT('',#7834);
#3037=VERTEX_POINT('',#7836);
#3038=VERTEX_POINT('',#7838);
#3039=VERTEX_POINT('',#7841);
#3040=VERTEX_POINT('',#7843);
#3041=VERTEX_POINT('',#7845);
#3042=VERTEX_POINT('',#7846);
#3043=VERTEX_POINT('',#7851);
#3044=VERTEX_POINT('',#7852);
#3045=VERTEX_POINT('',#7856);
#3046=VERTEX_POINT('',#7858);
#3047=VERTEX_POINT('',#7861);
#3048=VERTEX_POINT('',#7862);
#3049=VERTEX_POINT('',#7866);
#3050=VERTEX_POINT('',#7868);
#3051=VERTEX_POINT('',#7871);
#3052=VERTEX_POINT('',#7873);
#3053=VERTEX_POINT('',#7874);
#3054=VERTEX_POINT('',#7878);
#3055=VERTEX_POINT('',#7881);
#3056=VERTEX_POINT('',#7883);
#3057=VERTEX_POINT('',#7885);
#3058=VERTEX_POINT('',#7887);
#3059=VERTEX_POINT('',#7889);
#3060=VERTEX_POINT('',#7892);
#3061=VERTEX_POINT('',#7894);
#3062=VERTEX_POINT('',#7897);
#3063=VERTEX_POINT('',#7899);
#3064=VERTEX_POINT('',#7901);
#3065=VERTEX_POINT('',#7903);
#3066=VERTEX_POINT('',#7905);
#3067=VERTEX_POINT('',#7907);
#3068=VERTEX_POINT('',#7909);
#3069=VERTEX_POINT('',#7912);
#3070=VERTEX_POINT('',#7914);
#3071=VERTEX_POINT('',#7916);
#3072=VERTEX_POINT('',#7918);
#3073=VERTEX_POINT('',#7920);
#3074=VERTEX_POINT('',#7922);
#3075=VERTEX_POINT('',#7997);
#3076=VERTEX_POINT('',#7998);
#3077=VERTEX_POINT('',#8000);
#3078=VERTEX_POINT('',#8002);
#3079=VERTEX_POINT('',#8004);
#3080=VERTEX_POINT('',#8006);
#3081=VERTEX_POINT('',#8008);
#3082=VERTEX_POINT('',#8010);
#3083=VERTEX_POINT('',#8013);
#3084=VERTEX_POINT('',#8015);
#3085=VERTEX_POINT('',#8017);
#3086=VERTEX_POINT('',#8020);
#3087=VERTEX_POINT('',#8021);
#3088=VERTEX_POINT('',#8023);
#3089=VERTEX_POINT('',#8025);
#3090=VERTEX_POINT('',#8029);
#3091=VERTEX_POINT('',#8031);
#3092=VERTEX_POINT('',#8032);
#3093=VERTEX_POINT('',#8035);
#3094=VERTEX_POINT('',#8037);
#3095=VERTEX_POINT('',#8039);
#3096=VERTEX_POINT('',#8041);
#3097=VERTEX_POINT('',#8043);
#3098=VERTEX_POINT('',#8045);
#3099=VERTEX_POINT('',#8048);
#3100=VERTEX_POINT('',#8051);
#3101=VERTEX_POINT('',#8052);
#3102=VERTEX_POINT('',#8054);
#3103=VERTEX_POINT('',#8056);
#3104=VERTEX_POINT('',#8058);
#3105=VERTEX_POINT('',#8060);
#3106=VERTEX_POINT('',#8062);
#3107=VERTEX_POINT('',#8064);
#3108=VERTEX_POINT('',#8067);
#3109=VERTEX_POINT('',#8069);
#3110=VERTEX_POINT('',#8071);
#3111=VERTEX_POINT('',#8073);
#3112=VERTEX_POINT('',#8075);
#3113=VERTEX_POINT('',#8077);
#3114=VERTEX_POINT('',#8079);
#3115=VERTEX_POINT('',#8081);
#3116=VERTEX_POINT('',#8117);
#3117=VERTEX_POINT('',#8120);
#3118=VERTEX_POINT('',#8123);
#3119=VERTEX_POINT('',#8126);
#3120=VERTEX_POINT('',#8130);
#3121=VERTEX_POINT('',#8134);
#3122=CIRCLE('',#4967,0.001524);
#3123=CIRCLE('',#4968,0.001524);
#3124=CIRCLE('',#4969,0.001524);
#3125=CIRCLE('',#4970,0.00858494342779874);
#3126=CIRCLE('',#4971,0.0085849434277987);
#3127=CIRCLE('',#4972,0.00858494342779873);
#3128=CIRCLE('',#4973,0.00858494342779873);
#3129=CIRCLE('',#4974,0.001524);
#3130=CIRCLE('',#4976,0.001524);
#3131=CIRCLE('',#4977,0.001524);
#3132=CIRCLE('',#4978,0.00858494342779873);
#3133=CIRCLE('',#4979,0.00858494342779873);
#3134=CIRCLE('',#4980,0.0085849434277987);
#3135=CIRCLE('',#4981,0.00858494342779874);
#3136=CIRCLE('',#4982,0.001524);
#3137=CIRCLE('',#4983,0.001524);
#3138=CIRCLE('',#5014,0.003);
#3139=CIRCLE('',#5015,0.003);
#3140=CIRCLE('',#5021,0.003);
#3141=CIRCLE('',#5022,0.003);
#3142=CIRCLE('',#5024,0.003);
#3143=CIRCLE('',#5025,0.003);
#3144=CIRCLE('',#5026,0.003);
#3145=CIRCLE('',#5027,0.003);
#3146=CIRCLE('',#5037,0.00254);
#3147=CIRCLE('',#5038,0.00254);
#3148=CIRCLE('',#5043,0.003);
#3149=CIRCLE('',#5044,0.003);
#3150=CIRCLE('',#5046,0.003);
#3151=CIRCLE('',#5047,0.003);
#3152=CIRCLE('',#5049,0.003);
#3153=CIRCLE('',#5050,0.003);
#3154=CIRCLE('',#5052,0.003);
#3155=CIRCLE('',#5053,0.003);
#3156=CIRCLE('',#5057,0.002159);
#3157=CIRCLE('',#5058,0.002159);
#3158=CIRCLE('',#5059,0.002921);
#3159=CIRCLE('',#5060,0.002159);
#3160=CIRCLE('',#5061,0.002159);
#3161=CIRCLE('',#5063,0.002159);
#3162=CIRCLE('',#5064,0.002159);
#3163=CIRCLE('',#5065,0.002159);
#3164=CIRCLE('',#5066,0.002159);
#3165=CIRCLE('',#5072,0.002921);
#3166=CIRCLE('',#5086,0.01016);
#3167=CIRCLE('',#5087,0.01016);
#3168=CIRCLE('',#5090,0.01016);
#3169=CIRCLE('',#5091,0.01016);
#3170=CIRCLE('',#5094,0.010033);
#3171=CIRCLE('',#5096,0.002286);
#3172=CIRCLE('',#5098,0.010033);
#3173=CIRCLE('',#5100,0.002286);
#3174=CIRCLE('',#5104,0.00254);
#3175=CIRCLE('',#5105,0.00254);
#3176=CIRCLE('',#5113,0.003);
#3177=CIRCLE('',#5114,0.003);
#3178=CIRCLE('',#5120,0.003);
#3179=CIRCLE('',#5121,0.003);
#3180=CIRCLE('',#5123,0.003);
#3181=CIRCLE('',#5124,0.003);
#3182=CIRCLE('',#5125,0.003);
#3183=CIRCLE('',#5126,0.003);
#3184=CIRCLE('',#5136,0.00254);
#3185=CIRCLE('',#5137,0.00254);
#3186=CIRCLE('',#5142,0.003);
#3187=CIRCLE('',#5143,0.003);
#3188=CIRCLE('',#5149,0.003);
#3189=CIRCLE('',#5150,0.003);
#3190=CIRCLE('',#5152,0.003);
#3191=CIRCLE('',#5153,0.003);
#3192=CIRCLE('',#5154,0.003);
#3193=CIRCLE('',#5155,0.003);
#3194=CIRCLE('',#5166,0.01016);
#3195=CIRCLE('',#5167,0.01016);
#3196=CIRCLE('',#5170,0.01016);
#3197=CIRCLE('',#5171,0.01016);
#3198=CIRCLE('',#5174,0.010033);
#3199=CIRCLE('',#5175,0.004445);
#3200=CIRCLE('',#5177,0.002286);
#3201=CIRCLE('',#5178,0.004445);
#3202=CIRCLE('',#5181,0.010033);
#3203=CIRCLE('',#5183,0.002286);
#3204=CIRCLE('',#5187,0.00254);
#3205=CIRCLE('',#5188,0.001524);
#3206=CIRCLE('',#5189,0.001524);
#3207=CIRCLE('',#5190,0.00254);
#3208=CIRCLE('',#5191,0.00254);
#3209=CIRCLE('',#5192,0.00254);
#3210=CIRCLE('',#5193,0.00858494342779873);
#3211=CIRCLE('',#5194,0.00858494342779873);
#3212=CIRCLE('',#5196,0.00254);
#3213=CIRCLE('',#5197,0.00254);
#3214=CIRCLE('',#5198,0.001524);
#3215=CIRCLE('',#5199,0.001524);
#3216=CIRCLE('',#5200,0.00858494342779873);
#3217=CIRCLE('',#5201,0.00858494342779873);
#3218=CIRCLE('',#5202,0.0085849434277987);
#3219=CIRCLE('',#5203,0.00858494342779874);
#3220=CIRCLE('',#5204,0.001524);
#3221=CIRCLE('',#5205,0.001524);
#3222=CIRCLE('',#5206,0.00254);
#3223=CIRCLE('',#5207,0.00254);
#3224=CIRCLE('',#5210,0.00858494342779874);
#3225=CIRCLE('',#5213,0.0085849434277987);
#3226=CIRCLE('',#5223,0.001524);
#3227=CIRCLE('',#5225,0.001524);
#3228=CIRCLE('',#5244,0.003);
#3229=CIRCLE('',#5245,0.003);
#3230=CIRCLE('',#5251,0.003);
#3231=CIRCLE('',#5252,0.003);
#3232=CIRCLE('',#5254,0.003);
#3233=CIRCLE('',#5255,0.003);
#3234=CIRCLE('',#5256,0.003);
#3235=CIRCLE('',#5257,0.003);
#3236=CIRCLE('',#5267,0.00254);
#3237=CIRCLE('',#5268,0.00254);
#3238=CIRCLE('',#5273,0.003);
#3239=CIRCLE('',#5274,0.003);
#3240=CIRCLE('',#5275,0.003);
#3241=CIRCLE('',#5276,0.003);
#3242=CIRCLE('',#5277,0.003);
#3243=CIRCLE('',#5278,0.003);
#3244=CIRCLE('',#5279,0.003);
#3245=CIRCLE('',#5280,0.003);
#3246=CIRCLE('',#5281,0.001524);
#3247=CIRCLE('',#5282,0.00858494342779874);
#3248=CIRCLE('',#5283,0.0085849434277987);
#3249=CIRCLE('',#5284,0.00858494342779873);
#3250=CIRCLE('',#5285,0.00858494342779873);
#3251=CIRCLE('',#5286,0.001524);
#3252=CIRCLE('',#5287,0.001524);
#3253=CIRCLE('',#5288,0.001524);
#3254=CIRCLE('',#5289,0.003);
#3255=CIRCLE('',#5290,0.003);
#3256=CIRCLE('',#5291,0.003);
#3257=CIRCLE('',#5292,0.003);
#3258=CIRCLE('',#5293,0.003);
#3259=CIRCLE('',#5294,0.003);
#3260=CIRCLE('',#5295,0.003);
#3261=CIRCLE('',#5296,0.003);
#3262=CIRCLE('',#5298,0.003);
#3263=CIRCLE('',#5299,0.003);
#3264=CIRCLE('',#5300,0.003);
#3265=CIRCLE('',#5301,0.003);
#3266=CIRCLE('',#5302,0.003);
#3267=CIRCLE('',#5303,0.003);
#3268=CIRCLE('',#5304,0.003);
#3269=CIRCLE('',#5305,0.003);
#3270=CIRCLE('',#5306,0.00604494342779873);
#3271=CIRCLE('',#5307,0.00604494342779873);
#3272=CIRCLE('',#5308,0.004064);
#3273=CIRCLE('',#5309,0.00604494342779873);
#3274=CIRCLE('',#5310,0.0060449434277987);
#3275=CIRCLE('',#5311,0.004064);
#3276=CIRCLE('',#5312,0.0060449434277987);
#3277=CIRCLE('',#5313,0.00604494342779873);
#3278=CIRCLE('',#5314,0.004064);
#3279=CIRCLE('',#5315,0.00604494342779873);
#3280=CIRCLE('',#5316,0.00604494342779873);
#3281=CIRCLE('',#5317,0.004064);
#3282=CIRCLE('',#5318,0.003);
#3283=CIRCLE('',#5319,0.003);
#3284=CIRCLE('',#5320,0.003);
#3285=CIRCLE('',#5321,0.003);
#3286=CIRCLE('',#5322,0.003);
#3287=CIRCLE('',#5323,0.003);
#3288=CIRCLE('',#5324,0.003);
#3289=CIRCLE('',#5325,0.003);
#3290=CIRCLE('',#5327,0.00406410002129516);
#3291=CIRCLE('',#5328,0.00406410002129516);
#3292=CIRCLE('',#5330,0.00406410002129516);
#3293=CIRCLE('',#5331,0.00406410002129516);
#3294=CIRCLE('',#5333,0.00406410002129516);
#3295=CIRCLE('',#5334,0.00406410002129516);
#3296=CIRCLE('',#5336,0.00406410002129516);
#3297=CIRCLE('',#5337,0.00406410002129516);
#3298=CIRCLE('',#5339,0.001524);
#3299=CIRCLE('',#5340,0.001524);
#3300=CIRCLE('',#5341,0.001524);
#3301=CIRCLE('',#5342,0.00858494342779873);
#3302=CIRCLE('',#5343,0.00858494342779873);
#3303=CIRCLE('',#5344,0.0085849434277987);
#3304=CIRCLE('',#5345,0.00858494342779874);
#3305=CIRCLE('',#5346,0.001524);
#3306=CIRCLE('',#5347,0.00604494342779873);
#3307=CIRCLE('',#5348,0.004064);
#3308=CIRCLE('',#5349,0.00604494342779873);
#3309=CIRCLE('',#5350,0.0060449434277987);
#3310=CIRCLE('',#5351,0.004064);
#3311=CIRCLE('',#5352,0.0060449434277987);
#3312=CIRCLE('',#5353,0.00604494342779873);
#3313=CIRCLE('',#5354,0.004064);
#3314=CIRCLE('',#5355,0.00604494342779873);
#3315=CIRCLE('',#5356,0.00604494342779873);
#3316=CIRCLE('',#5357,0.004064);
#3317=CIRCLE('',#5358,0.00604494342779873);
#3318=CIRCLE('',#5411,0.00797173318295594);
#3319=CIRCLE('',#5412,0.00797173318295595);
#3320=CIRCLE('',#5413,0.00797173318295595);
#3321=CIRCLE('',#5414,0.00797173318295594);
#3322=CIRCLE('',#5415,0.00595628922202562);
#3323=CIRCLE('',#5416,0.00848881886297319);
#3324=CIRCLE('',#5417,0.00595628922202562);
#3325=CIRCLE('',#5420,0.004953);
#3326=CIRCLE('',#5421,0.00762);
#3327=CIRCLE('',#5422,0.00543173318295594);
#3328=CIRCLE('',#5423,0.00543173318295595);
#3329=CIRCLE('',#5424,0.00543173318295595);
#3330=CIRCLE('',#5425,0.00543173318295594);
#3331=CIRCLE('',#5426,0.004953);
#3332=CIRCLE('',#5428,0.00797173318295594);
#3333=CIRCLE('',#5429,0.00797173318295595);
#3334=CIRCLE('',#5430,0.00797173318295595);
#3335=CIRCLE('',#5431,0.00797173318295594);
#3336=CIRCLE('',#5432,0.00762);
#3337=CIRCLE('',#5433,0.00543173318295594);
#3338=CIRCLE('',#5434,0.00543173318295595);
#3339=CIRCLE('',#5435,0.00543173318295595);
#3340=CIRCLE('',#5436,0.00543173318295594);
#3341=CIRCLE('',#5454,0.004953);
#3342=CIRCLE('',#5456,0.004953);
#3343=CIRCLE('',#5458,0.00762);
#3344=CIRCLE('',#5460,0.00595628922202562);
#3345=CIRCLE('',#5463,0.00848881886297319);
#3346=CIRCLE('',#5466,0.00595628922202562);
#3347=EDGE_LOOP('',(#972));
#3348=EDGE_LOOP('',(#973));
#3349=EDGE_LOOP('',(#974));
#3350=EDGE_LOOP('',(#975,#976,#977,#978));
#3351=EDGE_LOOP('',(#979,#980,#981,#982,#983,#984,#985,#986));
#3352=EDGE_LOOP('',(#987,#988,#989,#990));
#3353=EDGE_LOOP('',(#991,#992,#993,#994));
#3354=EDGE_LOOP('',(#995,#996,#997,#998));
#3355=EDGE_LOOP('',(#999));
#3356=EDGE_LOOP('',(#1000));
#3357=EDGE_LOOP('',(#1001));
#3358=EDGE_LOOP('',(#1002,#1003,#1004,#1005));
#3359=EDGE_LOOP('',(#1006,#1007,#1008,#1009));
#3360=EDGE_LOOP('',(#1010,#1011,#1012,#1013));
#3361=EDGE_LOOP('',(#1014,#1015,#1016,#1017,#1018,#1019,#1020,#1021));
#3362=EDGE_LOOP('',(#1022,#1023,#1024,#1025));
#3363=EDGE_LOOP('',(#1026));
#3364=EDGE_LOOP('',(#1027));
#3365=EDGE_LOOP('',(#1028,#1029,#1030,#1031));
#3366=EDGE_LOOP('',(#1032,#1033,#1034,#1035));
#3367=EDGE_LOOP('',(#1036,#1037,#1038,#1039));
#3368=EDGE_LOOP('',(#1040,#1041,#1042,#1043));
#3369=EDGE_LOOP('',(#1044,#1045,#1046,#1047));
#3370=EDGE_LOOP('',(#1048,#1049,#1050,#1051));
#3371=EDGE_LOOP('',(#1052,#1053,#1054,#1055));
#3372=EDGE_LOOP('',(#1056,#1057,#1058,#1059));
#3373=EDGE_LOOP('',(#1060,#1061,#1062,#1063));
#3374=EDGE_LOOP('',(#1064,#1065,#1066,#1067));
#3375=EDGE_LOOP('',(#1068,#1069,#1070,#1071));
#3376=EDGE_LOOP('',(#1072,#1073,#1074,#1075));
#3377=EDGE_LOOP('',(#1076,#1077,#1078,#1079));
#3378=EDGE_LOOP('',(#1080,#1081,#1082,#1083));
#3379=EDGE_LOOP('',(#1084,#1085,#1086,#1087));
#3380=EDGE_LOOP('',(#1088,#1089,#1090,#1091));
#3381=EDGE_LOOP('',(#1092,#1093,#1094,#1095));
#3382=EDGE_LOOP('',(#1096,#1097,#1098,#1099));
#3383=EDGE_LOOP('',(#1100,#1101,#1102,#1103));
#3384=EDGE_LOOP('',(#1104,#1105,#1106,#1107));
#3385=EDGE_LOOP('',(#1108,#1109,#1110,#1111));
#3386=EDGE_LOOP('',(#1112,#1113,#1114,#1115));
#3387=EDGE_LOOP('',(#1116,#1117,#1118,#1119));
#3388=EDGE_LOOP('',(#1120,#1121,#1122,#1123));
#3389=EDGE_LOOP('',(#1124));
#3390=EDGE_LOOP('',(#1125));
#3391=EDGE_LOOP('',(#1126));
#3392=EDGE_LOOP('',(#1127));
#3393=EDGE_LOOP('',(#1128));
#3394=EDGE_LOOP('',(#1129));
#3395=EDGE_LOOP('',(#1130));
#3396=EDGE_LOOP('',(#1131));
#3397=EDGE_LOOP('',(#1132));
#3398=EDGE_LOOP('',(#1133));
#3399=EDGE_LOOP('',(#1134,#1135,#1136,#1137));
#3400=EDGE_LOOP('',(#1138,#1139,#1140,#1141,#1142,#1143,#1144,#1145));
#3401=EDGE_LOOP('',(#1146,#1147,#1148,#1149,#1150,#1151,#1152,#1153));
#3402=EDGE_LOOP('',(#1154,#1155,#1156,#1157));
#3403=EDGE_LOOP('',(#1158,#1159,#1160,#1161));
#3404=EDGE_LOOP('',(#1162));
#3405=EDGE_LOOP('',(#1163));
#3406=EDGE_LOOP('',(#1164,#1165,#1166,#1167));
#3407=EDGE_LOOP('',(#1168));
#3408=EDGE_LOOP('',(#1169));
#3409=EDGE_LOOP('',(#1170));
#3410=EDGE_LOOP('',(#1171));
#3411=EDGE_LOOP('',(#1172,#1173,#1174,#1175));
#3412=EDGE_LOOP('',(#1176,#1177,#1178,#1179));
#3413=EDGE_LOOP('',(#1180,#1181,#1182,#1183));
#3414=EDGE_LOOP('',(#1184,#1185,#1186,#1187));
#3415=EDGE_LOOP('',(#1188));
#3416=EDGE_LOOP('',(#1189));
#3417=EDGE_LOOP('',(#1190));
#3418=EDGE_LOOP('',(#1191));
#3419=EDGE_LOOP('',(#1192));
#3420=EDGE_LOOP('',(#1193));
#3421=EDGE_LOOP('',(#1194));
#3422=EDGE_LOOP('',(#1195));
#3423=EDGE_LOOP('',(#1196));
#3424=EDGE_LOOP('',(#1197));
#3425=EDGE_LOOP('',(#1198));
#3426=EDGE_LOOP('',(#1199));
#3427=EDGE_LOOP('',(#1200));
#3428=EDGE_LOOP('',(#1201,#1202,#1203,#1204));
#3429=EDGE_LOOP('',(#1205));
#3430=EDGE_LOOP('',(#1206,#1207,#1208,#1209));
#3431=EDGE_LOOP('',(#1210));
#3432=EDGE_LOOP('',(#1211));
#3433=EDGE_LOOP('',(#1212));
#3434=EDGE_LOOP('',(#1213,#1214,#1215,#1216));
#3435=EDGE_LOOP('',(#1217));
#3436=EDGE_LOOP('',(#1218,#1219,#1220,#1221));
#3437=EDGE_LOOP('',(#1222));
#3438=EDGE_LOOP('',(#1223));
#3439=EDGE_LOOP('',(#1224,#1225,#1226,#1227));
#3440=EDGE_LOOP('',(#1228,#1229,#1230,#1231));
#3441=EDGE_LOOP('',(#1232));
#3442=EDGE_LOOP('',(#1233));
#3443=EDGE_LOOP('',(#1234));
#3444=EDGE_LOOP('',(#1235,#1236,#1237,#1238));
#3445=EDGE_LOOP('',(#1239));
#3446=EDGE_LOOP('',(#1240));
#3447=EDGE_LOOP('',(#1241));
#3448=EDGE_LOOP('',(#1242));
#3449=EDGE_LOOP('',(#1243));
#3450=EDGE_LOOP('',(#1244,#1245,#1246,#1247));
#3451=EDGE_LOOP('',(#1248));
#3452=EDGE_LOOP('',(#1249,#1250,#1251,#1252,#1253,#1254,#1255,#1256,#1257,
#1258,#1259,#1260));
#3453=EDGE_LOOP('',(#1261,#1262,#1263,#1264));
#3454=EDGE_LOOP('',(#1265,#1266,#1267,#1268,#1269,#1270,#1271,#1272,#1273,
#1274,#1275,#1276));
#3455=EDGE_LOOP('',(#1277,#1278,#1279,#1280));
#3456=EDGE_LOOP('',(#1281));
#3457=EDGE_LOOP('',(#1282));
#3458=EDGE_LOOP('',(#1283));
#3459=EDGE_LOOP('',(#1284));
#3460=EDGE_LOOP('',(#1285));
#3461=EDGE_LOOP('',(#1286));
#3462=EDGE_LOOP('',(#1287));
#3463=EDGE_LOOP('',(#1288));
#3464=EDGE_LOOP('',(#1289));
#3465=EDGE_LOOP('',(#1290));
#3466=EDGE_LOOP('',(#1291));
#3467=EDGE_LOOP('',(#1292,#1293,#1294,#1295));
#3468=EDGE_LOOP('',(#1296,#1297,#1298,#1299));
#3469=EDGE_LOOP('',(#1300));
#3470=EDGE_LOOP('',(#1301));
#3471=EDGE_LOOP('',(#1302));
#3472=EDGE_LOOP('',(#1303));
#3473=EDGE_LOOP('',(#1304));
#3474=EDGE_LOOP('',(#1305));
#3475=EDGE_LOOP('',(#1306));
#3476=EDGE_LOOP('',(#1307));
#3477=EDGE_LOOP('',(#1308,#1309,#1310,#1311));
#3478=EDGE_LOOP('',(#1312,#1313,#1314,#1315));
#3479=EDGE_LOOP('',(#1316,#1317,#1318,#1319));
#3480=EDGE_LOOP('',(#1320,#1321,#1322,#1323));
#3481=EDGE_LOOP('',(#1324));
#3482=EDGE_LOOP('',(#1325,#1326,#1327,#1328));
#3483=EDGE_LOOP('',(#1329));
#3484=EDGE_LOOP('',(#1330,#1331,#1332,#1333));
#3485=EDGE_LOOP('',(#1334));
#3486=EDGE_LOOP('',(#1335));
#3487=EDGE_LOOP('',(#1336));
#3488=EDGE_LOOP('',(#1337));
#3489=EDGE_LOOP('',(#1338));
#3490=EDGE_LOOP('',(#1339));
#3491=EDGE_LOOP('',(#1340));
#3492=EDGE_LOOP('',(#1341));
#3493=EDGE_LOOP('',(#1342));
#3494=EDGE_LOOP('',(#1343));
#3495=EDGE_LOOP('',(#1344));
#3496=EDGE_LOOP('',(#1345));
#3497=EDGE_LOOP('',(#1346,#1347,#1348,#1349));
#3498=EDGE_LOOP('',(#1350,#1351,#1352,#1353,#1354,#1355,#1356,#1357));
#3499=EDGE_LOOP('',(#1358,#1359,#1360,#1361));
#3500=EDGE_LOOP('',(#1362,#1363,#1364,#1365));
#3501=EDGE_LOOP('',(#1366,#1367,#1368,#1369,#1370,#1371,#1372,#1373));
#3502=EDGE_LOOP('',(#1374));
#3503=EDGE_LOOP('',(#1375));
#3504=EDGE_LOOP('',(#1376,#1377,#1378,#1379));
#3505=EDGE_LOOP('',(#1380));
#3506=EDGE_LOOP('',(#1381));
#3507=EDGE_LOOP('',(#1382));
#3508=EDGE_LOOP('',(#1383));
#3509=EDGE_LOOP('',(#1384,#1385,#1386,#1387));
#3510=EDGE_LOOP('',(#1388,#1389,#1390,#1391));
#3511=EDGE_LOOP('',(#1392,#1393,#1394,#1395));
#3512=EDGE_LOOP('',(#1396,#1397,#1398,#1399));
#3513=EDGE_LOOP('',(#1400));
#3514=EDGE_LOOP('',(#1401));
#3515=EDGE_LOOP('',(#1402));
#3516=EDGE_LOOP('',(#1403));
#3517=EDGE_LOOP('',(#1404));
#3518=EDGE_LOOP('',(#1405));
#3519=EDGE_LOOP('',(#1406));
#3520=EDGE_LOOP('',(#1407));
#3521=EDGE_LOOP('',(#1408));
#3522=EDGE_LOOP('',(#1409));
#3523=EDGE_LOOP('',(#1410));
#3524=EDGE_LOOP('',(#1411));
#3525=EDGE_LOOP('',(#1412));
#3526=EDGE_LOOP('',(#1413));
#3527=EDGE_LOOP('',(#1414,#1415,#1416,#1417));
#3528=EDGE_LOOP('',(#1418,#1419,#1420,#1421,#1422,#1423,#1424,#1425));
#3529=EDGE_LOOP('',(#1426,#1427,#1428,#1429));
#3530=EDGE_LOOP('',(#1430,#1431,#1432,#1433));
#3531=EDGE_LOOP('',(#1434,#1435,#1436,#1437,#1438,#1439,#1440,#1441));
#3532=EDGE_LOOP('',(#1442));
#3533=EDGE_LOOP('',(#1443));
#3534=EDGE_LOOP('',(#1444,#1445,#1446,#1447));
#3535=EDGE_LOOP('',(#1448));
#3536=EDGE_LOOP('',(#1449));
#3537=EDGE_LOOP('',(#1450));
#3538=EDGE_LOOP('',(#1451));
#3539=EDGE_LOOP('',(#1452,#1453,#1454,#1455));
#3540=EDGE_LOOP('',(#1456,#1457,#1458,#1459));
#3541=EDGE_LOOP('',(#1460,#1461,#1462,#1463));
#3542=EDGE_LOOP('',(#1464,#1465,#1466,#1467));
#3543=EDGE_LOOP('',(#1468));
#3544=EDGE_LOOP('',(#1469));
#3545=EDGE_LOOP('',(#1470));
#3546=EDGE_LOOP('',(#1471));
#3547=EDGE_LOOP('',(#1472));
#3548=EDGE_LOOP('',(#1473));
#3549=EDGE_LOOP('',(#1474));
#3550=EDGE_LOOP('',(#1475));
#3551=EDGE_LOOP('',(#1476,#1477,#1478,#1479));
#3552=EDGE_LOOP('',(#1480,#1481,#1482,#1483));
#3553=EDGE_LOOP('',(#1484,#1485,#1486,#1487));
#3554=EDGE_LOOP('',(#1488,#1489,#1490,#1491));
#3555=EDGE_LOOP('',(#1492));
#3556=EDGE_LOOP('',(#1493));
#3557=EDGE_LOOP('',(#1494,#1495,#1496,#1497));
#3558=EDGE_LOOP('',(#1498));
#3559=EDGE_LOOP('',(#1499));
#3560=EDGE_LOOP('',(#1500,#1501,#1502,#1503));
#3561=EDGE_LOOP('',(#1504));
#3562=EDGE_LOOP('',(#1505));
#3563=EDGE_LOOP('',(#1506));
#3564=EDGE_LOOP('',(#1507));
#3565=EDGE_LOOP('',(#1508));
#3566=EDGE_LOOP('',(#1509));
#3567=EDGE_LOOP('',(#1510));
#3568=EDGE_LOOP('',(#1511));
#3569=EDGE_LOOP('',(#1512));
#3570=EDGE_LOOP('',(#1513));
#3571=EDGE_LOOP('',(#1514,#1515,#1516,#1517));
#3572=EDGE_LOOP('',(#1518));
#3573=EDGE_LOOP('',(#1519));
#3574=EDGE_LOOP('',(#1520));
#3575=EDGE_LOOP('',(#1521));
#3576=EDGE_LOOP('',(#1522,#1523,#1524,#1525,#1526,#1527,#1528,#1529));
#3577=EDGE_LOOP('',(#1530,#1531,#1532,#1533));
#3578=EDGE_LOOP('',(#1534));
#3579=EDGE_LOOP('',(#1535));
#3580=EDGE_LOOP('',(#1536));
#3581=EDGE_LOOP('',(#1537));
#3582=EDGE_LOOP('',(#1538,#1539,#1540,#1541));
#3583=EDGE_LOOP('',(#1542,#1543,#1544,#1545,#1546,#1547,#1548,#1549));
#3584=EDGE_LOOP('',(#1550));
#3585=EDGE_LOOP('',(#1551));
#3586=EDGE_LOOP('',(#1552));
#3587=EDGE_LOOP('',(#1553));
#3588=EDGE_LOOP('',(#1554,#1555,#1556,#1557));
#3589=EDGE_LOOP('',(#1558,#1559,#1560,#1561));
#3590=EDGE_LOOP('',(#1562,#1563,#1564,#1565,#1566,#1567));
#3591=EDGE_LOOP('',(#1568,#1569,#1570,#1571));
#3592=EDGE_LOOP('',(#1572,#1573,#1574,#1575,#1576,#1577));
#3593=EDGE_LOOP('',(#1578,#1579,#1580,#1581));
#3594=EDGE_LOOP('',(#1582,#1583,#1584,#1585));
#3595=EDGE_LOOP('',(#1586,#1587,#1588,#1589));
#3596=EDGE_LOOP('',(#1590,#1591,#1592,#1593));
#3597=EDGE_LOOP('',(#1594,#1595,#1596,#1597));
#3598=EDGE_LOOP('',(#1598,#1599,#1600,#1601));
#3599=EDGE_LOOP('',(#1602,#1603,#1604,#1605));
#3600=EDGE_LOOP('',(#1606,#1607,#1608,#1609));
#3601=EDGE_LOOP('',(#1610));
#3602=EDGE_LOOP('',(#1611));
#3603=EDGE_LOOP('',(#1612));
#3604=EDGE_LOOP('',(#1613));
#3605=EDGE_LOOP('',(#1614));
#3606=EDGE_LOOP('',(#1615));
#3607=EDGE_LOOP('',(#1616));
#3608=EDGE_LOOP('',(#1617));
#3609=EDGE_LOOP('',(#1618));
#3610=EDGE_LOOP('',(#1619));
#3611=EDGE_LOOP('',(#1620));
#3612=EDGE_LOOP('',(#1621));
#3613=EDGE_LOOP('',(#1622));
#3614=EDGE_LOOP('',(#1623));
#3615=EDGE_LOOP('',(#1624));
#3616=EDGE_LOOP('',(#1625));
#3617=EDGE_LOOP('',(#1626,#1627,#1628,#1629));
#3618=EDGE_LOOP('',(#1630));
#3619=EDGE_LOOP('',(#1631,#1632));
#3620=EDGE_LOOP('',(#1633,#1634,#1635,#1636));
#3621=EDGE_LOOP('',(#1637,#1638));
#3622=EDGE_LOOP('',(#1639));
#3623=EDGE_LOOP('',(#1640,#1641,#1642,#1643));
#3624=EDGE_LOOP('',(#1644,#1645,#1646,#1647));
#3625=EDGE_LOOP('',(#1648,#1649,#1650,#1651));
#3626=EDGE_LOOP('',(#1652,#1653,#1654,#1655));
#3627=EDGE_LOOP('',(#1656));
#3628=EDGE_LOOP('',(#1657));
#3629=EDGE_LOOP('',(#1658,#1659,#1660,#1661));
#3630=EDGE_LOOP('',(#1662,#1663,#1664,#1665,#1666,#1667,#1668,#1669));
#3631=EDGE_LOOP('',(#1670,#1671,#1672,#1673,#1674,#1675,#1676,#1677));
#3632=EDGE_LOOP('',(#1678,#1679,#1680,#1681));
#3633=EDGE_LOOP('',(#1682,#1683,#1684,#1685));
#3634=EDGE_LOOP('',(#1686));
#3635=EDGE_LOOP('',(#1687));
#3636=EDGE_LOOP('',(#1688,#1689,#1690,#1691));
#3637=EDGE_LOOP('',(#1692));
#3638=EDGE_LOOP('',(#1693));
#3639=EDGE_LOOP('',(#1694));
#3640=EDGE_LOOP('',(#1695));
#3641=EDGE_LOOP('',(#1696,#1697,#1698,#1699));
#3642=EDGE_LOOP('',(#1700,#1701,#1702,#1703));
#3643=EDGE_LOOP('',(#1704,#1705,#1706,#1707));
#3644=EDGE_LOOP('',(#1708,#1709,#1710,#1711));
#3645=EDGE_LOOP('',(#1712));
#3646=EDGE_LOOP('',(#1713));
#3647=EDGE_LOOP('',(#1714));
#3648=EDGE_LOOP('',(#1715));
#3649=EDGE_LOOP('',(#1716));
#3650=EDGE_LOOP('',(#1717));
#3651=EDGE_LOOP('',(#1718));
#3652=EDGE_LOOP('',(#1719));
#3653=EDGE_LOOP('',(#1720));
#3654=EDGE_LOOP('',(#1721));
#3655=EDGE_LOOP('',(#1722));
#3656=EDGE_LOOP('',(#1723));
#3657=EDGE_LOOP('',(#1724));
#3658=EDGE_LOOP('',(#1725));
#3659=EDGE_LOOP('',(#1726));
#3660=EDGE_LOOP('',(#1727));
#3661=EDGE_LOOP('',(#1728));
#3662=EDGE_LOOP('',(#1729));
#3663=EDGE_LOOP('',(#1730));
#3664=EDGE_LOOP('',(#1731));
#3665=EDGE_LOOP('',(#1732));
#3666=EDGE_LOOP('',(#1733,#1734,#1735,#1736,#1737,#1738,#1739,#1740));
#3667=EDGE_LOOP('',(#1741));
#3668=EDGE_LOOP('',(#1742));
#3669=EDGE_LOOP('',(#1743));
#3670=EDGE_LOOP('',(#1744,#1745,#1746,#1747));
#3671=EDGE_LOOP('',(#1748));
#3672=EDGE_LOOP('',(#1749));
#3673=EDGE_LOOP('',(#1750));
#3674=EDGE_LOOP('',(#1751));
#3675=EDGE_LOOP('',(#1752));
#3676=EDGE_LOOP('',(#1753));
#3677=EDGE_LOOP('',(#1754));
#3678=EDGE_LOOP('',(#1755));
#3679=EDGE_LOOP('',(#1756));
#3680=EDGE_LOOP('',(#1757));
#3681=EDGE_LOOP('',(#1758));
#3682=EDGE_LOOP('',(#1759));
#3683=EDGE_LOOP('',(#1760));
#3684=EDGE_LOOP('',(#1761));
#3685=EDGE_LOOP('',(#1762));
#3686=EDGE_LOOP('',(#1763));
#3687=EDGE_LOOP('',(#1764,#1765,#1766,#1767,#1768,#1769,#1770,#1771,#1772,
#1773,#1774,#1775,#1776,#1777,#1778,#1779));
#3688=EDGE_LOOP('',(#1780,#1781,#1782,#1783));
#3689=EDGE_LOOP('',(#1784));
#3690=EDGE_LOOP('',(#1785));
#3691=EDGE_LOOP('',(#1786));
#3692=EDGE_LOOP('',(#1787));
#3693=EDGE_LOOP('',(#1788));
#3694=EDGE_LOOP('',(#1789));
#3695=EDGE_LOOP('',(#1790));
#3696=EDGE_LOOP('',(#1791));
#3697=EDGE_LOOP('',(#1792));
#3698=EDGE_LOOP('',(#1793));
#3699=EDGE_LOOP('',(#1794,#1795,#1796,#1797));
#3700=EDGE_LOOP('',(#1798,#1799,#1800,#1801));
#3701=EDGE_LOOP('',(#1802));
#3702=EDGE_LOOP('',(#1803));
#3703=EDGE_LOOP('',(#1804,#1805,#1806,#1807));
#3704=EDGE_LOOP('',(#1808));
#3705=EDGE_LOOP('',(#1809));
#3706=EDGE_LOOP('',(#1810));
#3707=EDGE_LOOP('',(#1811,#1812,#1813,#1814));
#3708=EDGE_LOOP('',(#1815));
#3709=EDGE_LOOP('',(#1816));
#3710=EDGE_LOOP('',(#1817));
#3711=EDGE_LOOP('',(#1818));
#3712=EDGE_LOOP('',(#1819,#1820,#1821,#1822,#1823,#1824,#1825,#1826));
#3713=EDGE_LOOP('',(#1827));
#3714=EDGE_LOOP('',(#1828,#1829,#1830,#1831,#1832,#1833,#1834,#1835,#1836,
#1837,#1838,#1839,#1840,#1841,#1842,#1843));
#3715=EDGE_LOOP('',(#1844,#1845,#1846,#1847));
#3716=EDGE_LOOP('',(#1848,#1849,#1850,#1851));
#3717=EDGE_LOOP('',(#1852,#1853,#1854,#1855));
#3718=EDGE_LOOP('',(#1856,#1857,#1858,#1859));
#3719=EDGE_LOOP('',(#1860,#1861,#1862,#1863));
#3720=EDGE_LOOP('',(#1864));
#3721=EDGE_LOOP('',(#1865));
#3722=EDGE_LOOP('',(#1866));
#3723=EDGE_LOOP('',(#1867));
#3724=EDGE_LOOP('',(#1868,#1869,#1870,#1871));
#3725=EDGE_LOOP('',(#1872));
#3726=EDGE_LOOP('',(#1873));
#3727=EDGE_LOOP('',(#1874));
#3728=EDGE_LOOP('',(#1875));
#3729=EDGE_LOOP('',(#1876,#1877,#1878,#1879));
#3730=EDGE_LOOP('',(#1880,#1881,#1882,#1883));
#3731=EDGE_LOOP('',(#1884,#1885,#1886,#1887));
#3732=EDGE_LOOP('',(#1888,#1889,#1890,#1891));
#3733=EDGE_LOOP('',(#1892,#1893,#1894,#1895));
#3734=EDGE_LOOP('',(#1896,#1897,#1898,#1899));
#3735=EDGE_LOOP('',(#1900,#1901,#1902,#1903));
#3736=EDGE_LOOP('',(#1904,#1905,#1906,#1907));
#3737=EDGE_LOOP('',(#1908,#1909,#1910,#1911));
#3738=EDGE_LOOP('',(#1912,#1913,#1914,#1915));
#3739=EDGE_LOOP('',(#1916,#1917,#1918,#1919));
#3740=EDGE_LOOP('',(#1920,#1921,#1922,#1923));
#3741=EDGE_LOOP('',(#1924,#1925,#1926,#1927));
#3742=EDGE_LOOP('',(#1928,#1929,#1930,#1931));
#3743=EDGE_LOOP('',(#1932,#1933,#1934,#1935));
#3744=EDGE_LOOP('',(#1936,#1937,#1938,#1939));
#3745=EDGE_LOOP('',(#1940,#1941,#1942,#1943));
#3746=EDGE_LOOP('',(#1944,#1945,#1946,#1947));
#3747=EDGE_LOOP('',(#1948));
#3748=EDGE_LOOP('',(#1949));
#3749=EDGE_LOOP('',(#1950));
#3750=EDGE_LOOP('',(#1951));
#3751=EDGE_LOOP('',(#1952));
#3752=EDGE_LOOP('',(#1953));
#3753=EDGE_LOOP('',(#1954));
#3754=EDGE_LOOP('',(#1955));
#3755=EDGE_LOOP('',(#1956));
#3756=EDGE_LOOP('',(#1957));
#3757=EDGE_LOOP('',(#1958));
#3758=EDGE_LOOP('',(#1959));
#3759=EDGE_LOOP('',(#1960));
#3760=EDGE_LOOP('',(#1961));
#3761=EDGE_LOOP('',(#1962));
#3762=EDGE_LOOP('',(#1963));
#3763=EDGE_LOOP('',(#1964));
#3764=EDGE_LOOP('',(#1965));
#3765=EDGE_LOOP('',(#1966));
#3766=EDGE_LOOP('',(#1967));
#3767=EDGE_LOOP('',(#1968));
#3768=EDGE_LOOP('',(#1969));
#3769=EDGE_LOOP('',(#1970));
#3770=EDGE_LOOP('',(#1971));
#3771=EDGE_LOOP('',(#1972));
#3772=EDGE_LOOP('',(#1973));
#3773=EDGE_LOOP('',(#1974));
#3774=EDGE_LOOP('',(#1975));
#3775=EDGE_LOOP('',(#1976));
#3776=EDGE_LOOP('',(#1977));
#3777=EDGE_LOOP('',(#1978));
#3778=EDGE_LOOP('',(#1979));
#3779=EDGE_LOOP('',(#1980));
#3780=EDGE_LOOP('',(#1981));
#3781=EDGE_LOOP('',(#1982));
#3782=EDGE_LOOP('',(#1983));
#3783=EDGE_LOOP('',(#1984));
#3784=EDGE_LOOP('',(#1985));
#3785=EDGE_LOOP('',(#1986));
#3786=EDGE_LOOP('',(#1987));
#3787=EDGE_LOOP('',(#1988,#1989,#1990,#1991,#1992,#1993,#1994,#1995));
#3788=EDGE_LOOP('',(#1996));
#3789=EDGE_LOOP('',(#1997));
#3790=EDGE_LOOP('',(#1998));
#3791=EDGE_LOOP('',(#1999,#2000,#2001,#2002));
#3792=EDGE_LOOP('',(#2003));
#3793=EDGE_LOOP('',(#2004,#2005,#2006,#2007,#2008,#2009,#2010,#2011,#2012,
#2013));
#3794=EDGE_LOOP('',(#2014));
#3795=EDGE_LOOP('',(#2015,#2016,#2017,#2018,#2019,#2020,#2021,#2022));
#3796=EDGE_LOOP('',(#2023,#2024,#2025,#2026,#2027,#2028,#2029,#2030,#2031,
#2032));
#3797=EDGE_LOOP('',(#2033,#2034,#2035,#2036));
#3798=EDGE_LOOP('',(#2037,#2038,#2039,#2040));
#3799=EDGE_LOOP('',(#2041,#2042,#2043,#2044));
#3800=EDGE_LOOP('',(#2045,#2046,#2047,#2048));
#3801=EDGE_LOOP('',(#2049,#2050,#2051,#2052));
#3802=EDGE_LOOP('',(#2053,#2054,#2055,#2056));
#3803=EDGE_LOOP('',(#2057,#2058,#2059,#2060));
#3804=EDGE_LOOP('',(#2061,#2062,#2063,#2064));
#3805=EDGE_LOOP('',(#2065,#2066,#2067,#2068));
#3806=EDGE_LOOP('',(#2069,#2070,#2071,#2072));
#3807=EDGE_LOOP('',(#2073,#2074,#2075,#2076));
#3808=EDGE_LOOP('',(#2077,#2078,#2079,#2080));
#3809=EDGE_LOOP('',(#2081,#2082,#2083,#2084));
#3810=EDGE_LOOP('',(#2085,#2086,#2087,#2088));
#3811=EDGE_LOOP('',(#2089,#2090,#2091,#2092));
#3812=EDGE_LOOP('',(#2093,#2094,#2095,#2096));
#3813=EDGE_LOOP('',(#2097));
#3814=EDGE_LOOP('',(#2098));
#3815=EDGE_LOOP('',(#2099));
#3816=EDGE_LOOP('',(#2100));
#3817=EDGE_LOOP('',(#2101,#2102,#2103,#2104));
#3818=EDGE_LOOP('',(#2105));
#3819=EDGE_LOOP('',(#2106));
#3820=EDGE_LOOP('',(#2107));
#3821=EDGE_LOOP('',(#2108));
#3822=EDGE_LOOP('',(#2109));
#3823=EDGE_LOOP('',(#2110));
#3824=EDGE_LOOP('',(#2111));
#3825=EDGE_LOOP('',(#2112));
#3826=EDGE_LOOP('',(#2113));
#3827=EDGE_LOOP('',(#2114));
#3828=EDGE_LOOP('',(#2115));
#3829=EDGE_LOOP('',(#2116));
#3830=EDGE_LOOP('',(#2117));
#3831=FACE_BOUND('',#3347,.T.);
#3832=FACE_BOUND('',#3348,.T.);
#3833=FACE_BOUND('',#3349,.T.);
#3834=FACE_BOUND('',#3350,.T.);
#3835=FACE_BOUND('',#3351,.T.);
#3836=FACE_BOUND('',#3352,.T.);
#3837=FACE_BOUND('',#3353,.T.);
#3838=FACE_BOUND('',#3354,.T.);
#3839=FACE_BOUND('',#3355,.T.);
#3840=FACE_BOUND('',#3356,.T.);
#3841=FACE_BOUND('',#3357,.T.);
#3842=FACE_BOUND('',#3358,.T.);
#3843=FACE_BOUND('',#3359,.T.);
#3844=FACE_BOUND('',#3360,.T.);
#3845=FACE_BOUND('',#3361,.T.);
#3846=FACE_BOUND('',#3362,.T.);
#3847=FACE_BOUND('',#3363,.T.);
#3848=FACE_BOUND('',#3364,.T.);
#3849=FACE_BOUND('',#3365,.T.);
#3850=FACE_BOUND('',#3366,.T.);
#3851=FACE_BOUND('',#3367,.T.);
#3852=FACE_BOUND('',#3368,.T.);
#3853=FACE_BOUND('',#3369,.T.);
#3854=FACE_BOUND('',#3370,.T.);
#3855=FACE_BOUND('',#3371,.T.);
#3856=FACE_BOUND('',#3372,.T.);
#3857=FACE_BOUND('',#3373,.T.);
#3858=FACE_BOUND('',#3374,.T.);
#3859=FACE_BOUND('',#3375,.T.);
#3860=FACE_BOUND('',#3376,.T.);
#3861=FACE_BOUND('',#3377,.T.);
#3862=FACE_BOUND('',#3378,.T.);
#3863=FACE_BOUND('',#3379,.T.);
#3864=FACE_BOUND('',#3380,.T.);
#3865=FACE_BOUND('',#3381,.T.);
#3866=FACE_BOUND('',#3382,.T.);
#3867=FACE_BOUND('',#3383,.T.);
#3868=FACE_BOUND('',#3384,.T.);
#3869=FACE_BOUND('',#3385,.T.);
#3870=FACE_BOUND('',#3386,.T.);
#3871=FACE_BOUND('',#3387,.T.);
#3872=FACE_BOUND('',#3388,.T.);
#3873=FACE_BOUND('',#3389,.T.);
#3874=FACE_BOUND('',#3390,.T.);
#3875=FACE_BOUND('',#3391,.T.);
#3876=FACE_BOUND('',#3392,.T.);
#3877=FACE_BOUND('',#3393,.T.);
#3878=FACE_BOUND('',#3394,.T.);
#3879=FACE_BOUND('',#3395,.T.);
#3880=FACE_BOUND('',#3396,.T.);
#3881=FACE_BOUND('',#3397,.T.);
#3882=FACE_BOUND('',#3398,.T.);
#3883=FACE_BOUND('',#3399,.T.);
#3884=FACE_BOUND('',#3400,.T.);
#3885=FACE_BOUND('',#3401,.T.);
#3886=FACE_BOUND('',#3402,.T.);
#3887=FACE_BOUND('',#3403,.T.);
#3888=FACE_BOUND('',#3404,.T.);
#3889=FACE_BOUND('',#3405,.T.);
#3890=FACE_BOUND('',#3406,.T.);
#3891=FACE_BOUND('',#3407,.T.);
#3892=FACE_BOUND('',#3408,.T.);
#3893=FACE_BOUND('',#3409,.T.);
#3894=FACE_BOUND('',#3410,.T.);
#3895=FACE_BOUND('',#3411,.T.);
#3896=FACE_BOUND('',#3412,.T.);
#3897=FACE_BOUND('',#3413,.T.);
#3898=FACE_BOUND('',#3414,.T.);
#3899=FACE_BOUND('',#3415,.T.);
#3900=FACE_BOUND('',#3416,.T.);
#3901=FACE_BOUND('',#3417,.T.);
#3902=FACE_BOUND('',#3418,.T.);
#3903=FACE_BOUND('',#3419,.T.);
#3904=FACE_BOUND('',#3420,.T.);
#3905=FACE_BOUND('',#3421,.T.);
#3906=FACE_BOUND('',#3422,.T.);
#3907=FACE_BOUND('',#3423,.T.);
#3908=FACE_BOUND('',#3424,.T.);
#3909=FACE_BOUND('',#3425,.T.);
#3910=FACE_BOUND('',#3426,.T.);
#3911=FACE_BOUND('',#3427,.T.);
#3912=FACE_BOUND('',#3428,.T.);
#3913=FACE_BOUND('',#3429,.T.);
#3914=FACE_BOUND('',#3430,.T.);
#3915=FACE_BOUND('',#3431,.T.);
#3916=FACE_BOUND('',#3432,.T.);
#3917=FACE_BOUND('',#3433,.T.);
#3918=FACE_BOUND('',#3434,.T.);
#3919=FACE_BOUND('',#3435,.T.);
#3920=FACE_BOUND('',#3436,.T.);
#3921=FACE_BOUND('',#3437,.T.);
#3922=FACE_BOUND('',#3438,.T.);
#3923=FACE_BOUND('',#3439,.T.);
#3924=FACE_BOUND('',#3440,.T.);
#3925=FACE_BOUND('',#3441,.T.);
#3926=FACE_BOUND('',#3442,.T.);
#3927=FACE_BOUND('',#3443,.T.);
#3928=FACE_BOUND('',#3444,.T.);
#3929=FACE_BOUND('',#3445,.T.);
#3930=FACE_BOUND('',#3446,.T.);
#3931=FACE_BOUND('',#3447,.T.);
#3932=FACE_BOUND('',#3448,.T.);
#3933=FACE_BOUND('',#3449,.T.);
#3934=FACE_BOUND('',#3450,.T.);
#3935=FACE_BOUND('',#3451,.T.);
#3936=FACE_BOUND('',#3452,.T.);
#3937=FACE_BOUND('',#3453,.T.);
#3938=FACE_BOUND('',#3454,.T.);
#3939=FACE_BOUND('',#3455,.T.);
#3940=FACE_BOUND('',#3456,.T.);
#3941=FACE_BOUND('',#3457,.T.);
#3942=FACE_BOUND('',#3458,.T.);
#3943=FACE_BOUND('',#3459,.T.);
#3944=FACE_BOUND('',#3460,.T.);
#3945=FACE_BOUND('',#3461,.T.);
#3946=FACE_BOUND('',#3462,.T.);
#3947=FACE_BOUND('',#3463,.T.);
#3948=FACE_BOUND('',#3464,.T.);
#3949=FACE_BOUND('',#3465,.T.);
#3950=FACE_BOUND('',#3466,.T.);
#3951=FACE_BOUND('',#3467,.T.);
#3952=FACE_BOUND('',#3468,.T.);
#3953=FACE_BOUND('',#3469,.T.);
#3954=FACE_BOUND('',#3470,.T.);
#3955=FACE_BOUND('',#3471,.T.);
#3956=FACE_BOUND('',#3472,.T.);
#3957=FACE_BOUND('',#3473,.T.);
#3958=FACE_BOUND('',#3474,.T.);
#3959=FACE_BOUND('',#3475,.T.);
#3960=FACE_BOUND('',#3476,.T.);
#3961=FACE_BOUND('',#3477,.T.);
#3962=FACE_BOUND('',#3478,.T.);
#3963=FACE_BOUND('',#3479,.T.);
#3964=FACE_BOUND('',#3480,.T.);
#3965=FACE_BOUND('',#3481,.T.);
#3966=FACE_BOUND('',#3482,.T.);
#3967=FACE_BOUND('',#3483,.T.);
#3968=FACE_BOUND('',#3484,.T.);
#3969=FACE_BOUND('',#3485,.T.);
#3970=FACE_BOUND('',#3486,.T.);
#3971=FACE_BOUND('',#3487,.T.);
#3972=FACE_BOUND('',#3488,.T.);
#3973=FACE_BOUND('',#3489,.T.);
#3974=FACE_BOUND('',#3490,.T.);
#3975=FACE_BOUND('',#3491,.T.);
#3976=FACE_BOUND('',#3492,.T.);
#3977=FACE_BOUND('',#3493,.T.);
#3978=FACE_BOUND('',#3494,.T.);
#3979=FACE_BOUND('',#3495,.T.);
#3980=FACE_BOUND('',#3496,.T.);
#3981=FACE_BOUND('',#3497,.T.);
#3982=FACE_BOUND('',#3498,.T.);
#3983=FACE_BOUND('',#3499,.T.);
#3984=FACE_BOUND('',#3500,.T.);
#3985=FACE_BOUND('',#3501,.T.);
#3986=FACE_BOUND('',#3502,.T.);
#3987=FACE_BOUND('',#3503,.T.);
#3988=FACE_BOUND('',#3504,.T.);
#3989=FACE_BOUND('',#3505,.T.);
#3990=FACE_BOUND('',#3506,.T.);
#3991=FACE_BOUND('',#3507,.T.);
#3992=FACE_BOUND('',#3508,.T.);
#3993=FACE_BOUND('',#3509,.T.);
#3994=FACE_BOUND('',#3510,.T.);
#3995=FACE_BOUND('',#3511,.T.);
#3996=FACE_BOUND('',#3512,.T.);
#3997=FACE_BOUND('',#3513,.T.);
#3998=FACE_BOUND('',#3514,.T.);
#3999=FACE_BOUND('',#3515,.T.);
#4000=FACE_BOUND('',#3516,.T.);
#4001=FACE_BOUND('',#3517,.T.);
#4002=FACE_BOUND('',#3518,.T.);
#4003=FACE_BOUND('',#3519,.T.);
#4004=FACE_BOUND('',#3520,.T.);
#4005=FACE_BOUND('',#3521,.T.);
#4006=FACE_BOUND('',#3522,.T.);
#4007=FACE_BOUND('',#3523,.T.);
#4008=FACE_BOUND('',#3524,.T.);
#4009=FACE_BOUND('',#3525,.T.);
#4010=FACE_BOUND('',#3526,.T.);
#4011=FACE_BOUND('',#3527,.T.);
#4012=FACE_BOUND('',#3528,.T.);
#4013=FACE_BOUND('',#3529,.T.);
#4014=FACE_BOUND('',#3530,.T.);
#4015=FACE_BOUND('',#3531,.T.);
#4016=FACE_BOUND('',#3532,.T.);
#4017=FACE_BOUND('',#3533,.T.);
#4018=FACE_BOUND('',#3534,.T.);
#4019=FACE_BOUND('',#3535,.T.);
#4020=FACE_BOUND('',#3536,.T.);
#4021=FACE_BOUND('',#3537,.T.);
#4022=FACE_BOUND('',#3538,.T.);
#4023=FACE_BOUND('',#3539,.T.);
#4024=FACE_BOUND('',#3540,.T.);
#4025=FACE_BOUND('',#3541,.T.);
#4026=FACE_BOUND('',#3542,.T.);
#4027=FACE_BOUND('',#3543,.T.);
#4028=FACE_BOUND('',#3544,.T.);
#4029=FACE_BOUND('',#3545,.T.);
#4030=FACE_BOUND('',#3546,.T.);
#4031=FACE_BOUND('',#3547,.T.);
#4032=FACE_BOUND('',#3548,.T.);
#4033=FACE_BOUND('',#3549,.T.);
#4034=FACE_BOUND('',#3550,.T.);
#4035=FACE_BOUND('',#3551,.T.);
#4036=FACE_BOUND('',#3552,.T.);
#4037=FACE_BOUND('',#3553,.T.);
#4038=FACE_BOUND('',#3554,.T.);
#4039=FACE_BOUND('',#3555,.T.);
#4040=FACE_BOUND('',#3556,.T.);
#4041=FACE_BOUND('',#3557,.T.);
#4042=FACE_BOUND('',#3558,.T.);
#4043=FACE_BOUND('',#3559,.T.);
#4044=FACE_BOUND('',#3560,.T.);
#4045=FACE_BOUND('',#3561,.T.);
#4046=FACE_BOUND('',#3562,.T.);
#4047=FACE_BOUND('',#3563,.T.);
#4048=FACE_BOUND('',#3564,.T.);
#4049=FACE_BOUND('',#3565,.T.);
#4050=FACE_BOUND('',#3566,.T.);
#4051=FACE_BOUND('',#3567,.T.);
#4052=FACE_BOUND('',#3568,.T.);
#4053=FACE_BOUND('',#3569,.T.);
#4054=FACE_BOUND('',#3570,.T.);
#4055=FACE_BOUND('',#3571,.T.);
#4056=FACE_BOUND('',#3572,.T.);
#4057=FACE_BOUND('',#3573,.T.);
#4058=FACE_BOUND('',#3574,.T.);
#4059=FACE_BOUND('',#3575,.T.);
#4060=FACE_BOUND('',#3576,.T.);
#4061=FACE_BOUND('',#3577,.T.);
#4062=FACE_BOUND('',#3578,.T.);
#4063=FACE_BOUND('',#3579,.T.);
#4064=FACE_BOUND('',#3580,.T.);
#4065=FACE_BOUND('',#3581,.T.);
#4066=FACE_BOUND('',#3582,.T.);
#4067=FACE_BOUND('',#3583,.T.);
#4068=FACE_BOUND('',#3584,.T.);
#4069=FACE_BOUND('',#3585,.T.);
#4070=FACE_BOUND('',#3586,.T.);
#4071=FACE_BOUND('',#3587,.T.);
#4072=FACE_BOUND('',#3588,.T.);
#4073=FACE_BOUND('',#3589,.T.);
#4074=FACE_BOUND('',#3590,.T.);
#4075=FACE_BOUND('',#3591,.T.);
#4076=FACE_BOUND('',#3592,.T.);
#4077=FACE_BOUND('',#3593,.T.);
#4078=FACE_BOUND('',#3594,.T.);
#4079=FACE_BOUND('',#3595,.T.);
#4080=FACE_BOUND('',#3596,.T.);
#4081=FACE_BOUND('',#3597,.T.);
#4082=FACE_BOUND('',#3598,.T.);
#4083=FACE_BOUND('',#3599,.T.);
#4084=FACE_BOUND('',#3600,.T.);
#4085=FACE_BOUND('',#3601,.T.);
#4086=FACE_BOUND('',#3602,.T.);
#4087=FACE_BOUND('',#3603,.T.);
#4088=FACE_BOUND('',#3604,.T.);
#4089=FACE_BOUND('',#3605,.T.);
#4090=FACE_BOUND('',#3606,.T.);
#4091=FACE_BOUND('',#3607,.T.);
#4092=FACE_BOUND('',#3608,.T.);
#4093=FACE_BOUND('',#3609,.T.);
#4094=FACE_BOUND('',#3610,.T.);
#4095=FACE_BOUND('',#3611,.T.);
#4096=FACE_BOUND('',#3612,.T.);
#4097=FACE_BOUND('',#3613,.T.);
#4098=FACE_BOUND('',#3614,.T.);
#4099=FACE_BOUND('',#3615,.T.);
#4100=FACE_BOUND('',#3616,.T.);
#4101=FACE_BOUND('',#3617,.T.);
#4102=FACE_BOUND('',#3618,.T.);
#4103=FACE_BOUND('',#3619,.T.);
#4104=FACE_BOUND('',#3620,.T.);
#4105=FACE_BOUND('',#3621,.T.);
#4106=FACE_BOUND('',#3622,.T.);
#4107=FACE_BOUND('',#3623,.T.);
#4108=FACE_BOUND('',#3624,.T.);
#4109=FACE_BOUND('',#3625,.T.);
#4110=FACE_BOUND('',#3626,.T.);
#4111=FACE_BOUND('',#3627,.T.);
#4112=FACE_BOUND('',#3628,.T.);
#4113=FACE_BOUND('',#3629,.T.);
#4114=FACE_BOUND('',#3630,.T.);
#4115=FACE_BOUND('',#3631,.T.);
#4116=FACE_BOUND('',#3632,.T.);
#4117=FACE_BOUND('',#3633,.T.);
#4118=FACE_BOUND('',#3634,.T.);
#4119=FACE_BOUND('',#3635,.T.);
#4120=FACE_BOUND('',#3636,.T.);
#4121=FACE_BOUND('',#3637,.T.);
#4122=FACE_BOUND('',#3638,.T.);
#4123=FACE_BOUND('',#3639,.T.);
#4124=FACE_BOUND('',#3640,.T.);
#4125=FACE_BOUND('',#3641,.T.);
#4126=FACE_BOUND('',#3642,.T.);
#4127=FACE_BOUND('',#3643,.T.);
#4128=FACE_BOUND('',#3644,.T.);
#4129=FACE_BOUND('',#3645,.T.);
#4130=FACE_BOUND('',#3646,.T.);
#4131=FACE_BOUND('',#3647,.T.);
#4132=FACE_BOUND('',#3648,.T.);
#4133=FACE_BOUND('',#3649,.T.);
#4134=FACE_BOUND('',#3650,.T.);
#4135=FACE_BOUND('',#3651,.T.);
#4136=FACE_BOUND('',#3652,.T.);
#4137=FACE_BOUND('',#3653,.T.);
#4138=FACE_BOUND('',#3654,.T.);
#4139=FACE_BOUND('',#3655,.T.);
#4140=FACE_BOUND('',#3656,.T.);
#4141=FACE_BOUND('',#3657,.T.);
#4142=FACE_BOUND('',#3658,.T.);
#4143=FACE_BOUND('',#3659,.T.);
#4144=FACE_BOUND('',#3660,.T.);
#4145=FACE_BOUND('',#3661,.T.);
#4146=FACE_BOUND('',#3662,.T.);
#4147=FACE_BOUND('',#3663,.T.);
#4148=FACE_BOUND('',#3664,.T.);
#4149=FACE_BOUND('',#3665,.T.);
#4150=FACE_BOUND('',#3666,.T.);
#4151=FACE_BOUND('',#3667,.T.);
#4152=FACE_BOUND('',#3668,.T.);
#4153=FACE_BOUND('',#3669,.T.);
#4154=FACE_BOUND('',#3670,.T.);
#4155=FACE_BOUND('',#3671,.T.);
#4156=FACE_BOUND('',#3672,.T.);
#4157=FACE_BOUND('',#3673,.T.);
#4158=FACE_BOUND('',#3674,.T.);
#4159=FACE_BOUND('',#3675,.T.);
#4160=FACE_BOUND('',#3676,.T.);
#4161=FACE_BOUND('',#3677,.T.);
#4162=FACE_BOUND('',#3678,.T.);
#4163=FACE_BOUND('',#3679,.T.);
#4164=FACE_BOUND('',#3680,.T.);
#4165=FACE_BOUND('',#3681,.T.);
#4166=FACE_BOUND('',#3682,.T.);
#4167=FACE_BOUND('',#3683,.T.);
#4168=FACE_BOUND('',#3684,.T.);
#4169=FACE_BOUND('',#3685,.T.);
#4170=FACE_BOUND('',#3686,.T.);
#4171=FACE_BOUND('',#3687,.T.);
#4172=FACE_BOUND('',#3688,.T.);
#4173=FACE_BOUND('',#3689,.T.);
#4174=FACE_BOUND('',#3690,.T.);
#4175=FACE_BOUND('',#3691,.T.);
#4176=FACE_BOUND('',#3692,.T.);
#4177=FACE_BOUND('',#3693,.T.);
#4178=FACE_BOUND('',#3694,.T.);
#4179=FACE_BOUND('',#3695,.T.);
#4180=FACE_BOUND('',#3696,.T.);
#4181=FACE_BOUND('',#3697,.T.);
#4182=FACE_BOUND('',#3698,.T.);
#4183=FACE_BOUND('',#3699,.T.);
#4184=FACE_BOUND('',#3700,.T.);
#4185=FACE_BOUND('',#3701,.T.);
#4186=FACE_BOUND('',#3702,.T.);
#4187=FACE_BOUND('',#3703,.T.);
#4188=FACE_BOUND('',#3704,.T.);
#4189=FACE_BOUND('',#3705,.T.);
#4190=FACE_BOUND('',#3706,.T.);
#4191=FACE_BOUND('',#3707,.T.);
#4192=FACE_BOUND('',#3708,.T.);
#4193=FACE_BOUND('',#3709,.T.);
#4194=FACE_BOUND('',#3710,.T.);
#4195=FACE_BOUND('',#3711,.T.);
#4196=FACE_BOUND('',#3712,.T.);
#4197=FACE_BOUND('',#3713,.T.);
#4198=FACE_BOUND('',#3714,.T.);
#4199=FACE_BOUND('',#3715,.T.);
#4200=FACE_BOUND('',#3716,.T.);
#4201=FACE_BOUND('',#3717,.T.);
#4202=FACE_BOUND('',#3718,.T.);
#4203=FACE_BOUND('',#3719,.T.);
#4204=FACE_BOUND('',#3720,.T.);
#4205=FACE_BOUND('',#3721,.T.);
#4206=FACE_BOUND('',#3722,.T.);
#4207=FACE_BOUND('',#3723,.T.);
#4208=FACE_BOUND('',#3724,.T.);
#4209=FACE_BOUND('',#3725,.T.);
#4210=FACE_BOUND('',#3726,.T.);
#4211=FACE_BOUND('',#3727,.T.);
#4212=FACE_BOUND('',#3728,.T.);
#4213=FACE_BOUND('',#3729,.T.);
#4214=FACE_BOUND('',#3730,.T.);
#4215=FACE_BOUND('',#3731,.T.);
#4216=FACE_BOUND('',#3732,.T.);
#4217=FACE_BOUND('',#3733,.T.);
#4218=FACE_BOUND('',#3734,.T.);
#4219=FACE_BOUND('',#3735,.T.);
#4220=FACE_BOUND('',#3736,.T.);
#4221=FACE_BOUND('',#3737,.T.);
#4222=FACE_BOUND('',#3738,.T.);
#4223=FACE_BOUND('',#3739,.T.);
#4224=FACE_BOUND('',#3740,.T.);
#4225=FACE_BOUND('',#3741,.T.);
#4226=FACE_BOUND('',#3742,.T.);
#4227=FACE_BOUND('',#3743,.T.);
#4228=FACE_BOUND('',#3744,.T.);
#4229=FACE_BOUND('',#3745,.T.);
#4230=FACE_BOUND('',#3746,.T.);
#4231=FACE_BOUND('',#3747,.T.);
#4232=FACE_BOUND('',#3748,.T.);
#4233=FACE_BOUND('',#3749,.T.);
#4234=FACE_BOUND('',#3750,.T.);
#4235=FACE_BOUND('',#3751,.T.);
#4236=FACE_BOUND('',#3752,.T.);
#4237=FACE_BOUND('',#3753,.T.);
#4238=FACE_BOUND('',#3754,.T.);
#4239=FACE_BOUND('',#3755,.T.);
#4240=FACE_BOUND('',#3756,.T.);
#4241=FACE_BOUND('',#3757,.T.);
#4242=FACE_BOUND('',#3758,.T.);
#4243=FACE_BOUND('',#3759,.T.);
#4244=FACE_BOUND('',#3760,.T.);
#4245=FACE_BOUND('',#3761,.T.);
#4246=FACE_BOUND('',#3762,.T.);
#4247=FACE_BOUND('',#3763,.T.);
#4248=FACE_BOUND('',#3764,.T.);
#4249=FACE_BOUND('',#3765,.T.);
#4250=FACE_BOUND('',#3766,.T.);
#4251=FACE_BOUND('',#3767,.T.);
#4252=FACE_BOUND('',#3768,.T.);
#4253=FACE_BOUND('',#3769,.T.);
#4254=FACE_BOUND('',#3770,.T.);
#4255=FACE_BOUND('',#3771,.T.);
#4256=FACE_BOUND('',#3772,.T.);
#4257=FACE_BOUND('',#3773,.T.);
#4258=FACE_BOUND('',#3774,.T.);
#4259=FACE_BOUND('',#3775,.T.);
#4260=FACE_BOUND('',#3776,.T.);
#4261=FACE_BOUND('',#3777,.T.);
#4262=FACE_BOUND('',#3778,.T.);
#4263=FACE_BOUND('',#3779,.T.);
#4264=FACE_BOUND('',#3780,.T.);
#4265=FACE_BOUND('',#3781,.T.);
#4266=FACE_BOUND('',#3782,.T.);
#4267=FACE_BOUND('',#3783,.T.);
#4268=FACE_BOUND('',#3784,.T.);
#4269=FACE_BOUND('',#3785,.T.);
#4270=FACE_BOUND('',#3786,.T.);
#4271=FACE_BOUND('',#3787,.T.);
#4272=FACE_BOUND('',#3788,.T.);
#4273=FACE_BOUND('',#3789,.T.);
#4274=FACE_BOUND('',#3790,.T.);
#4275=FACE_BOUND('',#3791,.T.);
#4276=FACE_BOUND('',#3792,.T.);
#4277=FACE_BOUND('',#3793,.T.);
#4278=FACE_BOUND('',#3794,.T.);
#4279=FACE_BOUND('',#3795,.T.);
#4280=FACE_BOUND('',#3796,.T.);
#4281=FACE_BOUND('',#3797,.T.);
#4282=FACE_BOUND('',#3798,.T.);
#4283=FACE_BOUND('',#3799,.T.);
#4284=FACE_BOUND('',#3800,.T.);
#4285=FACE_BOUND('',#3801,.T.);
#4286=FACE_BOUND('',#3802,.T.);
#4287=FACE_BOUND('',#3803,.T.);
#4288=FACE_BOUND('',#3804,.T.);
#4289=FACE_BOUND('',#3805,.T.);
#4290=FACE_BOUND('',#3806,.T.);
#4291=FACE_BOUND('',#3807,.T.);
#4292=FACE_BOUND('',#3808,.T.);
#4293=FACE_BOUND('',#3809,.T.);
#4294=FACE_BOUND('',#3810,.T.);
#4295=FACE_BOUND('',#3811,.T.);
#4296=FACE_BOUND('',#3812,.T.);
#4297=FACE_BOUND('',#3813,.T.);
#4298=FACE_BOUND('',#3814,.T.);
#4299=FACE_BOUND('',#3815,.T.);
#4300=FACE_BOUND('',#3816,.T.);
#4301=FACE_BOUND('',#3817,.T.);
#4302=FACE_BOUND('',#3818,.T.);
#4303=FACE_BOUND('',#3819,.T.);
#4304=FACE_BOUND('',#3820,.T.);
#4305=FACE_BOUND('',#3821,.T.);
#4306=FACE_BOUND('',#3822,.T.);
#4307=FACE_BOUND('',#3823,.T.);
#4308=FACE_BOUND('',#3824,.T.);
#4309=FACE_BOUND('',#3825,.T.);
#4310=FACE_BOUND('',#3826,.T.);
#4311=FACE_BOUND('',#3827,.T.);
#4312=FACE_BOUND('',#3828,.T.);
#4313=FACE_BOUND('',#3829,.T.);
#4314=FACE_BOUND('',#3830,.T.);
#4315=PLANE('',#4966);
#4316=PLANE('',#4975);
#4317=PLANE('',#4984);
#4318=PLANE('',#4986);
#4319=PLANE('',#4988);
#4320=PLANE('',#4990);
#4321=PLANE('',#4992);
#4322=PLANE('',#4993);
#4323=PLANE('',#4994);
#4324=PLANE('',#4995);
#4325=PLANE('',#4996);
#4326=PLANE('',#4997);
#4327=PLANE('',#4998);
#4328=PLANE('',#4999);
#4329=PLANE('',#5000);
#4330=PLANE('',#5001);
#4331=PLANE('',#5002);
#4332=PLANE('',#5003);
#4333=PLANE('',#5004);
#4334=PLANE('',#5005);
#4335=PLANE('',#5006);
#4336=PLANE('',#5007);
#4337=PLANE('',#5013);
#4338=PLANE('',#5016);
#4339=PLANE('',#5017);
#4340=PLANE('',#5018);
#4341=PLANE('',#5019);
#4342=PLANE('',#5020);
#4343=PLANE('',#5023);
#4344=PLANE('',#5028);
#4345=PLANE('',#5029);
#4346=PLANE('',#5030);
#4347=PLANE('',#5039);
#4348=PLANE('',#5040);
#4349=PLANE('',#5042);
#4350=PLANE('',#5045);
#4351=PLANE('',#5048);
#4352=PLANE('',#5051);
#4353=PLANE('',#5054);
#4354=PLANE('',#5055);
#4355=PLANE('',#5056);
#4356=PLANE('',#5062);
#4357=PLANE('',#5067);
#4358=PLANE('',#5068);
#4359=PLANE('',#5069);
#4360=PLANE('',#5070);
#4361=PLANE('',#5073);
#4362=PLANE('',#5078);
#4363=PLANE('',#5079);
#4364=PLANE('',#5088);
#4365=PLANE('',#5092);
#4366=PLANE('',#5093);
#4367=PLANE('',#5095);
#4368=PLANE('',#5099);
#4369=PLANE('',#5106);
#4370=PLANE('',#5107);
#4371=PLANE('',#5112);
#4372=PLANE('',#5115);
#4373=PLANE('',#5116);
#4374=PLANE('',#5117);
#4375=PLANE('',#5118);
#4376=PLANE('',#5119);
#4377=PLANE('',#5122);
#4378=PLANE('',#5127);
#4379=PLANE('',#5128);
#4380=PLANE('',#5129);
#4381=PLANE('',#5138);
#4382=PLANE('',#5139);
#4383=PLANE('',#5141);
#4384=PLANE('',#5144);
#4385=PLANE('',#5145);
#4386=PLANE('',#5146);
#4387=PLANE('',#5147);
#4388=PLANE('',#5148);
#4389=PLANE('',#5151);
#4390=PLANE('',#5156);
#4391=PLANE('',#5157);
#4392=PLANE('',#5158);
#4393=PLANE('',#5168);
#4394=PLANE('',#5172);
#4395=PLANE('',#5173);
#4396=PLANE('',#5176);
#4397=PLANE('',#5182);
#4398=PLANE('',#5186);
#4399=PLANE('',#5195);
#4400=PLANE('',#5208);
#4401=PLANE('',#5211);
#4402=PLANE('',#5214);
#4403=PLANE('',#5216);
#4404=PLANE('',#5218);
#4405=PLANE('',#5219);
#4406=PLANE('',#5220);
#4407=PLANE('',#5221);
#4408=PLANE('',#5232);
#4409=PLANE('',#5233);
#4410=PLANE('',#5234);
#4411=PLANE('',#5235);
#4412=PLANE('',#5236);
#4413=PLANE('',#5237);
#4414=PLANE('',#5243);
#4415=PLANE('',#5246);
#4416=PLANE('',#5247);
#4417=PLANE('',#5248);
#4418=PLANE('',#5249);
#4419=PLANE('',#5250);
#4420=PLANE('',#5253);
#4421=PLANE('',#5258);
#4422=PLANE('',#5259);
#4423=PLANE('',#5260);
#4424=PLANE('',#5269);
#4425=PLANE('',#5270);
#4426=PLANE('',#5272);
#4427=PLANE('',#5297);
#4428=PLANE('',#5326);
#4429=PLANE('',#5329);
#4430=PLANE('',#5332);
#4431=PLANE('',#5335);
#4432=PLANE('',#5338);
#4433=PLANE('',#5360);
#4434=PLANE('',#5363);
#4435=PLANE('',#5374);
#4436=PLANE('',#5377);
#4437=PLANE('',#5383);
#4438=PLANE('',#5384);
#4439=PLANE('',#5385);
#4440=PLANE('',#5386);
#4441=PLANE('',#5410);
#4442=PLANE('',#5418);
#4443=PLANE('',#5419);
#4444=PLANE('',#5427);
#4445=PLANE('',#5437);
#4446=PLANE('',#5439);
#4447=PLANE('',#5441);
#4448=PLANE('',#5443);
#4449=PLANE('',#5445);
#4450=PLANE('',#5447);
#4451=PLANE('',#5449);
#4452=PLANE('',#5451);
#4453=PLANE('',#5461);
#4454=PLANE('',#5464);
#4455=PLANE('',#5467);
#4456=ADVANCED_FACE('',(#3831,#3832,#3833,#3834,#3835,#3836,#3837,#3838,
#3839),#4315,.T.);
#4457=ADVANCED_FACE('',(#3840,#3841,#3842,#3843,#3844,#3845,#3846,#3847,
#3848),#4316,.F.);
#4458=ADVANCED_FACE('',(#3849),#4317,.T.);
#4459=ADVANCED_FACE('',(#3850),#172,.T.);
#4460=ADVANCED_FACE('',(#3851),#4318,.F.);
#4461=ADVANCED_FACE('',(#3852),#173,.T.);
#4462=ADVANCED_FACE('',(#3853),#4319,.F.);
#4463=ADVANCED_FACE('',(#3854),#174,.T.);
#4464=ADVANCED_FACE('',(#3855),#4320,.T.);
#4465=ADVANCED_FACE('',(#3856),#175,.T.);
#4466=ADVANCED_FACE('',(#3857),#4321,.T.);
#4467=ADVANCED_FACE('',(#3858),#4322,.T.);
#4468=ADVANCED_FACE('',(#3859),#4323,.F.);
#4469=ADVANCED_FACE('',(#3860),#4324,.F.);
#4470=ADVANCED_FACE('',(#3861),#4325,.T.);
#4471=ADVANCED_FACE('',(#3862),#4326,.F.);
#4472=ADVANCED_FACE('',(#3863),#4327,.F.);
#4473=ADVANCED_FACE('',(#3864),#4328,.T.);
#4474=ADVANCED_FACE('',(#3865),#4329,.F.);
#4475=ADVANCED_FACE('',(#3866),#4330,.F.);
#4476=ADVANCED_FACE('',(#3867),#4331,.T.);
#4477=ADVANCED_FACE('',(#3868),#4332,.T.);
#4478=ADVANCED_FACE('',(#3869),#4333,.T.);
#4479=ADVANCED_FACE('',(#3870),#4334,.T.);
#4480=ADVANCED_FACE('',(#3871),#4335,.F.);
#4481=ADVANCED_FACE('',(#3872),#4336,.F.);
#4482=ADVANCED_FACE('',(#3873,#3874),#176,.F.);
#4483=ADVANCED_FACE('',(#3875,#3876),#177,.F.);
#4484=ADVANCED_FACE('',(#3877,#3878),#178,.F.);
#4485=ADVANCED_FACE('',(#3879,#3880),#179,.F.);
#4486=ADVANCED_FACE('',(#3881,#3882,#3883),#4337,.F.);
#4487=ADVANCED_FACE('',(#3884),#4338,.T.);
#4488=ADVANCED_FACE('',(#3885),#4339,.F.);
#4489=ADVANCED_FACE('',(#3886),#4340,.T.);
#4490=ADVANCED_FACE('',(#3887),#4341,.F.);
#4491=ADVANCED_FACE('',(#3888,#3889,#3890),#4342,.F.);
#4492=ADVANCED_FACE('',(#3891,#3892,#3893,#3894,#3895),#4343,.T.);
#4493=ADVANCED_FACE('',(#3896),#4344,.F.);
#4494=ADVANCED_FACE('',(#3897),#4345,.T.);
#4495=ADVANCED_FACE('',(#3898),#4346,.T.);
#4496=ADVANCED_FACE('',(#3899,#3900),#180,.F.);
#4497=ADVANCED_FACE('',(#3901,#3902),#181,.F.);
#4498=ADVANCED_FACE('',(#3903,#3904),#182,.F.);
#4499=ADVANCED_FACE('',(#3905,#3906),#183,.F.);
#4500=ADVANCED_FACE('',(#3907,#3908),#184,.T.);
#4501=ADVANCED_FACE('',(#3909),#4347,.T.);
#4502=ADVANCED_FACE('',(#3910),#4348,.F.);
#4503=ADVANCED_FACE('',(#3911,#3912,#3913),#4349,.T.);
#4504=ADVANCED_FACE('',(#3914,#3915,#3916),#4350,.F.);
#4505=ADVANCED_FACE('',(#3917,#3918,#3919),#4351,.T.);
#4506=ADVANCED_FACE('',(#3920,#3921,#3922),#4352,.F.);
#4507=ADVANCED_FACE('',(#3923),#4353,.T.);
#4508=ADVANCED_FACE('',(#3924),#4354,.F.);
#4509=ADVANCED_FACE('',(#3925,#3926,#3927,#3928,#3929,#3930),#4355,.T.);
#4510=ADVANCED_FACE('',(#3931,#3932,#3933,#3934,#3935),#4356,.F.);
#4511=ADVANCED_FACE('',(#3936),#4357,.T.);
#4512=ADVANCED_FACE('',(#3937),#4358,.F.);
#4513=ADVANCED_FACE('',(#3938),#4359,.F.);
#4514=ADVANCED_FACE('',(#3939),#4360,.T.);
#4515=ADVANCED_FACE('',(#3940,#3941),#185,.T.);
#4516=ADVANCED_FACE('',(#3942),#4361,.T.);
#4517=ADVANCED_FACE('',(#3943,#3944),#186,.F.);
#4518=ADVANCED_FACE('',(#3945,#3946),#187,.F.);
#4519=ADVANCED_FACE('',(#3947,#3948),#188,.F.);
#4520=ADVANCED_FACE('',(#3949,#3950),#189,.F.);
#4521=ADVANCED_FACE('',(#3951),#4362,.T.);
#4522=ADVANCED_FACE('',(#3952),#4363,.T.);
#4523=ADVANCED_FACE('',(#3953,#3954),#190,.F.);
#4524=ADVANCED_FACE('',(#3955,#3956),#191,.F.);
#4525=ADVANCED_FACE('',(#3957,#3958),#192,.F.);
#4526=ADVANCED_FACE('',(#3959,#3960),#193,.F.);
#4527=ADVANCED_FACE('',(#3961),#194,.T.);
#4528=ADVANCED_FACE('',(#3962),#4364,.F.);
#4529=ADVANCED_FACE('',(#3963),#195,.T.);
#4530=ADVANCED_FACE('',(#3964),#4365,.T.);
#4531=ADVANCED_FACE('',(#3965,#3966),#4366,.T.);
#4532=ADVANCED_FACE('',(#3967,#3968),#4367,.F.);
#4533=ADVANCED_FACE('',(#3969,#3970),#196,.F.);
#4534=ADVANCED_FACE('',(#3971,#3972),#4368,.T.);
#4535=ADVANCED_FACE('',(#3973,#3974),#197,.F.);
#4536=ADVANCED_FACE('',(#3975,#3976),#198,.T.);
#4537=ADVANCED_FACE('',(#3977),#4369,.T.);
#4538=ADVANCED_FACE('',(#3978),#4370,.F.);
#4539=ADVANCED_FACE('',(#3979,#3980,#3981),#4371,.F.);
#4540=ADVANCED_FACE('',(#3982),#4372,.T.);
#4541=ADVANCED_FACE('',(#3983),#4373,.F.);
#4542=ADVANCED_FACE('',(#3984),#4374,.T.);
#4543=ADVANCED_FACE('',(#3985),#4375,.F.);
#4544=ADVANCED_FACE('',(#3986,#3987,#3988),#4376,.F.);
#4545=ADVANCED_FACE('',(#3989,#3990,#3991,#3992,#3993),#4377,.T.);
#4546=ADVANCED_FACE('',(#3994),#4378,.T.);
#4547=ADVANCED_FACE('',(#3995),#4379,.F.);
#4548=ADVANCED_FACE('',(#3996),#4380,.T.);
#4549=ADVANCED_FACE('',(#3997,#3998),#199,.F.);
#4550=ADVANCED_FACE('',(#3999,#4000),#200,.F.);
#4551=ADVANCED_FACE('',(#4001,#4002),#201,.F.);
#4552=ADVANCED_FACE('',(#4003,#4004),#202,.F.);
#4553=ADVANCED_FACE('',(#4005,#4006),#203,.T.);
#4554=ADVANCED_FACE('',(#4007),#4381,.T.);
#4555=ADVANCED_FACE('',(#4008),#4382,.F.);
#4556=ADVANCED_FACE('',(#4009,#4010,#4011),#4383,.F.);
#4557=ADVANCED_FACE('',(#4012),#4384,.T.);
#4558=ADVANCED_FACE('',(#4013),#4385,.F.);
#4559=ADVANCED_FACE('',(#4014),#4386,.T.);
#4560=ADVANCED_FACE('',(#4015),#4387,.F.);
#4561=ADVANCED_FACE('',(#4016,#4017,#4018),#4388,.F.);
#4562=ADVANCED_FACE('',(#4019,#4020,#4021,#4022,#4023),#4389,.T.);
#4563=ADVANCED_FACE('',(#4024),#4390,.F.);
#4564=ADVANCED_FACE('',(#4025),#4391,.T.);
#4565=ADVANCED_FACE('',(#4026),#4392,.T.);
#4566=ADVANCED_FACE('',(#4027,#4028),#204,.F.);
#4567=ADVANCED_FACE('',(#4029,#4030),#205,.F.);
#4568=ADVANCED_FACE('',(#4031,#4032),#206,.F.);
#4569=ADVANCED_FACE('',(#4033,#4034),#207,.F.);
#4570=ADVANCED_FACE('',(#4035),#208,.T.);
#4571=ADVANCED_FACE('',(#4036),#4393,.F.);
#4572=ADVANCED_FACE('',(#4037),#209,.T.);
#4573=ADVANCED_FACE('',(#4038),#4394,.T.);
#4574=ADVANCED_FACE('',(#4039,#4040,#4041),#4395,.T.);
#4575=ADVANCED_FACE('',(#4042,#4043,#4044),#4396,.F.);
#4576=ADVANCED_FACE('',(#4045,#4046),#210,.F.);
#4577=ADVANCED_FACE('',(#4047,#4048),#211,.F.);
#4578=ADVANCED_FACE('',(#4049,#4050),#4397,.T.);
#4579=ADVANCED_FACE('',(#4051,#4052),#212,.F.);
#4580=ADVANCED_FACE('',(#4053,#4054,#4055,#4056,#4057,#4058,#4059,#4060,
#4061),#4398,.T.);
#4581=ADVANCED_FACE('',(#4062,#4063,#4064,#4065,#4066,#4067,#4068,#4069,
#4070,#4071,#4072),#4399,.F.);
#4582=ADVANCED_FACE('',(#4073),#4400,.T.);
#4583=ADVANCED_FACE('',(#4074),#213,.T.);
#4584=ADVANCED_FACE('',(#4075),#4401,.F.);
#4585=ADVANCED_FACE('',(#4076),#214,.T.);
#4586=ADVANCED_FACE('',(#4077),#4402,.F.);
#4587=ADVANCED_FACE('',(#4078),#215,.T.);
#4588=ADVANCED_FACE('',(#4079),#4403,.T.);
#4589=ADVANCED_FACE('',(#4080),#216,.T.);
#4590=ADVANCED_FACE('',(#4081),#4404,.T.);
#4591=ADVANCED_FACE('',(#4082),#4405,.F.);
#4592=ADVANCED_FACE('',(#4083),#4406,.F.);
#4593=ADVANCED_FACE('',(#4084),#4407,.T.);
#4594=ADVANCED_FACE('',(#4085,#4086),#217,.F.);
#4595=ADVANCED_FACE('',(#4087,#4088),#218,.F.);
#4596=ADVANCED_FACE('',(#4089,#4090),#219,.F.);
#4597=ADVANCED_FACE('',(#4091,#4092),#220,.F.);
#4598=ADVANCED_FACE('',(#4093,#4094),#221,.F.);
#4599=ADVANCED_FACE('',(#4095,#4096),#222,.F.);
#4600=ADVANCED_FACE('',(#4097,#4098),#223,.F.);
#4601=ADVANCED_FACE('',(#4099,#4100),#224,.F.);
#4602=ADVANCED_FACE('',(#4101),#10,.F.);
#4603=ADVANCED_FACE('',(#4102,#4103),#4408,.T.);
#4604=ADVANCED_FACE('',(#4104),#11,.T.);
#4605=ADVANCED_FACE('',(#4105,#4106),#4409,.T.);
#4606=ADVANCED_FACE('',(#4107),#4410,.T.);
#4607=ADVANCED_FACE('',(#4108),#4411,.F.);
#4608=ADVANCED_FACE('',(#4109),#4412,.F.);
#4609=ADVANCED_FACE('',(#4110),#4413,.T.);
#4610=ADVANCED_FACE('',(#4111,#4112,#4113),#4414,.F.);
#4611=ADVANCED_FACE('',(#4114),#4415,.T.);
#4612=ADVANCED_FACE('',(#4115),#4416,.F.);
#4613=ADVANCED_FACE('',(#4116),#4417,.T.);
#4614=ADVANCED_FACE('',(#4117),#4418,.F.);
#4615=ADVANCED_FACE('',(#4118,#4119,#4120),#4419,.F.);
#4616=ADVANCED_FACE('',(#4121,#4122,#4123,#4124,#4125),#4420,.T.);
#4617=ADVANCED_FACE('',(#4126),#4421,.F.);
#4618=ADVANCED_FACE('',(#4127),#4422,.T.);
#4619=ADVANCED_FACE('',(#4128),#4423,.T.);
#4620=ADVANCED_FACE('',(#4129,#4130),#225,.F.);
#4621=ADVANCED_FACE('',(#4131,#4132),#226,.F.);
#4622=ADVANCED_FACE('',(#4133,#4134),#227,.F.);
#4623=ADVANCED_FACE('',(#4135,#4136),#228,.F.);
#4624=ADVANCED_FACE('',(#4137,#4138),#229,.T.);
#4625=ADVANCED_FACE('',(#4139),#4424,.T.);
#4626=ADVANCED_FACE('',(#4140),#4425,.F.);
#4627=ADVANCED_FACE('',(#4141,#4142,#4143,#4144,#4145,#4146,#4147,#4148,
#4149,#4150,#4151,#4152,#4153,#4154,#4155,#4156,#4157,#4158,#4159,#4160,
#4161,#4162),#4426,.T.);
#4628=ADVANCED_FACE('',(#4163,#4164,#4165,#4166,#4167,#4168,#4169,#4170,
#4171,#4172,#4173,#4174,#4175,#4176,#4177,#4178,#4179,#4180),#4427,.F.);
#4629=ADVANCED_FACE('',(#4181,#4182,#4183),#4428,.T.);
#4630=ADVANCED_FACE('',(#4184,#4185,#4186),#4429,.F.);
#4631=ADVANCED_FACE('',(#4187,#4188,#4189),#4430,.F.);
#4632=ADVANCED_FACE('',(#4190,#4191,#4192),#4431,.T.);
#4633=ADVANCED_FACE('',(#4193,#4194,#4195,#4196,#4197,#4198),#4432,.F.);
#4634=ADVANCED_FACE('',(#4199),#230,.T.);
#4635=ADVANCED_FACE('',(#4200),#4433,.F.);
#4636=ADVANCED_FACE('',(#4201),#231,.T.);
#4637=ADVANCED_FACE('',(#4202),#232,.T.);
#4638=ADVANCED_FACE('',(#4203),#4434,.T.);
#4639=ADVANCED_FACE('',(#4204,#4205),#233,.F.);
#4640=ADVANCED_FACE('',(#4206,#4207),#234,.F.);
#4641=ADVANCED_FACE('',(#4208),#235,.T.);
#4642=ADVANCED_FACE('',(#4209,#4210),#236,.F.);
#4643=ADVANCED_FACE('',(#4211,#4212),#237,.F.);
#4644=ADVANCED_FACE('',(#4213),#238,.F.);
#4645=ADVANCED_FACE('',(#4214),#239,.F.);
#4646=ADVANCED_FACE('',(#4215),#240,.F.);
#4647=ADVANCED_FACE('',(#4216),#241,.F.);
#4648=ADVANCED_FACE('',(#4217),#242,.F.);
#4649=ADVANCED_FACE('',(#4218),#4435,.T.);
#4650=ADVANCED_FACE('',(#4219),#243,.F.);
#4651=ADVANCED_FACE('',(#4220),#244,.F.);
#4652=ADVANCED_FACE('',(#4221),#4436,.F.);
#4653=ADVANCED_FACE('',(#4222),#245,.T.);
#4654=ADVANCED_FACE('',(#4223),#246,.T.);
#4655=ADVANCED_FACE('',(#4224),#247,.F.);
#4656=ADVANCED_FACE('',(#4225),#248,.T.);
#4657=ADVANCED_FACE('',(#4226),#249,.T.);
#4658=ADVANCED_FACE('',(#4227),#4437,.T.);
#4659=ADVANCED_FACE('',(#4228),#4438,.F.);
#4660=ADVANCED_FACE('',(#4229),#4439,.F.);
#4661=ADVANCED_FACE('',(#4230),#4440,.T.);
#4662=ADVANCED_FACE('',(#4231,#4232),#250,.F.);
#4663=ADVANCED_FACE('',(#4233,#4234),#251,.F.);
#4664=ADVANCED_FACE('',(#4235,#4236),#252,.F.);
#4665=ADVANCED_FACE('',(#4237,#4238),#253,.F.);
#4666=ADVANCED_FACE('',(#4239,#4240),#254,.F.);
#4667=ADVANCED_FACE('',(#4241,#4242),#255,.F.);
#4668=ADVANCED_FACE('',(#4243,#4244),#256,.F.);
#4669=ADVANCED_FACE('',(#4245,#4246),#257,.F.);
#4670=ADVANCED_FACE('',(#4247,#4248),#258,.F.);
#4671=ADVANCED_FACE('',(#4249,#4250),#259,.F.);
#4672=ADVANCED_FACE('',(#4251,#4252),#260,.F.);
#4673=ADVANCED_FACE('',(#4253,#4254),#261,.F.);
#4674=ADVANCED_FACE('',(#4255,#4256),#262,.F.);
#4675=ADVANCED_FACE('',(#4257,#4258),#263,.F.);
#4676=ADVANCED_FACE('',(#4259,#4260),#264,.F.);
#4677=ADVANCED_FACE('',(#4261,#4262),#265,.F.);
#4678=ADVANCED_FACE('',(#4263,#4264),#266,.F.);
#4679=ADVANCED_FACE('',(#4265,#4266),#267,.F.);
#4680=ADVANCED_FACE('',(#4267,#4268),#268,.F.);
#4681=ADVANCED_FACE('',(#4269,#4270),#269,.F.);
#4682=ADVANCED_FACE('',(#4271,#4272,#4273,#4274),#4441,.T.);
#4683=ADVANCED_FACE('',(#4275),#4442,.T.);
#4684=ADVANCED_FACE('',(#4276,#4277,#4278),#4443,.F.);
#4685=ADVANCED_FACE('',(#4279,#4280),#4444,.F.);
#4686=ADVANCED_FACE('',(#4281),#4445,.F.);
#4687=ADVANCED_FACE('',(#4282),#270,.T.);
#4688=ADVANCED_FACE('',(#4283),#4446,.F.);
#4689=ADVANCED_FACE('',(#4284),#271,.T.);
#4690=ADVANCED_FACE('',(#4285),#4447,.T.);
#4691=ADVANCED_FACE('',(#4286),#272,.T.);
#4692=ADVANCED_FACE('',(#4287),#4448,.T.);
#4693=ADVANCED_FACE('',(#4288),#273,.T.);
#4694=ADVANCED_FACE('',(#4289),#4449,.T.);
#4695=ADVANCED_FACE('',(#4290),#274,.F.);
#4696=ADVANCED_FACE('',(#4291),#4450,.T.);
#4697=ADVANCED_FACE('',(#4292),#275,.F.);
#4698=ADVANCED_FACE('',(#4293),#4451,.F.);
#4699=ADVANCED_FACE('',(#4294),#276,.F.);
#4700=ADVANCED_FACE('',(#4295),#4452,.F.);
#4701=ADVANCED_FACE('',(#4296),#277,.F.);
#4702=ADVANCED_FACE('',(#4297,#4298),#278,.F.);
#4703=ADVANCED_FACE('',(#4299,#4300),#279,.F.);
#4704=ADVANCED_FACE('',(#4301,#4302),#280,.F.);
#4705=ADVANCED_FACE('',(#4303,#4304),#281,.T.);
#4706=ADVANCED_FACE('',(#4305,#4306),#4453,.T.);
#4707=ADVANCED_FACE('',(#4307,#4308),#282,.T.);
#4708=ADVANCED_FACE('',(#4309,#4310),#4454,.T.);
#4709=ADVANCED_FACE('',(#4311,#4312),#283,.T.);
#4710=ADVANCED_FACE('',(#4313,#4314),#4455,.T.);
#4711=CLOSED_SHELL('',(#4456,#4457,#4458,#4459,#4460,#4461,#4462,#4463,
#4464,#4465,#4466,#4467,#4468,#4469,#4470,#4471,#4472,#4473,#4474,#4475,
#4476,#4477,#4478,#4479,#4480,#4481,#4482,#4483,#4484,#4485));
#4712=CLOSED_SHELL('',(#4486,#4487,#4488,#4489,#4490,#4491,#4492,#4493,
#4494,#4495,#4496,#4497,#4498,#4499));
#4713=CLOSED_SHELL('',(#4500,#4501,#4502));
#4714=CLOSED_SHELL('',(#4503,#4504,#4505,#4506,#4507,#4508,#4509,#4510,
#4511,#4512,#4513,#4514,#4515,#4516,#4517,#4518,#4519,#4520,#4521,#4522,
#4523,#4524,#4525,#4526));
#4715=CLOSED_SHELL('',(#4527,#4528,#4529,#4530,#4531,#4532,#4533,#4534,
#4535));
#4716=CLOSED_SHELL('',(#4536,#4537,#4538));
#4717=CLOSED_SHELL('',(#4539,#4540,#4541,#4542,#4543,#4544,#4545,#4546,
#4547,#4548,#4549,#4550,#4551,#4552));
#4718=CLOSED_SHELL('',(#4553,#4554,#4555));
#4719=CLOSED_SHELL('',(#4556,#4557,#4558,#4559,#4560,#4561,#4562,#4563,
#4564,#4565,#4566,#4567,#4568,#4569));
#4720=CLOSED_SHELL('',(#4570,#4571,#4572,#4573,#4574,#4575,#4576,#4577,
#4578,#4579));
#4721=CLOSED_SHELL('',(#4580,#4581,#4582,#4583,#4584,#4585,#4586,#4587,
#4588,#4589,#4590,#4591,#4592,#4593,#4594,#4595,#4596,#4597,#4598,#4599,
#4600,#4601,#4602,#4603,#4604,#4605,#4606,#4607,#4608,#4609));
#4722=CLOSED_SHELL('',(#4610,#4611,#4612,#4613,#4614,#4615,#4616,#4617,
#4618,#4619,#4620,#4621,#4622,#4623));
#4723=CLOSED_SHELL('',(#4624,#4625,#4626));
#4724=CLOSED_SHELL('',(#4627,#4628,#4629,#4630,#4631,#4632,#4633,#4634,
#4635,#4636,#4637,#4638,#4639,#4640,#4641,#4642,#4643,#4644,#4645,#4646,
#4647,#4648,#4649,#4650,#4651,#4652,#4653,#4654,#4655,#4656,#4657,#4658,
#4659,#4660,#4661,#4662,#4663,#4664,#4665,#4666,#4667,#4668,#4669,#4670,
#4671,#4672,#4673,#4674,#4675,#4676,#4677,#4678,#4679,#4680,#4681));
#4725=CLOSED_SHELL('',(#4682,#4683,#4684,#4685,#4686,#4687,#4688,#4689,
#4690,#4691,#4692,#4693,#4694,#4695,#4696,#4697,#4698,#4699,#4700,#4701,
#4702,#4703,#4704,#4705,#4706,#4707,#4708,#4709,#4710));
#4726=STYLED_ITEM('',(#4741),#4918);
#4727=STYLED_ITEM('',(#4742),#4919);
#4728=STYLED_ITEM('',(#4743),#4920);
#4729=STYLED_ITEM('',(#4744),#4921);
#4730=STYLED_ITEM('',(#4747),#4922);
#4731=STYLED_ITEM('',(#4748),#4923);
#4732=STYLED_ITEM('',(#4749),#4924);
#4733=STYLED_ITEM('',(#4750),#4925);
#4734=STYLED_ITEM('',(#4751),#4926);
#4735=STYLED_ITEM('',(#4752),#4927);
#4736=STYLED_ITEM('',(#4753),#4928);
#4737=STYLED_ITEM('',(#4760),#4929);
#4738=STYLED_ITEM('',(#4761),#4930);
#4739=STYLED_ITEM('',(#4762),#4931);
#4740=STYLED_ITEM('',(#4763),#4932);
#4741=PRESENTATION_STYLE_ASSIGNMENT((#4770));
#4742=PRESENTATION_STYLE_ASSIGNMENT((#4771));
#4743=PRESENTATION_STYLE_ASSIGNMENT((#4772));
#4744=PRESENTATION_STYLE_ASSIGNMENT((#4773));
#4745=PRESENTATION_STYLE_ASSIGNMENT((#4774));
#4746=PRESENTATION_STYLE_ASSIGNMENT((#4775));
#4747=PRESENTATION_STYLE_ASSIGNMENT((#4776));
#4748=PRESENTATION_STYLE_ASSIGNMENT((#4777));
#4749=PRESENTATION_STYLE_ASSIGNMENT((#4778));
#4750=PRESENTATION_STYLE_ASSIGNMENT((#4779));
#4751=PRESENTATION_STYLE_ASSIGNMENT((#4780));
#4752=PRESENTATION_STYLE_ASSIGNMENT((#4781));
#4753=PRESENTATION_STYLE_ASSIGNMENT((#4782));
#4754=PRESENTATION_STYLE_ASSIGNMENT((#4783));
#4755=PRESENTATION_STYLE_ASSIGNMENT((#4784));
#4756=PRESENTATION_STYLE_ASSIGNMENT((#4785));
#4757=PRESENTATION_STYLE_ASSIGNMENT((#4786));
#4758=PRESENTATION_STYLE_ASSIGNMENT((#4787));
#4759=PRESENTATION_STYLE_ASSIGNMENT((#4788));
#4760=PRESENTATION_STYLE_ASSIGNMENT((#4789));
#4761=PRESENTATION_STYLE_ASSIGNMENT((#4790));
#4762=PRESENTATION_STYLE_ASSIGNMENT((#4791));
#4763=PRESENTATION_STYLE_ASSIGNMENT((#4792));
#4764=PRESENTATION_STYLE_ASSIGNMENT((#4793));
#4765=PRESENTATION_STYLE_ASSIGNMENT((#4794));
#4766=PRESENTATION_STYLE_ASSIGNMENT((#4795));
#4767=PRESENTATION_STYLE_ASSIGNMENT((#4796));
#4768=PRESENTATION_STYLE_ASSIGNMENT((#4797));
#4769=PRESENTATION_STYLE_ASSIGNMENT((#4798));
#4770=SURFACE_STYLE_USAGE(.BOTH.,#4799);
#4771=SURFACE_STYLE_USAGE(.BOTH.,#4800);
#4772=SURFACE_STYLE_USAGE(.BOTH.,#4801);
#4773=SURFACE_STYLE_USAGE(.BOTH.,#4802);
#4774=SURFACE_STYLE_USAGE(.BOTH.,#4803);
#4775=SURFACE_STYLE_USAGE(.BOTH.,#4804);
#4776=SURFACE_STYLE_USAGE(.BOTH.,#4805);
#4777=SURFACE_STYLE_USAGE(.BOTH.,#4806);
#4778=SURFACE_STYLE_USAGE(.BOTH.,#4807);
#4779=SURFACE_STYLE_USAGE(.BOTH.,#4808);
#4780=SURFACE_STYLE_USAGE(.BOTH.,#4809);
#4781=SURFACE_STYLE_USAGE(.BOTH.,#4810);
#4782=SURFACE_STYLE_USAGE(.BOTH.,#4811);
#4783=SURFACE_STYLE_USAGE(.BOTH.,#4812);
#4784=SURFACE_STYLE_USAGE(.BOTH.,#4813);
#4785=SURFACE_STYLE_USAGE(.BOTH.,#4814);
#4786=SURFACE_STYLE_USAGE(.BOTH.,#4815);
#4787=SURFACE_STYLE_USAGE(.BOTH.,#4816);
#4788=SURFACE_STYLE_USAGE(.BOTH.,#4817);
#4789=SURFACE_STYLE_USAGE(.BOTH.,#4818);
#4790=SURFACE_STYLE_USAGE(.BOTH.,#4819);
#4791=SURFACE_STYLE_USAGE(.BOTH.,#4820);
#4792=SURFACE_STYLE_USAGE(.BOTH.,#4821);
#4793=SURFACE_STYLE_USAGE(.BOTH.,#4822);
#4794=SURFACE_STYLE_USAGE(.BOTH.,#4823);
#4795=SURFACE_STYLE_USAGE(.BOTH.,#4824);
#4796=SURFACE_STYLE_USAGE(.BOTH.,#4825);
#4797=SURFACE_STYLE_USAGE(.BOTH.,#4826);
#4798=SURFACE_STYLE_USAGE(.BOTH.,#4827);
#4799=SURFACE_SIDE_STYLE('',(#4828));
#4800=SURFACE_SIDE_STYLE('',(#4829));
#4801=SURFACE_SIDE_STYLE('',(#4830));
#4802=SURFACE_SIDE_STYLE('',(#4831));
#4803=SURFACE_SIDE_STYLE('',(#4832));
#4804=SURFACE_SIDE_STYLE('',(#4833));
#4805=SURFACE_SIDE_STYLE('',(#4834));
#4806=SURFACE_SIDE_STYLE('',(#4835));
#4807=SURFACE_SIDE_STYLE('',(#4836));
#4808=SURFACE_SIDE_STYLE('',(#4837));
#4809=SURFACE_SIDE_STYLE('',(#4838));
#4810=SURFACE_SIDE_STYLE('',(#4839));
#4811=SURFACE_SIDE_STYLE('',(#4840));
#4812=SURFACE_SIDE_STYLE('',(#4841));
#4813=SURFACE_SIDE_STYLE('',(#4842));
#4814=SURFACE_SIDE_STYLE('',(#4843));
#4815=SURFACE_SIDE_STYLE('',(#4844));
#4816=SURFACE_SIDE_STYLE('',(#4845));
#4817=SURFACE_SIDE_STYLE('',(#4846));
#4818=SURFACE_SIDE_STYLE('',(#4847));
#4819=SURFACE_SIDE_STYLE('',(#4848));
#4820=SURFACE_SIDE_STYLE('',(#4849));
#4821=SURFACE_SIDE_STYLE('',(#4850));
#4822=SURFACE_SIDE_STYLE('',(#4851));
#4823=SURFACE_SIDE_STYLE('',(#4852));
#4824=SURFACE_SIDE_STYLE('',(#4853));
#4825=SURFACE_SIDE_STYLE('',(#4854));
#4826=SURFACE_SIDE_STYLE('',(#4855));
#4827=SURFACE_SIDE_STYLE('',(#4856));
#4828=SURFACE_STYLE_FILL_AREA(#4857);
#4829=SURFACE_STYLE_FILL_AREA(#4858);
#4830=SURFACE_STYLE_FILL_AREA(#4859);
#4831=SURFACE_STYLE_FILL_AREA(#4860);
#4832=SURFACE_STYLE_FILL_AREA(#4861);
#4833=SURFACE_STYLE_FILL_AREA(#4862);
#4834=SURFACE_STYLE_FILL_AREA(#4863);
#4835=SURFACE_STYLE_FILL_AREA(#4864);
#4836=SURFACE_STYLE_FILL_AREA(#4865);
#4837=SURFACE_STYLE_FILL_AREA(#4866);
#4838=SURFACE_STYLE_FILL_AREA(#4867);
#4839=SURFACE_STYLE_FILL_AREA(#4868);
#4840=SURFACE_STYLE_FILL_AREA(#4869);
#4841=SURFACE_STYLE_FILL_AREA(#4870);
#4842=SURFACE_STYLE_FILL_AREA(#4871);
#4843=SURFACE_STYLE_FILL_AREA(#4872);
#4844=SURFACE_STYLE_FILL_AREA(#4873);
#4845=SURFACE_STYLE_FILL_AREA(#4874);
#4846=SURFACE_STYLE_FILL_AREA(#4875);
#4847=SURFACE_STYLE_FILL_AREA(#4876);
#4848=SURFACE_STYLE_FILL_AREA(#4877);
#4849=SURFACE_STYLE_FILL_AREA(#4878);
#4850=SURFACE_STYLE_FILL_AREA(#4879);
#4851=SURFACE_STYLE_FILL_AREA(#4880);
#4852=SURFACE_STYLE_FILL_AREA(#4881);
#4853=SURFACE_STYLE_FILL_AREA(#4882);
#4854=SURFACE_STYLE_FILL_AREA(#4883);
#4855=SURFACE_STYLE_FILL_AREA(#4884);
#4856=SURFACE_STYLE_FILL_AREA(#4885);
#4857=FILL_AREA_STYLE('',(#4886));
#4858=FILL_AREA_STYLE('',(#4887));
#4859=FILL_AREA_STYLE('',(#4888));
#4860=FILL_AREA_STYLE('',(#4889));
#4861=FILL_AREA_STYLE('',(#4890));
#4862=FILL_AREA_STYLE('',(#4891));
#4863=FILL_AREA_STYLE('',(#4892));
#4864=FILL_AREA_STYLE('',(#4893));
#4865=FILL_AREA_STYLE('',(#4894));
#4866=FILL_AREA_STYLE('',(#4895));
#4867=FILL_AREA_STYLE('',(#4896));
#4868=FILL_AREA_STYLE('',(#4897));
#4869=FILL_AREA_STYLE('',(#4898));
#4870=FILL_AREA_STYLE('',(#4899));
#4871=FILL_AREA_STYLE('',(#4900));
#4872=FILL_AREA_STYLE('',(#4901));
#4873=FILL_AREA_STYLE('',(#4902));
#4874=FILL_AREA_STYLE('',(#4903));
#4875=FILL_AREA_STYLE('',(#4904));
#4876=FILL_AREA_STYLE('',(#4905));
#4877=FILL_AREA_STYLE('',(#4906));
#4878=FILL_AREA_STYLE('',(#4907));
#4879=FILL_AREA_STYLE('',(#4908));
#4880=FILL_AREA_STYLE('',(#4909));
#4881=FILL_AREA_STYLE('',(#4910));
#4882=FILL_AREA_STYLE('',(#4911));
#4883=FILL_AREA_STYLE('',(#4912));
#4884=FILL_AREA_STYLE('',(#4913));
#4885=FILL_AREA_STYLE('',(#4914));
#4886=FILL_AREA_STYLE_COLOUR('',#4915);
#4887=FILL_AREA_STYLE_COLOUR('',#4915);
#4888=FILL_AREA_STYLE_COLOUR('',#4916);
#4889=FILL_AREA_STYLE_COLOUR('',#4917);
#4890=FILL_AREA_STYLE_COLOUR('',#4916);
#4891=FILL_AREA_STYLE_COLOUR('',#4916);
#4892=FILL_AREA_STYLE_COLOUR('',#4915);
#4893=FILL_AREA_STYLE_COLOUR('',#4916);
#4894=FILL_AREA_STYLE_COLOUR('',#4915);
#4895=FILL_AREA_STYLE_COLOUR('',#4916);
#4896=FILL_AREA_STYLE_COLOUR('',#4915);
#4897=FILL_AREA_STYLE_COLOUR('',#4915);
#4898=FILL_AREA_STYLE_COLOUR('',#4917);
#4899=FILL_AREA_STYLE_COLOUR('',#4915);
#4900=FILL_AREA_STYLE_COLOUR('',#4915);
#4901=FILL_AREA_STYLE_COLOUR('',#4915);
#4902=FILL_AREA_STYLE_COLOUR('',#4915);
#4903=FILL_AREA_STYLE_COLOUR('',#4915);
#4904=FILL_AREA_STYLE_COLOUR('',#4915);
#4905=FILL_AREA_STYLE_COLOUR('',#4915);
#4906=FILL_AREA_STYLE_COLOUR('',#4916);
#4907=FILL_AREA_STYLE_COLOUR('',#4917);
#4908=FILL_AREA_STYLE_COLOUR('',#4917);
#4909=FILL_AREA_STYLE_COLOUR('',#4915);
#4910=FILL_AREA_STYLE_COLOUR('',#4915);
#4911=FILL_AREA_STYLE_COLOUR('',#4915);
#4912=FILL_AREA_STYLE_COLOUR('',#4915);
#4913=FILL_AREA_STYLE_COLOUR('',#4915);
#4914=FILL_AREA_STYLE_COLOUR('',#4915);
#4915=COLOUR_RGB('',0.972549019607843,0.529411764705882,0.00392156862745098);
#4916=COLOUR_RGB('',0.713725490196078,0.76078431372549,0.8);
#4917=COLOUR_RGB('',0.156862745098039,0.156862745098039,0.168627450980392);
#4918=MANIFOLD_SOLID_BREP('Part 1',#4711);
#4919=MANIFOLD_SOLID_BREP('Part 13',#4712);
#4920=MANIFOLD_SOLID_BREP('Part 8',#4713);
#4921=MANIFOLD_SOLID_BREP('Part 1',#4714);
#4922=MANIFOLD_SOLID_BREP('Part 1',#4715);
#4923=MANIFOLD_SOLID_BREP('Part 6',#4716);
#4924=MANIFOLD_SOLID_BREP('Part 14',#4717);
#4925=MANIFOLD_SOLID_BREP('Part 7',#4718);
#4926=MANIFOLD_SOLID_BREP('Part 11',#4719);
#4927=MANIFOLD_SOLID_BREP('Part 1',#4720);
#4928=MANIFOLD_SOLID_BREP('Part 2',#4721);
#4929=MANIFOLD_SOLID_BREP('Part 12',#4722);
#4930=MANIFOLD_SOLID_BREP('Part 5',#4723);
#4931=MANIFOLD_SOLID_BREP('Part 4',#4724);
#4932=MANIFOLD_SOLID_BREP('Part 1',#4725);
#4933=SHAPE_DEFINITION_REPRESENTATION(#8176,#4949);
#4934=SHAPE_DEFINITION_REPRESENTATION(#8177,#4950);
#4935=SHAPE_DEFINITION_REPRESENTATION(#8179,#4951);
#4936=SHAPE_DEFINITION_REPRESENTATION(#8181,#4952);
#4937=SHAPE_DEFINITION_REPRESENTATION(#8183,#4953);
#4938=SHAPE_DEFINITION_REPRESENTATION(#8185,#4954);
#4939=SHAPE_DEFINITION_REPRESENTATION(#8187,#4955);
#4940=SHAPE_DEFINITION_REPRESENTATION(#8192,#4956);
#4941=SHAPE_DEFINITION_REPRESENTATION(#8194,#4957);
#4942=SHAPE_DEFINITION_REPRESENTATION(#8196,#4958);
#4943=SHAPE_DEFINITION_REPRESENTATION(#8199,#4959);
#4944=SHAPE_DEFINITION_REPRESENTATION(#8201,#4960);
#4945=SHAPE_DEFINITION_REPRESENTATION(#8207,#4961);
#4946=SHAPE_DEFINITION_REPRESENTATION(#8209,#4962);
#4947=SHAPE_DEFINITION_REPRESENTATION(#8211,#4963);
#4948=SHAPE_DEFINITION_REPRESENTATION(#8215,#4964);
#4949=SHAPE_REPRESENTATION('Assembly 1',(#4965,#5012,#5035,#5041,#5084,
#5102,#5108,#5109,#5110,#5111,#5134,#5140,#5163,#5164,#5185,#5238,#5239,
#5240,#5241,#5242,#5265,#5271,#5407,#5408,#5409,#5468,#5469,#5470,#5471),
#8141);
#4950=SHAPE_REPRESENTATION('Part 1',(#4965),#8142);
#4951=SHAPE_REPRESENTATION('Part 13',(#4965),#8143);
#4952=SHAPE_REPRESENTATION('Part 8',(#4965),#8144);
#4953=SHAPE_REPRESENTATION('Part 1',(#4965),#8145);
#4954=SHAPE_REPRESENTATION('Part 1',(#4965),#8146);
#4955=SHAPE_REPRESENTATION('Part 6',(#4965),#8147);
#4956=SHAPE_REPRESENTATION('Part 14',(#4965),#8148);
#4957=SHAPE_REPRESENTATION('Part 7',(#4965),#8149);
#4958=SHAPE_REPRESENTATION('Part 11',(#4965),#8150);
#4959=SHAPE_REPRESENTATION('Part 1',(#4965),#8151);
#4960=SHAPE_REPRESENTATION('Part 2',(#4965),#8152);
#4961=SHAPE_REPRESENTATION('Part 12',(#4965),#8153);
#4962=SHAPE_REPRESENTATION('Part 5',(#4965),#8154);
#4963=SHAPE_REPRESENTATION('Part 4',(#4965),#8155);
#4964=SHAPE_REPRESENTATION('Part 1',(#4965),#8156);
#4965=AXIS2_PLACEMENT_3D('',#6830,#5472,#5473);
#4966=AXIS2_PLACEMENT_3D('',#6831,#5474,#5475);
#4967=AXIS2_PLACEMENT_3D('',#6832,#5476,#5477);
#4968=AXIS2_PLACEMENT_3D('',#6834,#5478,#5479);
#4969=AXIS2_PLACEMENT_3D('',#6836,#5480,#5481);
#4970=AXIS2_PLACEMENT_3D('',#6849,#5487,#5488);
#4971=AXIS2_PLACEMENT_3D('',#6853,#5490,#5491);
#4972=AXIS2_PLACEMENT_3D('',#6857,#5493,#5494);
#4973=AXIS2_PLACEMENT_3D('',#6861,#5496,#5497);
#4974=AXIS2_PLACEMENT_3D('',#6886,#5510,#5511);
#4975=AXIS2_PLACEMENT_3D('',#6888,#5512,#5513);
#4976=AXIS2_PLACEMENT_3D('',#6889,#5514,#5515);
#4977=AXIS2_PLACEMENT_3D('',#6891,#5516,#5517);
#4978=AXIS2_PLACEMENT_3D('',#6920,#5531,#5532);
#4979=AXIS2_PLACEMENT_3D('',#6924,#5534,#5535);
#4980=AXIS2_PLACEMENT_3D('',#6928,#5537,#5538);
#4981=AXIS2_PLACEMENT_3D('',#6932,#5540,#5541);
#4982=AXIS2_PLACEMENT_3D('',#6941,#5546,#5547);
#4983=AXIS2_PLACEMENT_3D('',#6943,#5548,#5549);
#4984=AXIS2_PLACEMENT_3D('',#6945,#5550,#5551);
#4985=AXIS2_PLACEMENT_3D('',#6948,#5554,#5555);
#4986=AXIS2_PLACEMENT_3D('',#6950,#5557,#5558);
#4987=AXIS2_PLACEMENT_3D('',#6952,#5560,#5561);
#4988=AXIS2_PLACEMENT_3D('',#6954,#5563,#5564);
#4989=AXIS2_PLACEMENT_3D('',#6956,#5566,#5567);
#4990=AXIS2_PLACEMENT_3D('',#6958,#5569,#5570);
#4991=AXIS2_PLACEMENT_3D('',#6960,#5572,#5573);
#4992=AXIS2_PLACEMENT_3D('',#6961,#5574,#5575);
#4993=AXIS2_PLACEMENT_3D('',#6964,#5578,#5579);
#4994=AXIS2_PLACEMENT_3D('',#6966,#5581,#5582);
#4995=AXIS2_PLACEMENT_3D('',#6968,#5584,#5585);
#4996=AXIS2_PLACEMENT_3D('',#6969,#5586,#5587);
#4997=AXIS2_PLACEMENT_3D('',#6972,#5590,#5591);
#4998=AXIS2_PLACEMENT_3D('',#6974,#5593,#5594);
#4999=AXIS2_PLACEMENT_3D('',#6976,#5596,#5597);
#5000=AXIS2_PLACEMENT_3D('',#6977,#5598,#5599);
#5001=AXIS2_PLACEMENT_3D('',#6980,#5602,#5603);
#5002=AXIS2_PLACEMENT_3D('',#6982,#5605,#5606);
#5003=AXIS2_PLACEMENT_3D('',#6984,#5608,#5609);
#5004=AXIS2_PLACEMENT_3D('',#6985,#5610,#5611);
#5005=AXIS2_PLACEMENT_3D('',#6988,#5614,#5615);
#5006=AXIS2_PLACEMENT_3D('',#6990,#5617,#5618);
#5007=AXIS2_PLACEMENT_3D('',#6992,#5620,#5621);
#5008=AXIS2_PLACEMENT_3D('',#6993,#5622,#5623);
#5009=AXIS2_PLACEMENT_3D('',#6994,#5624,#5625);
#5010=AXIS2_PLACEMENT_3D('',#6995,#5626,#5627);
#5011=AXIS2_PLACEMENT_3D('',#6996,#5628,#5629);
#5012=AXIS2_PLACEMENT_3D('',#6997,#5630,#5631);
#5013=AXIS2_PLACEMENT_3D('',#6998,#5632,#5633);
#5014=AXIS2_PLACEMENT_3D('',#6999,#5634,#5635);
#5015=AXIS2_PLACEMENT_3D('',#7001,#5636,#5637);
#5016=AXIS2_PLACEMENT_3D('',#7011,#5642,#5643);
#5017=AXIS2_PLACEMENT_3D('',#7025,#5651,#5652);
#5018=AXIS2_PLACEMENT_3D('',#7039,#5660,#5661);
#5019=AXIS2_PLACEMENT_3D('',#7041,#5663,#5664);
#5020=AXIS2_PLACEMENT_3D('',#7044,#5667,#5668);
#5021=AXIS2_PLACEMENT_3D('',#7045,#5669,#5670);
#5022=AXIS2_PLACEMENT_3D('',#7047,#5671,#5672);
#5023=AXIS2_PLACEMENT_3D('',#7050,#5674,#5675);
#5024=AXIS2_PLACEMENT_3D('',#7051,#5676,#5677);
#5025=AXIS2_PLACEMENT_3D('',#7053,#5678,#5679);
#5026=AXIS2_PLACEMENT_3D('',#7055,#5680,#5681);
#5027=AXIS2_PLACEMENT_3D('',#7057,#5682,#5683);
#5028=AXIS2_PLACEMENT_3D('',#7059,#5684,#5685);
#5029=AXIS2_PLACEMENT_3D('',#7061,#5687,#5688);
#5030=AXIS2_PLACEMENT_3D('',#7063,#5690,#5691);
#5031=AXIS2_PLACEMENT_3D('',#7064,#5692,#5693);
#5032=AXIS2_PLACEMENT_3D('',#7065,#5694,#5695);
#5033=AXIS2_PLACEMENT_3D('',#7066,#5696,#5697);
#5034=AXIS2_PLACEMENT_3D('',#7067,#5698,#5699);
#5035=AXIS2_PLACEMENT_3D('',#7068,#5700,#5701);
#5036=AXIS2_PLACEMENT_3D('',#7069,#5702,#5703);
#5037=AXIS2_PLACEMENT_3D('',#7070,#5704,#5705);
#5038=AXIS2_PLACEMENT_3D('',#7072,#5706,#5707);
#5039=AXIS2_PLACEMENT_3D('',#7074,#5708,#5709);
#5040=AXIS2_PLACEMENT_3D('',#7075,#5710,#5711);
#5041=AXIS2_PLACEMENT_3D('',#7076,#5712,#5713);
#5042=AXIS2_PLACEMENT_3D('',#7077,#5714,#5715);
#5043=AXIS2_PLACEMENT_3D('',#7078,#5716,#5717);
#5044=AXIS2_PLACEMENT_3D('',#7088,#5722,#5723);
#5045=AXIS2_PLACEMENT_3D('',#7090,#5724,#5725);
#5046=AXIS2_PLACEMENT_3D('',#7099,#5730,#5731);
#5047=AXIS2_PLACEMENT_3D('',#7101,#5732,#5733);
#5048=AXIS2_PLACEMENT_3D('',#7103,#5734,#5735);
#5049=AXIS2_PLACEMENT_3D('',#7104,#5736,#5737);
#5050=AXIS2_PLACEMENT_3D('',#7114,#5742,#5743);
#5051=AXIS2_PLACEMENT_3D('',#7116,#5744,#5745);
#5052=AXIS2_PLACEMENT_3D('',#7125,#5750,#5751);
#5053=AXIS2_PLACEMENT_3D('',#7127,#5752,#5753);
#5054=AXIS2_PLACEMENT_3D('',#7129,#5754,#5755);
#5055=AXIS2_PLACEMENT_3D('',#7135,#5759,#5760);
#5056=AXIS2_PLACEMENT_3D('',#7141,#5764,#5765);
#5057=AXIS2_PLACEMENT_3D('',#7142,#5766,#5767);
#5058=AXIS2_PLACEMENT_3D('',#7144,#5768,#5769);
#5059=AXIS2_PLACEMENT_3D('',#7146,#5770,#5771);
#5060=AXIS2_PLACEMENT_3D('',#7153,#5775,#5776);
#5061=AXIS2_PLACEMENT_3D('',#7155,#5777,#5778);
#5062=AXIS2_PLACEMENT_3D('',#7157,#5779,#5780);
#5063=AXIS2_PLACEMENT_3D('',#7158,#5781,#5782);
#5064=AXIS2_PLACEMENT_3D('',#7160,#5783,#5784);
#5065=AXIS2_PLACEMENT_3D('',#7162,#5785,#5786);
#5066=AXIS2_PLACEMENT_3D('',#7169,#5790,#5791);
#5067=AXIS2_PLACEMENT_3D('',#7171,#5792,#5793);
#5068=AXIS2_PLACEMENT_3D('',#7176,#5798,#5799);
#5069=AXIS2_PLACEMENT_3D('',#7178,#5801,#5802);
#5070=AXIS2_PLACEMENT_3D('',#7182,#5806,#5807);
#5071=AXIS2_PLACEMENT_3D('',#7183,#5808,#5809);
#5072=AXIS2_PLACEMENT_3D('',#7184,#5810,#5811);
#5073=AXIS2_PLACEMENT_3D('',#7186,#5812,#5813);
#5074=AXIS2_PLACEMENT_3D('',#7187,#5814,#5815);
#5075=AXIS2_PLACEMENT_3D('',#7188,#5816,#5817);
#5076=AXIS2_PLACEMENT_3D('',#7189,#5818,#5819);
#5077=AXIS2_PLACEMENT_3D('',#7190,#5820,#5821);
#5078=AXIS2_PLACEMENT_3D('',#7191,#5822,#5823);
#5079=AXIS2_PLACEMENT_3D('',#7192,#5824,#5825);
#5080=AXIS2_PLACEMENT_3D('',#7193,#5826,#5827);
#5081=AXIS2_PLACEMENT_3D('',#7194,#5828,#5829);
#5082=AXIS2_PLACEMENT_3D('',#7195,#5830,#5831);
#5083=AXIS2_PLACEMENT_3D('',#7196,#5832,#5833);
#5084=AXIS2_PLACEMENT_3D('',#7197,#5834,#5835);
#5085=AXIS2_PLACEMENT_3D('',#7198,#5836,#5837);
#5086=AXIS2_PLACEMENT_3D('',#7199,#5838,#5839);
#5087=AXIS2_PLACEMENT_3D('',#7204,#5841,#5842);
#5088=AXIS2_PLACEMENT_3D('',#7207,#5844,#5845);
#5089=AXIS2_PLACEMENT_3D('',#7213,#5849,#5850);
#5090=AXIS2_PLACEMENT_3D('',#7214,#5851,#5852);
#5091=AXIS2_PLACEMENT_3D('',#7218,#5854,#5855);
#5092=AXIS2_PLACEMENT_3D('',#7219,#5856,#5857);
#5093=AXIS2_PLACEMENT_3D('',#7222,#5860,#5861);
#5094=AXIS2_PLACEMENT_3D('',#7223,#5862,#5863);
#5095=AXIS2_PLACEMENT_3D('',#7225,#5864,#5865);
#5096=AXIS2_PLACEMENT_3D('',#7226,#5866,#5867);
#5097=AXIS2_PLACEMENT_3D('',#7228,#5868,#5869);
#5098=AXIS2_PLACEMENT_3D('',#7229,#5870,#5871);
#5099=AXIS2_PLACEMENT_3D('',#7231,#5872,#5873);
#5100=AXIS2_PLACEMENT_3D('',#7232,#5874,#5875);
#5101=AXIS2_PLACEMENT_3D('',#7234,#5876,#5877);
#5102=AXIS2_PLACEMENT_3D('',#7235,#5878,#5879);
#5103=AXIS2_PLACEMENT_3D('',#7236,#5880,#5881);
#5104=AXIS2_PLACEMENT_3D('',#7237,#5882,#5883);
#5105=AXIS2_PLACEMENT_3D('',#7239,#5884,#5885);
#5106=AXIS2_PLACEMENT_3D('',#7241,#5886,#5887);
#5107=AXIS2_PLACEMENT_3D('',#7242,#5888,#5889);
#5108=AXIS2_PLACEMENT_3D('',#7243,#5890,#5891);
#5109=AXIS2_PLACEMENT_3D('',#7244,#5892,#5893);
#5110=AXIS2_PLACEMENT_3D('',#7245,#5894,#5895);
#5111=AXIS2_PLACEMENT_3D('',#7246,#5896,#5897);
#5112=AXIS2_PLACEMENT_3D('',#7247,#5898,#5899);
#5113=AXIS2_PLACEMENT_3D('',#7248,#5900,#5901);
#5114=AXIS2_PLACEMENT_3D('',#7250,#5902,#5903);
#5115=AXIS2_PLACEMENT_3D('',#7260,#5908,#5909);
#5116=AXIS2_PLACEMENT_3D('',#7274,#5917,#5918);
#5117=AXIS2_PLACEMENT_3D('',#7280,#5922,#5923);
#5118=AXIS2_PLACEMENT_3D('',#7284,#5926,#5927);
#5119=AXIS2_PLACEMENT_3D('',#7293,#5933,#5934);
#5120=AXIS2_PLACEMENT_3D('',#7294,#5935,#5936);
#5121=AXIS2_PLACEMENT_3D('',#7296,#5937,#5938);
#5122=AXIS2_PLACEMENT_3D('',#7299,#5940,#5941);
#5123=AXIS2_PLACEMENT_3D('',#7300,#5942,#5943);
#5124=AXIS2_PLACEMENT_3D('',#7302,#5944,#5945);
#5125=AXIS2_PLACEMENT_3D('',#7304,#5946,#5947);
#5126=AXIS2_PLACEMENT_3D('',#7306,#5948,#5949);
#5127=AXIS2_PLACEMENT_3D('',#7308,#5950,#5951);
#5128=AXIS2_PLACEMENT_3D('',#7310,#5953,#5954);
#5129=AXIS2_PLACEMENT_3D('',#7312,#5956,#5957);
#5130=AXIS2_PLACEMENT_3D('',#7313,#5958,#5959);
#5131=AXIS2_PLACEMENT_3D('',#7314,#5960,#5961);
#5132=AXIS2_PLACEMENT_3D('',#7315,#5962,#5963);
#5133=AXIS2_PLACEMENT_3D('',#7316,#5964,#5965);
#5134=AXIS2_PLACEMENT_3D('',#7317,#5966,#5967);
#5135=AXIS2_PLACEMENT_3D('',#7318,#5968,#5969);
#5136=AXIS2_PLACEMENT_3D('',#7319,#5970,#5971);
#5137=AXIS2_PLACEMENT_3D('',#7321,#5972,#5973);
#5138=AXIS2_PLACEMENT_3D('',#7323,#5974,#5975);
#5139=AXIS2_PLACEMENT_3D('',#7324,#5976,#5977);
#5140=AXIS2_PLACEMENT_3D('',#7325,#5978,#5979);
#5141=AXIS2_PLACEMENT_3D('',#7326,#5980,#5981);
#5142=AXIS2_PLACEMENT_3D('',#7327,#5982,#5983);
#5143=AXIS2_PLACEMENT_3D('',#7329,#5984,#5985);
#5144=AXIS2_PLACEMENT_3D('',#7339,#5990,#5991);
#5145=AXIS2_PLACEMENT_3D('',#7353,#5999,#6000);
#5146=AXIS2_PLACEMENT_3D('',#7359,#6004,#6005);
#5147=AXIS2_PLACEMENT_3D('',#7363,#6008,#6009);
#5148=AXIS2_PLACEMENT_3D('',#7372,#6015,#6016);
#5149=AXIS2_PLACEMENT_3D('',#7373,#6017,#6018);
#5150=AXIS2_PLACEMENT_3D('',#7375,#6019,#6020);
#5151=AXIS2_PLACEMENT_3D('',#7378,#6022,#6023);
#5152=AXIS2_PLACEMENT_3D('',#7379,#6024,#6025);
#5153=AXIS2_PLACEMENT_3D('',#7381,#6026,#6027);
#5154=AXIS2_PLACEMENT_3D('',#7383,#6028,#6029);
#5155=AXIS2_PLACEMENT_3D('',#7385,#6030,#6031);
#5156=AXIS2_PLACEMENT_3D('',#7387,#6032,#6033);
#5157=AXIS2_PLACEMENT_3D('',#7389,#6035,#6036);
#5158=AXIS2_PLACEMENT_3D('',#7391,#6038,#6039);
#5159=AXIS2_PLACEMENT_3D('',#7392,#6040,#6041);
#5160=AXIS2_PLACEMENT_3D('',#7393,#6042,#6043);
#5161=AXIS2_PLACEMENT_3D('',#7394,#6044,#6045);
#5162=AXIS2_PLACEMENT_3D('',#7395,#6046,#6047);
#5163=AXIS2_PLACEMENT_3D('',#7396,#6048,#6049);
#5164=AXIS2_PLACEMENT_3D('',#7397,#6050,#6051);
#5165=AXIS2_PLACEMENT_3D('',#7398,#6052,#6053);
#5166=AXIS2_PLACEMENT_3D('',#7399,#6054,#6055);
#5167=AXIS2_PLACEMENT_3D('',#7404,#6057,#6058);
#5168=AXIS2_PLACEMENT_3D('',#7407,#6060,#6061);
#5169=AXIS2_PLACEMENT_3D('',#7413,#6065,#6066);
#5170=AXIS2_PLACEMENT_3D('',#7414,#6067,#6068);
#5171=AXIS2_PLACEMENT_3D('',#7418,#6070,#6071);
#5172=AXIS2_PLACEMENT_3D('',#7419,#6072,#6073);
#5173=AXIS2_PLACEMENT_3D('',#7422,#6076,#6077);
#5174=AXIS2_PLACEMENT_3D('',#7423,#6078,#6079);
#5175=AXIS2_PLACEMENT_3D('',#7425,#6080,#6081);
#5176=AXIS2_PLACEMENT_3D('',#7427,#6082,#6083);
#5177=AXIS2_PLACEMENT_3D('',#7428,#6084,#6085);
#5178=AXIS2_PLACEMENT_3D('',#7430,#6086,#6087);
#5179=AXIS2_PLACEMENT_3D('',#7432,#6088,#6089);
#5180=AXIS2_PLACEMENT_3D('',#7433,#6090,#6091);
#5181=AXIS2_PLACEMENT_3D('',#7434,#6092,#6093);
#5182=AXIS2_PLACEMENT_3D('',#7436,#6094,#6095);
#5183=AXIS2_PLACEMENT_3D('',#7437,#6096,#6097);
#5184=AXIS2_PLACEMENT_3D('',#7439,#6098,#6099);
#5185=AXIS2_PLACEMENT_3D('',#7440,#6100,#6101);
#5186=AXIS2_PLACEMENT_3D('',#7441,#6102,#6103);
#5187=AXIS2_PLACEMENT_3D('',#7442,#6104,#6105);
#5188=AXIS2_PLACEMENT_3D('',#7444,#6106,#6107);
#5189=AXIS2_PLACEMENT_3D('',#7454,#6112,#6113);
#5190=AXIS2_PLACEMENT_3D('',#7456,#6114,#6115);
#5191=AXIS2_PLACEMENT_3D('',#7458,#6116,#6117);
#5192=AXIS2_PLACEMENT_3D('',#7460,#6118,#6119);
#5193=AXIS2_PLACEMENT_3D('',#7471,#6122,#6123);
#5194=AXIS2_PLACEMENT_3D('',#7475,#6125,#6126);
#5195=AXIS2_PLACEMENT_3D('',#7490,#6132,#6133);
#5196=AXIS2_PLACEMENT_3D('',#7491,#6134,#6135);
#5197=AXIS2_PLACEMENT_3D('',#7493,#6136,#6137);
#5198=AXIS2_PLACEMENT_3D('',#7495,#6138,#6139);
#5199=AXIS2_PLACEMENT_3D('',#7497,#6140,#6141);
#5200=AXIS2_PLACEMENT_3D('',#7510,#6147,#6148);
#5201=AXIS2_PLACEMENT_3D('',#7514,#6150,#6151);
#5202=AXIS2_PLACEMENT_3D('',#7518,#6153,#6154);
#5203=AXIS2_PLACEMENT_3D('',#7522,#6156,#6157);
#5204=AXIS2_PLACEMENT_3D('',#7523,#6158,#6159);
#5205=AXIS2_PLACEMENT_3D('',#7525,#6160,#6161);
#5206=AXIS2_PLACEMENT_3D('',#7527,#6162,#6163);
#5207=AXIS2_PLACEMENT_3D('',#7529,#6164,#6165);
#5208=AXIS2_PLACEMENT_3D('',#7539,#6170,#6171);
#5209=AXIS2_PLACEMENT_3D('',#7542,#6174,#6175);
#5210=AXIS2_PLACEMENT_3D('',#7546,#6178,#6179);
#5211=AXIS2_PLACEMENT_3D('',#7549,#6181,#6182);
#5212=AXIS2_PLACEMENT_3D('',#7551,#6184,#6185);
#5213=AXIS2_PLACEMENT_3D('',#7555,#6188,#6189);
#5214=AXIS2_PLACEMENT_3D('',#7558,#6191,#6192);
#5215=AXIS2_PLACEMENT_3D('',#7560,#6194,#6195);
#5216=AXIS2_PLACEMENT_3D('',#7562,#6197,#6198);
#5217=AXIS2_PLACEMENT_3D('',#7564,#6200,#6201);
#5218=AXIS2_PLACEMENT_3D('',#7565,#6202,#6203);
#5219=AXIS2_PLACEMENT_3D('',#7568,#6206,#6207);
#5220=AXIS2_PLACEMENT_3D('',#7570,#6209,#6210);
#5221=AXIS2_PLACEMENT_3D('',#7572,#6212,#6213);
#5222=AXIS2_PLACEMENT_3D('',#7573,#6214,#6215);
#5223=AXIS2_PLACEMENT_3D('',#7574,#6216,#6217);
#5224=AXIS2_PLACEMENT_3D('',#7576,#6218,#6219);
#5225=AXIS2_PLACEMENT_3D('',#7577,#6220,#6221);
#5226=AXIS2_PLACEMENT_3D('',#7579,#6222,#6223);
#5227=AXIS2_PLACEMENT_3D('',#7580,#6224,#6225);
#5228=AXIS2_PLACEMENT_3D('',#7581,#6226,#6227);
#5229=AXIS2_PLACEMENT_3D('',#7582,#6228,#6229);
#5230=AXIS2_PLACEMENT_3D('',#7583,#6230,#6231);
#5231=AXIS2_PLACEMENT_3D('',#7584,#6232,#6233);
#5232=AXIS2_PLACEMENT_3D('',#7596,#6234,#6235);
#5233=AXIS2_PLACEMENT_3D('',#7608,#6236,#6237);
#5234=AXIS2_PLACEMENT_3D('',#7609,#6238,#6239);
#5235=AXIS2_PLACEMENT_3D('',#7612,#6242,#6243);
#5236=AXIS2_PLACEMENT_3D('',#7614,#6245,#6246);
#5237=AXIS2_PLACEMENT_3D('',#7616,#6248,#6249);
#5238=AXIS2_PLACEMENT_3D('',#7617,#6250,#6251);
#5239=AXIS2_PLACEMENT_3D('',#7618,#6252,#6253);
#5240=AXIS2_PLACEMENT_3D('',#7619,#6254,#6255);
#5241=AXIS2_PLACEMENT_3D('',#7620,#6256,#6257);
#5242=AXIS2_PLACEMENT_3D('',#7621,#6258,#6259);
#5243=AXIS2_PLACEMENT_3D('',#7622,#6260,#6261);
#5244=AXIS2_PLACEMENT_3D('',#7623,#6262,#6263);
#5245=AXIS2_PLACEMENT_3D('',#7625,#6264,#6265);
#5246=AXIS2_PLACEMENT_3D('',#7635,#6270,#6271);
#5247=AXIS2_PLACEMENT_3D('',#7649,#6279,#6280);
#5248=AXIS2_PLACEMENT_3D('',#7663,#6288,#6289);
#5249=AXIS2_PLACEMENT_3D('',#7665,#6291,#6292);
#5250=AXIS2_PLACEMENT_3D('',#7668,#6295,#6296);
#5251=AXIS2_PLACEMENT_3D('',#7669,#6297,#6298);
#5252=AXIS2_PLACEMENT_3D('',#7671,#6299,#6300);
#5253=AXIS2_PLACEMENT_3D('',#7674,#6302,#6303);
#5254=AXIS2_PLACEMENT_3D('',#7675,#6304,#6305);
#5255=AXIS2_PLACEMENT_3D('',#7677,#6306,#6307);
#5256=AXIS2_PLACEMENT_3D('',#7679,#6308,#6309);
#5257=AXIS2_PLACEMENT_3D('',#7681,#6310,#6311);
#5258=AXIS2_PLACEMENT_3D('',#7683,#6312,#6313);
#5259=AXIS2_PLACEMENT_3D('',#7685,#6315,#6316);
#5260=AXIS2_PLACEMENT_3D('',#7687,#6318,#6319);
#5261=AXIS2_PLACEMENT_3D('',#7688,#6320,#6321);
#5262=AXIS2_PLACEMENT_3D('',#7689,#6322,#6323);
#5263=AXIS2_PLACEMENT_3D('',#7690,#6324,#6325);
#5264=AXIS2_PLACEMENT_3D('',#7691,#6326,#6327);
#5265=AXIS2_PLACEMENT_3D('',#7692,#6328,#6329);
#5266=AXIS2_PLACEMENT_3D('',#7693,#6330,#6331);
#5267=AXIS2_PLACEMENT_3D('',#7694,#6332,#6333);
#5268=AXIS2_PLACEMENT_3D('',#7696,#6334,#6335);
#5269=AXIS2_PLACEMENT_3D('',#7698,#6336,#6337);
#5270=AXIS2_PLACEMENT_3D('',#7699,#6338,#6339);
#5271=AXIS2_PLACEMENT_3D('',#7700,#6340,#6341);
#5272=AXIS2_PLACEMENT_3D('',#7701,#6342,#6343);
#5273=AXIS2_PLACEMENT_3D('',#7702,#6344,#6345);
#5274=AXIS2_PLACEMENT_3D('',#7704,#6346,#6347);
#5275=AXIS2_PLACEMENT_3D('',#7706,#6348,#6349);
#5276=AXIS2_PLACEMENT_3D('',#7708,#6350,#6351);
#5277=AXIS2_PLACEMENT_3D('',#7710,#6352,#6353);
#5278=AXIS2_PLACEMENT_3D('',#7712,#6354,#6355);
#5279=AXIS2_PLACEMENT_3D('',#7714,#6356,#6357);
#5280=AXIS2_PLACEMENT_3D('',#7716,#6358,#6359);
#5281=AXIS2_PLACEMENT_3D('',#7718,#6360,#6361);
#5282=AXIS2_PLACEMENT_3D('',#7723,#6363,#6364);
#5283=AXIS2_PLACEMENT_3D('',#7727,#6366,#6367);
#5284=AXIS2_PLACEMENT_3D('',#7731,#6369,#6370);
#5285=AXIS2_PLACEMENT_3D('',#7735,#6372,#6373);
#5286=AXIS2_PLACEMENT_3D('',#7736,#6374,#6375);
#5287=AXIS2_PLACEMENT_3D('',#7738,#6376,#6377);
#5288=AXIS2_PLACEMENT_3D('',#7740,#6378,#6379);
#5289=AXIS2_PLACEMENT_3D('',#7750,#6384,#6385);
#5290=AXIS2_PLACEMENT_3D('',#7752,#6386,#6387);
#5291=AXIS2_PLACEMENT_3D('',#7754,#6388,#6389);
#5292=AXIS2_PLACEMENT_3D('',#7756,#6390,#6391);
#5293=AXIS2_PLACEMENT_3D('',#7758,#6392,#6393);
#5294=AXIS2_PLACEMENT_3D('',#7760,#6394,#6395);
#5295=AXIS2_PLACEMENT_3D('',#7762,#6396,#6397);
#5296=AXIS2_PLACEMENT_3D('',#7764,#6398,#6399);
#5297=AXIS2_PLACEMENT_3D('',#7766,#6400,#6401);
#5298=AXIS2_PLACEMENT_3D('',#7767,#6402,#6403);
#5299=AXIS2_PLACEMENT_3D('',#7769,#6404,#6405);
#5300=AXIS2_PLACEMENT_3D('',#7771,#6406,#6407);
#5301=AXIS2_PLACEMENT_3D('',#7773,#6408,#6409);
#5302=AXIS2_PLACEMENT_3D('',#7775,#6410,#6411);
#5303=AXIS2_PLACEMENT_3D('',#7777,#6412,#6413);
#5304=AXIS2_PLACEMENT_3D('',#7779,#6414,#6415);
#5305=AXIS2_PLACEMENT_3D('',#7781,#6416,#6417);
#5306=AXIS2_PLACEMENT_3D('',#7783,#6418,#6419);
#5307=AXIS2_PLACEMENT_3D('',#7788,#6421,#6422);
#5308=AXIS2_PLACEMENT_3D('',#7790,#6423,#6424);
#5309=AXIS2_PLACEMENT_3D('',#7792,#6425,#6426);
#5310=AXIS2_PLACEMENT_3D('',#7796,#6428,#6429);
#5311=AXIS2_PLACEMENT_3D('',#7798,#6430,#6431);
#5312=AXIS2_PLACEMENT_3D('',#7800,#6432,#6433);
#5313=AXIS2_PLACEMENT_3D('',#7804,#6435,#6436);
#5314=AXIS2_PLACEMENT_3D('',#7806,#6437,#6438);
#5315=AXIS2_PLACEMENT_3D('',#7808,#6439,#6440);
#5316=AXIS2_PLACEMENT_3D('',#7812,#6442,#6443);
#5317=AXIS2_PLACEMENT_3D('',#7814,#6444,#6445);
#5318=AXIS2_PLACEMENT_3D('',#7823,#6450,#6451);
#5319=AXIS2_PLACEMENT_3D('',#7825,#6452,#6453);
#5320=AXIS2_PLACEMENT_3D('',#7827,#6454,#6455);
#5321=AXIS2_PLACEMENT_3D('',#7829,#6456,#6457);
#5322=AXIS2_PLACEMENT_3D('',#7831,#6458,#6459);
#5323=AXIS2_PLACEMENT_3D('',#7833,#6460,#6461);
#5324=AXIS2_PLACEMENT_3D('',#7835,#6462,#6463);
#5325=AXIS2_PLACEMENT_3D('',#7837,#6464,#6465);
#5326=AXIS2_PLACEMENT_3D('',#7839,#6466,#6467);
#5327=AXIS2_PLACEMENT_3D('',#7840,#6468,#6469);
#5328=AXIS2_PLACEMENT_3D('',#7842,#6470,#6471);
#5329=AXIS2_PLACEMENT_3D('',#7849,#6475,#6476);
#5330=AXIS2_PLACEMENT_3D('',#7855,#6480,#6481);
#5331=AXIS2_PLACEMENT_3D('',#7857,#6482,#6483);
#5332=AXIS2_PLACEMENT_3D('',#7859,#6484,#6485);
#5333=AXIS2_PLACEMENT_3D('',#7865,#6489,#6490);
#5334=AXIS2_PLACEMENT_3D('',#7867,#6491,#6492);
#5335=AXIS2_PLACEMENT_3D('',#7869,#6493,#6494);
#5336=AXIS2_PLACEMENT_3D('',#7870,#6495,#6496);
#5337=AXIS2_PLACEMENT_3D('',#7877,#6500,#6501);
#5338=AXIS2_PLACEMENT_3D('',#7879,#6502,#6503);
#5339=AXIS2_PLACEMENT_3D('',#7880,#6504,#6505);
#5340=AXIS2_PLACEMENT_3D('',#7882,#6506,#6507);
#5341=AXIS2_PLACEMENT_3D('',#7884,#6508,#6509);
#5342=AXIS2_PLACEMENT_3D('',#7886,#6510,#6511);
#5343=AXIS2_PLACEMENT_3D('',#7890,#6513,#6514);
#5344=AXIS2_PLACEMENT_3D('',#7891,#6515,#6516);
#5345=AXIS2_PLACEMENT_3D('',#7895,#6518,#6519);
#5346=AXIS2_PLACEMENT_3D('',#7896,#6520,#6521);
#5347=AXIS2_PLACEMENT_3D('',#7898,#6522,#6523);
#5348=AXIS2_PLACEMENT_3D('',#7900,#6524,#6525);
#5349=AXIS2_PLACEMENT_3D('',#7902,#6526,#6527);
#5350=AXIS2_PLACEMENT_3D('',#7906,#6529,#6530);
#5351=AXIS2_PLACEMENT_3D('',#7908,#6531,#6532);
#5352=AXIS2_PLACEMENT_3D('',#7910,#6533,#6534);
#5353=AXIS2_PLACEMENT_3D('',#7911,#6535,#6536);
#5354=AXIS2_PLACEMENT_3D('',#7913,#6537,#6538);
#5355=AXIS2_PLACEMENT_3D('',#7915,#6539,#6540);
#5356=AXIS2_PLACEMENT_3D('',#7919,#6542,#6543);
#5357=AXIS2_PLACEMENT_3D('',#7921,#6544,#6545);
#5358=AXIS2_PLACEMENT_3D('',#7923,#6546,#6547);
#5359=AXIS2_PLACEMENT_3D('',#7924,#6548,#6549);
#5360=AXIS2_PLACEMENT_3D('',#7926,#6551,#6552);
#5361=AXIS2_PLACEMENT_3D('',#7928,#6554,#6555);
#5362=AXIS2_PLACEMENT_3D('',#7929,#6556,#6557);
#5363=AXIS2_PLACEMENT_3D('',#7931,#6559,#6560);
#5364=AXIS2_PLACEMENT_3D('',#7933,#6562,#6563);
#5365=AXIS2_PLACEMENT_3D('',#7934,#6564,#6565);
#5366=AXIS2_PLACEMENT_3D('',#7935,#6566,#6567);
#5367=AXIS2_PLACEMENT_3D('',#7936,#6568,#6569);
#5368=AXIS2_PLACEMENT_3D('',#7937,#6570,#6571);
#5369=AXIS2_PLACEMENT_3D('',#7938,#6572,#6573);
#5370=AXIS2_PLACEMENT_3D('',#7940,#6575,#6576);
#5371=AXIS2_PLACEMENT_3D('',#7943,#6579,#6580);
#5372=AXIS2_PLACEMENT_3D('',#7946,#6583,#6584);
#5373=AXIS2_PLACEMENT_3D('',#7948,#6586,#6587);
#5374=AXIS2_PLACEMENT_3D('',#7950,#6589,#6590);
#5375=AXIS2_PLACEMENT_3D('',#7952,#6592,#6593);
#5376=AXIS2_PLACEMENT_3D('',#7954,#6595,#6596);
#5377=AXIS2_PLACEMENT_3D('',#7956,#6598,#6599);
#5378=AXIS2_PLACEMENT_3D('',#7958,#6601,#6602);
#5379=AXIS2_PLACEMENT_3D('',#7959,#6603,#6604);
#5380=AXIS2_PLACEMENT_3D('',#7960,#6605,#6606);
#5381=AXIS2_PLACEMENT_3D('',#7962,#6608,#6609);
#5382=AXIS2_PLACEMENT_3D('',#7963,#6610,#6611);
#5383=AXIS2_PLACEMENT_3D('',#7964,#6612,#6613);
#5384=AXIS2_PLACEMENT_3D('',#7967,#6616,#6617);
#5385=AXIS2_PLACEMENT_3D('',#7969,#6619,#6620);
#5386=AXIS2_PLACEMENT_3D('',#7971,#6622,#6623);
#5387=AXIS2_PLACEMENT_3D('',#7972,#6624,#6625);
#5388=AXIS2_PLACEMENT_3D('',#7973,#6626,#6627);
#5389=AXIS2_PLACEMENT_3D('',#7974,#6628,#6629);
#5390=AXIS2_PLACEMENT_3D('',#7975,#6630,#6631);
#5391=AXIS2_PLACEMENT_3D('',#7976,#6632,#6633);
#5392=AXIS2_PLACEMENT_3D('',#7977,#6634,#6635);
#5393=AXIS2_PLACEMENT_3D('',#7978,#6636,#6637);
#5394=AXIS2_PLACEMENT_3D('',#7979,#6638,#6639);
#5395=AXIS2_PLACEMENT_3D('',#7980,#6640,#6641);
#5396=AXIS2_PLACEMENT_3D('',#7981,#6642,#6643);
#5397=AXIS2_PLACEMENT_3D('',#7982,#6644,#6645);
#5398=AXIS2_PLACEMENT_3D('',#7983,#6646,#6647);
#5399=AXIS2_PLACEMENT_3D('',#7984,#6648,#6649);
#5400=AXIS2_PLACEMENT_3D('',#7985,#6650,#6651);
#5401=AXIS2_PLACEMENT_3D('',#7986,#6652,#6653);
#5402=AXIS2_PLACEMENT_3D('',#7987,#6654,#6655);
#5403=AXIS2_PLACEMENT_3D('',#7988,#6656,#6657);
#5404=AXIS2_PLACEMENT_3D('',#7989,#6658,#6659);
#5405=AXIS2_PLACEMENT_3D('',#7990,#6660,#6661);
#5406=AXIS2_PLACEMENT_3D('',#7991,#6662,#6663);
#5407=AXIS2_PLACEMENT_3D('',#7992,#6664,#6665);
#5408=AXIS2_PLACEMENT_3D('',#7993,#6666,#6667);
#5409=AXIS2_PLACEMENT_3D('',#7994,#6668,#6669);
#5410=AXIS2_PLACEMENT_3D('',#7995,#6670,#6671);
#5411=AXIS2_PLACEMENT_3D('',#7999,#6673,#6674);
#5412=AXIS2_PLACEMENT_3D('',#8003,#6676,#6677);
#5413=AXIS2_PLACEMENT_3D('',#8007,#6679,#6680);
#5414=AXIS2_PLACEMENT_3D('',#8011,#6682,#6683);
#5415=AXIS2_PLACEMENT_3D('',#8012,#6684,#6685);
#5416=AXIS2_PLACEMENT_3D('',#8014,#6686,#6687);
#5417=AXIS2_PLACEMENT_3D('',#8016,#6688,#6689);
#5418=AXIS2_PLACEMENT_3D('',#8018,#6690,#6691);
#5419=AXIS2_PLACEMENT_3D('',#8027,#6696,#6697);
#5420=AXIS2_PLACEMENT_3D('',#8028,#6698,#6699);
#5421=AXIS2_PLACEMENT_3D('',#8033,#6701,#6702);
#5422=AXIS2_PLACEMENT_3D('',#8034,#6703,#6704);
#5423=AXIS2_PLACEMENT_3D('',#8038,#6706,#6707);
#5424=AXIS2_PLACEMENT_3D('',#8042,#6709,#6710);
#5425=AXIS2_PLACEMENT_3D('',#8046,#6712,#6713);
#5426=AXIS2_PLACEMENT_3D('',#8047,#6714,#6715);
#5427=AXIS2_PLACEMENT_3D('',#8049,#6716,#6717);
#5428=AXIS2_PLACEMENT_3D('',#8053,#6719,#6720);
#5429=AXIS2_PLACEMENT_3D('',#8057,#6722,#6723);
#5430=AXIS2_PLACEMENT_3D('',#8061,#6725,#6726);
#5431=AXIS2_PLACEMENT_3D('',#8065,#6728,#6729);
#5432=AXIS2_PLACEMENT_3D('',#8066,#6730,#6731);
#5433=AXIS2_PLACEMENT_3D('',#8070,#6733,#6734);
#5434=AXIS2_PLACEMENT_3D('',#8074,#6736,#6737);
#5435=AXIS2_PLACEMENT_3D('',#8078,#6739,#6740);
#5436=AXIS2_PLACEMENT_3D('',#8082,#6742,#6743);
#5437=AXIS2_PLACEMENT_3D('',#8083,#6744,#6745);
#5438=AXIS2_PLACEMENT_3D('',#8086,#6748,#6749);
#5439=AXIS2_PLACEMENT_3D('',#8088,#6751,#6752);
#5440=AXIS2_PLACEMENT_3D('',#8090,#6754,#6755);
#5441=AXIS2_PLACEMENT_3D('',#8092,#6757,#6758);
#5442=AXIS2_PLACEMENT_3D('',#8094,#6760,#6761);
#5443=AXIS2_PLACEMENT_3D('',#8096,#6763,#6764);
#5444=AXIS2_PLACEMENT_3D('',#8098,#6766,#6767);
#5445=AXIS2_PLACEMENT_3D('',#8099,#6768,#6769);
#5446=AXIS2_PLACEMENT_3D('',#8102,#6772,#6773);
#5447=AXIS2_PLACEMENT_3D('',#8104,#6775,#6776);
#5448=AXIS2_PLACEMENT_3D('',#8106,#6778,#6779);
#5449=AXIS2_PLACEMENT_3D('',#8108,#6781,#6782);
#5450=AXIS2_PLACEMENT_3D('',#8110,#6784,#6785);
#5451=AXIS2_PLACEMENT_3D('',#8112,#6787,#6788);
#5452=AXIS2_PLACEMENT_3D('',#8114,#6790,#6791);
#5453=AXIS2_PLACEMENT_3D('',#8115,#6792,#6793);
#5454=AXIS2_PLACEMENT_3D('',#8116,#6794,#6795);
#5455=AXIS2_PLACEMENT_3D('',#8118,#6796,#6797);
#5456=AXIS2_PLACEMENT_3D('',#8119,#6798,#6799);
#5457=AXIS2_PLACEMENT_3D('',#8121,#6800,#6801);
#5458=AXIS2_PLACEMENT_3D('',#8122,#6802,#6803);
#5459=AXIS2_PLACEMENT_3D('',#8124,#6804,#6805);
#5460=AXIS2_PLACEMENT_3D('',#8125,#6806,#6807);
#5461=AXIS2_PLACEMENT_3D('',#8127,#6808,#6809);
#5462=AXIS2_PLACEMENT_3D('',#8128,#6810,#6811);
#5463=AXIS2_PLACEMENT_3D('',#8129,#6812,#6813);
#5464=AXIS2_PLACEMENT_3D('',#8131,#6814,#6815);
#5465=AXIS2_PLACEMENT_3D('',#8132,#6816,#6817);
#5466=AXIS2_PLACEMENT_3D('',#8133,#6818,#6819);
#5467=AXIS2_PLACEMENT_3D('',#8135,#6820,#6821);
#5468=AXIS2_PLACEMENT_3D('',#8136,#6822,#6823);
#5469=AXIS2_PLACEMENT_3D('',#8137,#6824,#6825);
#5470=AXIS2_PLACEMENT_3D('',#8138,#6826,#6827);
#5471=AXIS2_PLACEMENT_3D('',#8139,#6828,#6829);
#5472=DIRECTION('',(0.,0.,1.));
#5473=DIRECTION('',(1.,0.,0.));
#5474=DIRECTION('',(0.,0.,1.));
#5475=DIRECTION('',(1.,0.,0.));
#5476=DIRECTION('',(0.,0.,1.));
#5477=DIRECTION('',(1.,0.,0.));
#5478=DIRECTION('',(0.,0.,1.));
#5479=DIRECTION('',(1.,0.,0.));
#5480=DIRECTION('',(0.,0.,1.));
#5481=DIRECTION('',(1.,0.,0.));
#5482=DIRECTION('',(-2.54125394759467E-16,1.,0.));
#5483=DIRECTION('',(-1.,0.,0.));
#5484=DIRECTION('',(-2.54125394759467E-16,1.,0.));
#5485=DIRECTION('',(-1.,-3.41480999208033E-16,0.));
#5486=DIRECTION('',(-2.8143940769384E-16,-1.,0.));
#5487=DIRECTION('',(0.,0.,1.));
#5488=DIRECTION('',(1.,0.,0.));
#5489=DIRECTION('',(-1.,0.,0.));
#5490=DIRECTION('',(0.,0.,1.));
#5491=DIRECTION('',(1.,0.,0.));
#5492=DIRECTION('',(-2.8143940769384E-16,-1.,0.));
#5493=DIRECTION('',(0.,0.,1.));
#5494=DIRECTION('',(1.,0.,0.));
#5495=DIRECTION('',(-1.,0.,0.));
#5496=DIRECTION('',(0.,0.,1.));
#5497=DIRECTION('',(1.,0.,0.));
#5498=DIRECTION('',(1.,0.,0.));
#5499=DIRECTION('',(2.54125394759467E-16,-1.,0.));
#5500=DIRECTION('',(1.,3.41480999208033E-16,0.));
#5501=DIRECTION('',(2.54125394759467E-16,-1.,0.));
#5502=DIRECTION('',(-1.,0.,0.));
#5503=DIRECTION('',(-2.54125394759467E-16,-1.,0.));
#5504=DIRECTION('',(-1.,3.41480999208033E-16,0.));
#5505=DIRECTION('',(-2.54125394759467E-16,-1.,0.));
#5506=DIRECTION('',(2.54125394759467E-16,1.,0.));
#5507=DIRECTION('',(1.,-3.41480999208033E-16,0.));
#5508=DIRECTION('',(2.54125394759467E-16,1.,0.));
#5509=DIRECTION('',(1.,0.,0.));
#5510=DIRECTION('',(0.,0.,1.));
#5511=DIRECTION('',(1.,0.,0.));
#5512=DIRECTION('',(0.,0.,1.));
#5513=DIRECTION('',(1.,0.,0.));
#5514=DIRECTION('',(0.,0.,1.));
#5515=DIRECTION('',(1.,0.,0.));
#5516=DIRECTION('',(0.,0.,1.));
#5517=DIRECTION('',(1.,0.,0.));
#5518=DIRECTION('',(1.,-3.41480999208033E-16,0.));
#5519=DIRECTION('',(2.54125394759467E-16,1.,0.));
#5520=DIRECTION('',(1.,0.,0.));
#5521=DIRECTION('',(2.54125394759467E-16,1.,0.));
#5522=DIRECTION('',(-1.,0.,0.));
#5523=DIRECTION('',(-2.54125394759467E-16,1.,0.));
#5524=DIRECTION('',(-1.,-3.41480999208033E-16,0.));
#5525=DIRECTION('',(-2.54125394759467E-16,1.,0.));
#5526=DIRECTION('',(2.54125394759467E-16,-1.,0.));
#5527=DIRECTION('',(1.,0.,0.));
#5528=DIRECTION('',(2.54125394759467E-16,-1.,0.));
#5529=DIRECTION('',(1.,3.41480999208033E-16,0.));
#5530=DIRECTION('',(-2.8143940769384E-16,-1.,0.));
#5531=DIRECTION('',(0.,0.,1.));
#5532=DIRECTION('',(1.,0.,0.));
#5533=DIRECTION('',(-1.,0.,0.));
#5534=DIRECTION('',(0.,0.,1.));
#5535=DIRECTION('',(1.,0.,0.));
#5536=DIRECTION('',(-2.8143940769384E-16,-1.,0.));
#5537=DIRECTION('',(0.,0.,1.));
#5538=DIRECTION('',(1.,0.,0.));
#5539=DIRECTION('',(-1.,0.,0.));
#5540=DIRECTION('',(0.,0.,1.));
#5541=DIRECTION('',(1.,0.,0.));
#5542=DIRECTION('',(-2.54125394759467E-16,-1.,0.));
#5543=DIRECTION('',(-1.,0.,0.));
#5544=DIRECTION('',(-2.54125394759467E-16,-1.,0.));
#5545=DIRECTION('',(-1.,3.41480999208033E-16,0.));
#5546=DIRECTION('',(0.,0.,1.));
#5547=DIRECTION('',(1.,0.,0.));
#5548=DIRECTION('',(0.,0.,1.));
#5549=DIRECTION('',(1.,0.,0.));
#5550=DIRECTION('',(1.,-2.8143940769384E-16,0.));
#5551=DIRECTION('',(2.8143940769384E-16,1.,0.));
#5552=DIRECTION('',(0.,0.,-1.));
#5553=DIRECTION('',(0.,0.,-1.));
#5554=DIRECTION('',(0.,0.,-1.));
#5555=DIRECTION('',(-1.,0.,0.));
#5556=DIRECTION('',(0.,0.,-1.));
#5557=DIRECTION('',(0.,-1.,0.));
#5558=DIRECTION('',(0.,0.,-1.));
#5559=DIRECTION('',(0.,0.,-1.));
#5560=DIRECTION('',(0.,0.,-1.));
#5561=DIRECTION('',(-1.,0.,0.));
#5562=DIRECTION('',(0.,0.,-1.));
#5563=DIRECTION('',(1.,-2.8143940769384E-16,0.));
#5564=DIRECTION('',(2.8143940769384E-16,1.,0.));
#5565=DIRECTION('',(0.,0.,-1.));
#5566=DIRECTION('',(0.,0.,-1.));
#5567=DIRECTION('',(-1.,0.,0.));
#5568=DIRECTION('',(0.,0.,-1.));
#5569=DIRECTION('',(0.,-1.,0.));
#5570=DIRECTION('',(0.,0.,-1.));
#5571=DIRECTION('',(0.,0.,-1.));
#5572=DIRECTION('',(0.,0.,-1.));
#5573=DIRECTION('',(-1.,0.,0.));
#5574=DIRECTION('',(-1.,-2.54125394759467E-16,0.));
#5575=DIRECTION('',(2.54125394759467E-16,-1.,0.));
#5576=DIRECTION('',(0.,0.,1.));
#5577=DIRECTION('',(0.,0.,1.));
#5578=DIRECTION('',(0.,-1.,0.));
#5579=DIRECTION('',(0.,0.,-1.));
#5580=DIRECTION('',(0.,0.,1.));
#5581=DIRECTION('',(-1.,-2.54125394759467E-16,0.));
#5582=DIRECTION('',(2.54125394759467E-16,-1.,0.));
#5583=DIRECTION('',(0.,0.,1.));
#5584=DIRECTION('',(3.41480999208033E-16,-1.,0.));
#5585=DIRECTION('',(1.,3.41480999208033E-16,0.));
#5586=DIRECTION('',(-1.,2.54125394759467E-16,0.));
#5587=DIRECTION('',(-2.54125394759467E-16,-1.,0.));
#5588=DIRECTION('',(0.,0.,1.));
#5589=DIRECTION('',(0.,0.,1.));
#5590=DIRECTION('',(0.,1.,0.));
#5591=DIRECTION('',(0.,0.,1.));
#5592=DIRECTION('',(0.,0.,1.));
#5593=DIRECTION('',(-1.,2.54125394759467E-16,0.));
#5594=DIRECTION('',(-2.54125394759467E-16,-1.,0.));
#5595=DIRECTION('',(0.,0.,1.));
#5596=DIRECTION('',(3.41480999208033E-16,1.,0.));
#5597=DIRECTION('',(-1.,3.41480999208033E-16,0.));
#5598=DIRECTION('',(1.,2.54125394759467E-16,0.));
#5599=DIRECTION('',(-2.54125394759467E-16,1.,0.));
#5600=DIRECTION('',(0.,0.,1.));
#5601=DIRECTION('',(0.,0.,1.));
#5602=DIRECTION('',(-3.41480999208033E-16,1.,0.));
#5603=DIRECTION('',(-1.,-3.41480999208033E-16,0.));
#5604=DIRECTION('',(0.,0.,1.));
#5605=DIRECTION('',(1.,2.54125394759467E-16,0.));
#5606=DIRECTION('',(-2.54125394759467E-16,1.,0.));
#5607=DIRECTION('',(0.,0.,1.));
#5608=DIRECTION('',(0.,1.,0.));
#5609=DIRECTION('',(0.,0.,1.));
#5610=DIRECTION('',(-3.41480999208033E-16,-1.,0.));
#5611=DIRECTION('',(1.,-3.41480999208033E-16,0.));
#5612=DIRECTION('',(0.,0.,1.));
#5613=DIRECTION('',(0.,0.,1.));
#5614=DIRECTION('',(1.,-2.54125394759467E-16,0.));
#5615=DIRECTION('',(2.54125394759467E-16,1.,0.));
#5616=DIRECTION('',(0.,0.,1.));
#5617=DIRECTION('',(0.,-1.,0.));
#5618=DIRECTION('',(0.,0.,-1.));
#5619=DIRECTION('',(0.,0.,1.));
#5620=DIRECTION('',(1.,-2.54125394759467E-16,0.));
#5621=DIRECTION('',(2.54125394759467E-16,1.,0.));
#5622=DIRECTION('',(0.,0.,1.));
#5623=DIRECTION('',(1.,0.,0.));
#5624=DIRECTION('',(0.,0.,1.));
#5625=DIRECTION('',(1.,0.,0.));
#5626=DIRECTION('',(0.,0.,1.));
#5627=DIRECTION('',(1.,0.,0.));
#5628=DIRECTION('',(0.,0.,1.));
#5629=DIRECTION('',(1.,0.,0.));
#5630=DIRECTION('',(0.,0.,1.));
#5631=DIRECTION('',(1.,0.,0.));
#5632=DIRECTION('',(0.,0.,1.));
#5633=DIRECTION('',(1.,0.,0.));
#5634=DIRECTION('',(0.,0.,1.));
#5635=DIRECTION('',(-1.,0.,0.));
#5636=DIRECTION('',(0.,0.,1.));
#5637=DIRECTION('',(-1.,0.,0.));
#5638=DIRECTION('',(-1.,0.,0.));
#5639=DIRECTION('',(2.54125394759467E-16,1.,0.));
#5640=DIRECTION('',(1.,0.,0.));
#5641=DIRECTION('',(2.54125394759467E-16,1.,0.));
#5642=DIRECTION('',(1.,-2.54125394759467E-16,0.));
#5643=DIRECTION('',(2.54125394759467E-16,1.,0.));
#5644=DIRECTION('',(2.54125394759467E-16,1.,0.));
#5645=DIRECTION('',(0.,0.,-1.));
#5646=DIRECTION('',(2.54125394759467E-16,1.,0.));
#5647=DIRECTION('',(0.,0.,1.));
#5648=DIRECTION('',(2.54125394759467E-16,1.,0.));
#5649=DIRECTION('',(0.,0.,1.));
#5650=DIRECTION('',(0.,0.,-1.));
#5651=DIRECTION('',(1.,-2.54125394759467E-16,0.));
#5652=DIRECTION('',(2.54125394759467E-16,1.,0.));
#5653=DIRECTION('',(2.54125394759467E-16,1.,0.));
#5654=DIRECTION('',(0.,0.,-1.));
#5655=DIRECTION('',(0.,0.,1.));
#5656=DIRECTION('',(2.54125394759467E-16,1.,0.));
#5657=DIRECTION('',(0.,0.,1.));
#5658=DIRECTION('',(2.54125394759467E-16,1.,0.));
#5659=DIRECTION('',(0.,0.,-1.));
#5660=DIRECTION('',(0.,-1.,0.));
#5661=DIRECTION('',(0.,0.,-1.));
#5662=DIRECTION('',(1.,0.,0.));
#5663=DIRECTION('',(-3.41480999208033E-16,-1.,0.));
#5664=DIRECTION('',(1.,-3.41480999208033E-16,0.));
#5665=DIRECTION('',(1.,-3.41480999208033E-16,0.));
#5666=DIRECTION('',(1.,-3.41480999208033E-16,0.));
#5667=DIRECTION('',(0.,0.,1.));
#5668=DIRECTION('',(1.,0.,0.));
#5669=DIRECTION('',(0.,0.,1.));
#5670=DIRECTION('',(-1.,0.,0.));
#5671=DIRECTION('',(0.,0.,1.));
#5672=DIRECTION('',(-1.,0.,0.));
#5673=DIRECTION('',(-1.,0.,0.));
#5674=DIRECTION('',(0.,0.,1.));
#5675=DIRECTION('',(1.,0.,0.));
#5676=DIRECTION('',(0.,0.,1.));
#5677=DIRECTION('',(1.,0.,0.));
#5678=DIRECTION('',(0.,0.,1.));
#5679=DIRECTION('',(1.,0.,0.));
#5680=DIRECTION('',(0.,0.,1.));
#5681=DIRECTION('',(1.,0.,0.));
#5682=DIRECTION('',(0.,0.,1.));
#5683=DIRECTION('',(1.,0.,0.));
#5684=DIRECTION('',(0.,-1.,0.));
#5685=DIRECTION('',(0.,0.,-1.));
#5686=DIRECTION('',(-1.,0.,0.));
#5687=DIRECTION('',(0.,-1.,0.));
#5688=DIRECTION('',(0.,0.,-1.));
#5689=DIRECTION('',(-1.,0.,0.));
#5690=DIRECTION('',(0.,0.,-1.));
#5691=DIRECTION('',(1.,0.,0.));
#5692=DIRECTION('',(0.,0.,-1.));
#5693=DIRECTION('',(-1.,0.,0.));
#5694=DIRECTION('',(0.,0.,-1.));
#5695=DIRECTION('',(-1.,0.,0.));
#5696=DIRECTION('',(0.,0.,-1.));
#5697=DIRECTION('',(-1.,0.,0.));
#5698=DIRECTION('',(0.,0.,-1.));
#5699=DIRECTION('',(-1.,0.,0.));
#5700=DIRECTION('',(0.,0.,1.));
#5701=DIRECTION('',(1.,0.,0.));
#5702=DIRECTION('',(0.,0.,-1.));
#5703=DIRECTION('',(-1.,0.,0.));
#5704=DIRECTION('',(0.,0.,-1.));
#5705=DIRECTION('',(1.,0.,0.));
#5706=DIRECTION('',(0.,0.,-1.));
#5707=DIRECTION('',(1.,0.,0.));
#5708=DIRECTION('',(0.,0.,1.));
#5709=DIRECTION('',(1.,0.,0.));
#5710=DIRECTION('',(0.,0.,1.));
#5711=DIRECTION('',(1.,0.,0.));
#5712=DIRECTION('',(0.,0.,1.));
#5713=DIRECTION('',(1.,0.,0.));
#5714=DIRECTION('',(-8.75592305661623E-17,0.,-1.));
#5715=DIRECTION('',(-1.,0.,8.75592305661623E-17));
#5716=DIRECTION('',(-8.75592305661623E-17,0.,-1.));
#5717=DIRECTION('',(-1.,0.,8.75592305661623E-17));
#5718=DIRECTION('',(1.,0.,-8.75592305661623E-17));
#5719=DIRECTION('',(0.,-1.,0.));
#5720=DIRECTION('',(1.,0.,-8.75592305661623E-17));
#5721=DIRECTION('',(0.,-1.,0.));
#5722=DIRECTION('',(-8.75592305661623E-17,0.,-1.));
#5723=DIRECTION('',(-1.,0.,8.75592305661623E-17));
#5724=DIRECTION('',(-8.75592305661623E-17,0.,-1.));
#5725=DIRECTION('',(-1.,0.,8.75592305661623E-17));
#5726=DIRECTION('',(1.,0.,-8.75592305661623E-17));
#5727=DIRECTION('',(0.,-1.,0.));
#5728=DIRECTION('',(1.,0.,-8.75592305661623E-17));
#5729=DIRECTION('',(0.,-1.,0.));
#5730=DIRECTION('',(-8.75592305661623E-17,0.,-1.));
#5731=DIRECTION('',(-1.,0.,8.75592305661623E-17));
#5732=DIRECTION('',(-8.75592305661623E-17,0.,-1.));
#5733=DIRECTION('',(-1.,0.,8.75592305661623E-17));
#5734=DIRECTION('',(8.75592305661623E-17,0.,-1.));
#5735=DIRECTION('',(-1.,0.,-8.75592305661623E-17));
#5736=DIRECTION('',(8.75592305661623E-17,0.,-1.));
#5737=DIRECTION('',(-1.,0.,-8.75592305661623E-17));
#5738=DIRECTION('',(-1.,0.,-8.75592305661623E-17));
#5739=DIRECTION('',(0.,1.,0.));
#5740=DIRECTION('',(-1.,0.,-8.75592305661623E-17));
#5741=DIRECTION('',(0.,1.,0.));
#5742=DIRECTION('',(8.75592305661623E-17,0.,-1.));
#5743=DIRECTION('',(-1.,0.,-8.75592305661623E-17));
#5744=DIRECTION('',(8.75592305661623E-17,0.,-1.));
#5745=DIRECTION('',(-1.,0.,-8.75592305661623E-17));
#5746=DIRECTION('',(-1.,0.,-8.75592305661623E-17));
#5747=DIRECTION('',(0.,1.,0.));
#5748=DIRECTION('',(-1.,0.,-8.75592305661623E-17));
#5749=DIRECTION('',(0.,1.,0.));
#5750=DIRECTION('',(8.75592305661623E-17,0.,-1.));
#5751=DIRECTION('',(-1.,0.,-8.75592305661623E-17));
#5752=DIRECTION('',(8.75592305661623E-17,0.,-1.));
#5753=DIRECTION('',(-1.,0.,-8.75592305661623E-17));
#5754=DIRECTION('',(0.,-1.,0.));
#5755=DIRECTION('',(0.,0.,-1.));
#5756=DIRECTION('',(0.,0.,-1.));
#5757=DIRECTION('',(0.,0.,-1.));
#5758=DIRECTION('',(-1.,0.,0.));
#5759=DIRECTION('',(0.,-1.,0.));
#5760=DIRECTION('',(0.,0.,-1.));
#5761=DIRECTION('',(0.,0.,-1.));
#5762=DIRECTION('',(-1.,0.,0.));
#5763=DIRECTION('',(0.,0.,-1.));
#5764=DIRECTION('',(0.,0.,1.));
#5765=DIRECTION('',(1.,0.,0.));
#5766=DIRECTION('',(0.,0.,-1.));
#5767=DIRECTION('',(1.,0.,0.));
#5768=DIRECTION('',(0.,0.,-1.));
#5769=DIRECTION('',(1.,0.,0.));
#5770=DIRECTION('',(0.,0.,1.));
#5771=DIRECTION('',(1.,0.,0.));
#5772=DIRECTION('',(-8.53702498020082E-17,-1.,0.));
#5773=DIRECTION('',(-8.53702498020082E-17,-1.,0.));
#5774=DIRECTION('',(-1.,0.,0.));
#5775=DIRECTION('',(0.,0.,1.));
#5776=DIRECTION('',(1.,0.,0.));
#5777=DIRECTION('',(0.,0.,1.));
#5778=DIRECTION('',(1.,0.,0.));
#5779=DIRECTION('',(0.,0.,1.));
#5780=DIRECTION('',(1.,0.,0.));
#5781=DIRECTION('',(0.,0.,1.));
#5782=DIRECTION('',(1.,0.,0.));
#5783=DIRECTION('',(0.,0.,1.));
#5784=DIRECTION('',(1.,0.,0.));
#5785=DIRECTION('',(0.,0.,1.));
#5786=DIRECTION('',(1.,0.,0.));
#5787=DIRECTION('',(-8.53702498020082E-17,-1.,0.));
#5788=DIRECTION('',(-8.53702498020082E-17,-1.,0.));
#5789=DIRECTION('',(-1.,0.,0.));
#5790=DIRECTION('',(0.,0.,1.));
#5791=DIRECTION('',(1.,0.,0.));
#5792=DIRECTION('',(1.,-8.53702498020082E-17,0.));
#5793=DIRECTION('',(8.53702498020082E-17,1.,0.));
#5794=DIRECTION('',(0.,0.,-1.));
#5795=DIRECTION('',(0.,0.,-1.));
#5796=DIRECTION('',(0.,0.,-1.));
#5797=DIRECTION('',(0.,0.,-1.));
#5798=DIRECTION('',(0.,-1.,0.));
#5799=DIRECTION('',(0.,0.,-1.));
#5800=DIRECTION('',(0.,0.,-1.));
#5801=DIRECTION('',(1.,-8.53702498020082E-17,0.));
#5802=DIRECTION('',(8.53702498020082E-17,1.,0.));
#5803=DIRECTION('',(0.,0.,-1.));
#5804=DIRECTION('',(0.,0.,-1.));
#5805=DIRECTION('',(0.,0.,-1.));
#5806=DIRECTION('',(0.,-1.,0.));
#5807=DIRECTION('',(0.,0.,-1.));
#5808=DIRECTION('',(0.,0.,-1.));
#5809=DIRECTION('',(-1.,0.,0.));
#5810=DIRECTION('',(0.,0.,1.));
#5811=DIRECTION('',(1.,0.,0.));
#5812=DIRECTION('',(0.,0.,1.));
#5813=DIRECTION('',(1.,0.,0.));
#5814=DIRECTION('',(0.,0.,1.));
#5815=DIRECTION('',(1.,0.,0.));
#5816=DIRECTION('',(0.,0.,1.));
#5817=DIRECTION('',(1.,0.,0.));
#5818=DIRECTION('',(0.,0.,1.));
#5819=DIRECTION('',(1.,0.,0.));
#5820=DIRECTION('',(0.,0.,1.));
#5821=DIRECTION('',(1.,0.,0.));
#5822=DIRECTION('',(0.,1.,0.));
#5823=DIRECTION('',(-1.,0.,0.));
#5824=DIRECTION('',(0.,-1.,0.));
#5825=DIRECTION('',(1.,0.,0.));
#5826=DIRECTION('',(0.,0.,-1.));
#5827=DIRECTION('',(-1.,0.,0.));
#5828=DIRECTION('',(0.,0.,-1.));
#5829=DIRECTION('',(-1.,0.,0.));
#5830=DIRECTION('',(0.,0.,-1.));
#5831=DIRECTION('',(-1.,0.,0.));
#5832=DIRECTION('',(0.,0.,-1.));
#5833=DIRECTION('',(-1.,0.,0.));
#5834=DIRECTION('',(3.19839640880443E-18,-4.3368086899345E-19,-1.));
#5835=DIRECTION('',(1.,-5.66993082085919E-31,3.19839640880443E-18));
#5836=DIRECTION('',(0.,1.,0.));
#5837=DIRECTION('',(0.,0.,1.));
#5838=DIRECTION('',(0.,-1.,0.));
#5839=DIRECTION('',(0.,0.,-1.));
#5840=DIRECTION('',(0.,1.,0.));
#5841=DIRECTION('',(0.,-1.,0.));
#5842=DIRECTION('',(0.,0.,-1.));
#5843=DIRECTION('',(0.,1.,0.));
#5844=DIRECTION('',(1.,0.,-4.26851249010041E-17));
#5845=DIRECTION('',(-4.26851249010041E-17,0.,-1.));
#5846=DIRECTION('',(-4.26851249010041E-17,0.,-1.));
#5847=DIRECTION('',(0.,1.,0.));
#5848=DIRECTION('',(-4.26851249010041E-17,0.,-1.));
#5849=DIRECTION('',(0.,1.,0.));
#5850=DIRECTION('',(0.,0.,1.));
#5851=DIRECTION('',(0.,-1.,0.));
#5852=DIRECTION('',(0.,0.,-1.));
#5853=DIRECTION('',(0.,1.,0.));
#5854=DIRECTION('',(0.,-1.,0.));
#5855=DIRECTION('',(0.,0.,-1.));
#5856=DIRECTION('',(1.,0.,-4.26851249010041E-17));
#5857=DIRECTION('',(-4.26851249010041E-17,0.,-1.));
#5858=DIRECTION('',(-4.26851249010041E-17,0.,-1.));
#5859=DIRECTION('',(-4.26851249010041E-17,0.,-1.));
#5860=DIRECTION('',(0.,-1.,0.));
#5861=DIRECTION('',(1.,0.,0.));
#5862=DIRECTION('',(0.,-1.,0.));
#5863=DIRECTION('',(0.,0.,-1.));
#5864=DIRECTION('',(0.,-1.,0.));
#5865=DIRECTION('',(1.,0.,0.));
#5866=DIRECTION('',(0.,-1.,0.));
#5867=DIRECTION('',(0.,0.,-1.));
#5868=DIRECTION('',(0.,-1.,0.));
#5869=DIRECTION('',(0.,0.,-1.));
#5870=DIRECTION('',(0.,-1.,0.));
#5871=DIRECTION('',(0.,0.,-1.));
#5872=DIRECTION('',(0.,-1.,0.));
#5873=DIRECTION('',(1.,0.,0.));
#5874=DIRECTION('',(0.,-1.,0.));
#5875=DIRECTION('',(0.,0.,-1.));
#5876=DIRECTION('',(0.,-1.,0.));
#5877=DIRECTION('',(0.,0.,-1.));
#5878=DIRECTION('',(0.273961062197741,-0.961740784411,4.71539051024374E-17));
#5879=DIRECTION('',(-0.961740784411,-0.273961062197741,3.90628812332754E-17));
#5880=DIRECTION('',(0.,0.,-1.));
#5881=DIRECTION('',(-1.,0.,0.));
#5882=DIRECTION('',(0.,0.,1.));
#5883=DIRECTION('',(1.,0.,0.));
#5884=DIRECTION('',(0.,0.,1.));
#5885=DIRECTION('',(1.,0.,0.));
#5886=DIRECTION('',(0.,0.,1.));
#5887=DIRECTION('',(1.,0.,0.));
#5888=DIRECTION('',(0.,0.,1.));
#5889=DIRECTION('',(1.,0.,0.));
#5890=DIRECTION('',(0.,0.,1.));
#5891=DIRECTION('',(1.,0.,0.));
#5892=DIRECTION('',(0.2517040944492,0.967804240968962,-4.26586147479678E-17));
#5893=DIRECTION('',(0.967804240968962,-0.2517040944492,4.39276910893245E-17));
#5894=DIRECTION('',(3.19839640880443E-18,-4.3368086899345E-19,-1.));
#5895=DIRECTION('',(1.,-5.66993082085919E-31,3.19839640880443E-18));
#5896=DIRECTION('',(3.19839640880443E-18,-4.3368086899345E-19,-1.));
#5897=DIRECTION('',(1.,-5.66993082085919E-31,3.19839640880443E-18));
#5898=DIRECTION('',(0.,0.,1.));
#5899=DIRECTION('',(1.,0.,0.));
#5900=DIRECTION('',(0.,0.,-1.));
#5901=DIRECTION('',(-1.,0.,0.));
#5902=DIRECTION('',(0.,0.,-1.));
#5903=DIRECTION('',(-1.,0.,0.));
#5904=DIRECTION('',(1.,0.,0.));
#5905=DIRECTION('',(-2.54125394759467E-16,1.,0.));
#5906=DIRECTION('',(-1.,-3.41480999208033E-16,0.));
#5907=DIRECTION('',(-2.54125394759467E-16,1.,0.));
#5908=DIRECTION('',(1.,2.54125394759467E-16,0.));
#5909=DIRECTION('',(-2.54125394759467E-16,1.,0.));
#5910=DIRECTION('',(-2.54125394759467E-16,1.,0.));
#5911=DIRECTION('',(0.,0.,-1.));
#5912=DIRECTION('',(0.,0.,1.));
#5913=DIRECTION('',(-2.54125394759467E-16,1.,0.));
#5914=DIRECTION('',(0.,0.,1.));
#5915=DIRECTION('',(-2.54125394759467E-16,1.,0.));
#5916=DIRECTION('',(0.,0.,-1.));
#5917=DIRECTION('',(0.,1.,0.));
#5918=DIRECTION('',(0.,0.,1.));
#5919=DIRECTION('',(-1.,0.,0.));
#5920=DIRECTION('',(0.,0.,1.));
#5921=DIRECTION('',(-1.,0.,0.));
#5922=DIRECTION('',(-3.41480999208033E-16,1.,0.));
#5923=DIRECTION('',(-1.,-3.41480999208033E-16,0.));
#5924=DIRECTION('',(-1.,-3.41480999208033E-16,0.));
#5925=DIRECTION('',(0.,0.,1.));
#5926=DIRECTION('',(1.,2.54125394759467E-16,0.));
#5927=DIRECTION('',(-2.54125394759467E-16,1.,0.));
#5928=DIRECTION('',(-2.54125394759467E-16,1.,0.));
#5929=DIRECTION('',(0.,0.,-1.));
#5930=DIRECTION('',(-2.54125394759467E-16,1.,0.));
#5931=DIRECTION('',(-2.54125394759467E-16,1.,0.));
#5932=DIRECTION('',(0.,0.,-1.));
#5933=DIRECTION('',(0.,0.,1.));
#5934=DIRECTION('',(1.,0.,0.));
#5935=DIRECTION('',(0.,0.,-1.));
#5936=DIRECTION('',(-1.,0.,0.));
#5937=DIRECTION('',(0.,0.,-1.));
#5938=DIRECTION('',(-1.,0.,0.));
#5939=DIRECTION('',(1.,0.,0.));
#5940=DIRECTION('',(0.,0.,1.));
#5941=DIRECTION('',(1.,0.,0.));
#5942=DIRECTION('',(0.,0.,1.));
#5943=DIRECTION('',(1.,0.,0.));
#5944=DIRECTION('',(0.,0.,1.));
#5945=DIRECTION('',(1.,0.,0.));
#5946=DIRECTION('',(0.,0.,1.));
#5947=DIRECTION('',(1.,0.,0.));
#5948=DIRECTION('',(0.,0.,1.));
#5949=DIRECTION('',(1.,0.,0.));
#5950=DIRECTION('',(0.,1.,0.));
#5951=DIRECTION('',(0.,0.,1.));
#5952=DIRECTION('',(1.,0.,0.));
#5953=DIRECTION('',(0.,1.,0.));
#5954=DIRECTION('',(0.,0.,1.));
#5955=DIRECTION('',(1.,0.,0.));
#5956=DIRECTION('',(0.,0.,-1.));
#5957=DIRECTION('',(1.,0.,0.));
#5958=DIRECTION('',(0.,0.,-1.));
#5959=DIRECTION('',(-1.,0.,0.));
#5960=DIRECTION('',(0.,0.,-1.));
#5961=DIRECTION('',(-1.,0.,0.));
#5962=DIRECTION('',(0.,0.,-1.));
#5963=DIRECTION('',(-1.,0.,0.));
#5964=DIRECTION('',(0.,0.,-1.));
#5965=DIRECTION('',(-1.,0.,0.));
#5966=DIRECTION('',(0.,0.,1.));
#5967=DIRECTION('',(1.,0.,0.));
#5968=DIRECTION('',(0.,0.,-1.));
#5969=DIRECTION('',(-1.,0.,0.));
#5970=DIRECTION('',(0.,0.,-1.));
#5971=DIRECTION('',(1.,0.,0.));
#5972=DIRECTION('',(0.,0.,-1.));
#5973=DIRECTION('',(1.,0.,0.));
#5974=DIRECTION('',(0.,0.,1.));
#5975=DIRECTION('',(1.,0.,0.));
#5976=DIRECTION('',(0.,0.,1.));
#5977=DIRECTION('',(1.,0.,0.));
#5978=DIRECTION('',(0.,0.,1.));
#5979=DIRECTION('',(1.,0.,0.));
#5980=DIRECTION('',(0.,0.,1.));
#5981=DIRECTION('',(1.,0.,0.));
#5982=DIRECTION('',(0.,0.,-1.));
#5983=DIRECTION('',(-1.,0.,0.));
#5984=DIRECTION('',(0.,0.,-1.));
#5985=DIRECTION('',(-1.,0.,0.));
#5986=DIRECTION('',(-1.,0.,0.));
#5987=DIRECTION('',(2.54125394759467E-16,-1.,0.));
#5988=DIRECTION('',(1.,3.41480999208033E-16,0.));
#5989=DIRECTION('',(2.54125394759467E-16,-1.,0.));
#5990=DIRECTION('',(-1.,-2.54125394759467E-16,0.));
#5991=DIRECTION('',(2.54125394759467E-16,-1.,0.));
#5992=DIRECTION('',(2.54125394759467E-16,-1.,0.));
#5993=DIRECTION('',(0.,0.,-1.));
#5994=DIRECTION('',(0.,0.,1.));
#5995=DIRECTION('',(2.54125394759467E-16,-1.,0.));
#5996=DIRECTION('',(0.,0.,1.));
#5997=DIRECTION('',(2.54125394759467E-16,-1.,0.));
#5998=DIRECTION('',(0.,0.,-1.));
#5999=DIRECTION('',(0.,-1.,0.));
#6000=DIRECTION('',(0.,0.,-1.));
#6001=DIRECTION('',(1.,0.,0.));
#6002=DIRECTION('',(0.,0.,1.));
#6003=DIRECTION('',(1.,0.,0.));
#6004=DIRECTION('',(3.41480999208033E-16,-1.,0.));
#6005=DIRECTION('',(1.,3.41480999208033E-16,0.));
#6006=DIRECTION('',(1.,3.41480999208033E-16,0.));
#6007=DIRECTION('',(0.,0.,1.));
#6008=DIRECTION('',(-1.,-2.54125394759467E-16,0.));
#6009=DIRECTION('',(2.54125394759467E-16,-1.,0.));
#6010=DIRECTION('',(2.54125394759467E-16,-1.,0.));
#6011=DIRECTION('',(0.,0.,-1.));
#6012=DIRECTION('',(2.54125394759467E-16,-1.,0.));
#6013=DIRECTION('',(2.54125394759467E-16,-1.,0.));
#6014=DIRECTION('',(0.,0.,-1.));
#6015=DIRECTION('',(0.,0.,1.));
#6016=DIRECTION('',(1.,0.,0.));
#6017=DIRECTION('',(0.,0.,-1.));
#6018=DIRECTION('',(-1.,0.,0.));
#6019=DIRECTION('',(0.,0.,-1.));
#6020=DIRECTION('',(-1.,0.,0.));
#6021=DIRECTION('',(-1.,0.,0.));
#6022=DIRECTION('',(0.,0.,1.));
#6023=DIRECTION('',(1.,0.,0.));
#6024=DIRECTION('',(0.,0.,1.));
#6025=DIRECTION('',(1.,0.,0.));
#6026=DIRECTION('',(0.,0.,1.));
#6027=DIRECTION('',(1.,0.,0.));
#6028=DIRECTION('',(0.,0.,1.));
#6029=DIRECTION('',(1.,0.,0.));
#6030=DIRECTION('',(0.,0.,1.));
#6031=DIRECTION('',(1.,0.,0.));
#6032=DIRECTION('',(0.,-1.,0.));
#6033=DIRECTION('',(0.,0.,-1.));
#6034=DIRECTION('',(-1.,0.,0.));
#6035=DIRECTION('',(0.,-1.,0.));
#6036=DIRECTION('',(0.,0.,-1.));
#6037=DIRECTION('',(-1.,0.,0.));
#6038=DIRECTION('',(0.,0.,-1.));
#6039=DIRECTION('',(1.,0.,0.));
#6040=DIRECTION('',(0.,0.,-1.));
#6041=DIRECTION('',(-1.,0.,0.));
#6042=DIRECTION('',(0.,0.,-1.));
#6043=DIRECTION('',(-1.,0.,0.));
#6044=DIRECTION('',(0.,0.,-1.));
#6045=DIRECTION('',(-1.,0.,0.));
#6046=DIRECTION('',(0.,0.,-1.));
#6047=DIRECTION('',(-1.,0.,0.));
#6048=DIRECTION('',(0.,0.,1.));
#6049=DIRECTION('',(1.,0.,0.));
#6050=DIRECTION('',(-4.11111159148744E-48,-1.25015686470344E-47,1.));
#6051=DIRECTION('',(-0.949953901333995,0.312390117225756,0.));
#6052=DIRECTION('',(0.,1.,0.));
#6053=DIRECTION('',(1.22464679914735E-16,0.,-1.));
#6054=DIRECTION('',(0.,-1.,0.));
#6055=DIRECTION('',(-1.22464679914735E-16,0.,1.));
#6056=DIRECTION('',(0.,1.,0.));
#6057=DIRECTION('',(0.,-1.,0.));
#6058=DIRECTION('',(-1.22464679914735E-16,0.,1.));
#6059=DIRECTION('',(0.,1.,0.));
#6060=DIRECTION('',(-1.,0.,-7.97795550137312E-17));
#6061=DIRECTION('',(-7.97795550137312E-17,0.,1.));
#6062=DIRECTION('',(-7.97795550137312E-17,0.,1.));
#6063=DIRECTION('',(0.,1.,0.));
#6064=DIRECTION('',(-7.97795550137312E-17,0.,1.));
#6065=DIRECTION('',(0.,1.,0.));
#6066=DIRECTION('',(1.22464679914735E-16,0.,-1.));
#6067=DIRECTION('',(0.,-1.,0.));
#6068=DIRECTION('',(-1.22464679914735E-16,0.,1.));
#6069=DIRECTION('',(0.,1.,0.));
#6070=DIRECTION('',(0.,-1.,0.));
#6071=DIRECTION('',(-1.22464679914735E-16,0.,1.));
#6072=DIRECTION('',(-1.,0.,-7.97795550137312E-17));
#6073=DIRECTION('',(-7.97795550137312E-17,0.,1.));
#6074=DIRECTION('',(-7.97795550137312E-17,0.,1.));
#6075=DIRECTION('',(-7.97795550137312E-17,0.,1.));
#6076=DIRECTION('',(0.,-1.,0.));
#6077=DIRECTION('',(-1.,0.,-1.22464679914735E-16));
#6078=DIRECTION('',(0.,-1.,0.));
#6079=DIRECTION('',(-1.22464679914735E-16,0.,1.));
#6080=DIRECTION('',(0.,-1.,0.));
#6081=DIRECTION('',(-1.22464679914735E-16,0.,1.));
#6082=DIRECTION('',(0.,-1.,0.));
#6083=DIRECTION('',(-1.,0.,-1.22464679914735E-16));
#6084=DIRECTION('',(0.,-1.,0.));
#6085=DIRECTION('',(-1.22464679914735E-16,0.,1.));
#6086=DIRECTION('',(0.,-1.,0.));
#6087=DIRECTION('',(-1.22464679914735E-16,0.,1.));
#6088=DIRECTION('',(0.,-1.,0.));
#6089=DIRECTION('',(-1.22464679914735E-16,0.,1.));
#6090=DIRECTION('',(0.,-1.,0.));
#6091=DIRECTION('',(-1.22464679914735E-16,0.,1.));
#6092=DIRECTION('',(0.,-1.,0.));
#6093=DIRECTION('',(-1.22464679914735E-16,0.,1.));
#6094=DIRECTION('',(0.,-1.,0.));
#6095=DIRECTION('',(-1.,0.,-1.22464679914735E-16));
#6096=DIRECTION('',(0.,-1.,0.));
#6097=DIRECTION('',(-1.22464679914735E-16,0.,1.));
#6098=DIRECTION('',(0.,-1.,0.));
#6099=DIRECTION('',(-1.22464679914735E-16,0.,1.));
#6100=DIRECTION('',(-0.282108316942511,0.959382560562711,-1.08999523524126E-15));
#6101=DIRECTION('',(0.959382560562711,0.282108316942511,1.77465884422E-15));
#6102=DIRECTION('',(0.,0.,1.));
#6103=DIRECTION('',(1.,0.,0.));
#6104=DIRECTION('',(0.,0.,-1.));
#6105=DIRECTION('',(1.,0.,0.));
#6106=DIRECTION('',(0.,0.,1.));
#6107=DIRECTION('',(1.,0.,0.));
#6108=DIRECTION('',(-1.,0.,0.));
#6109=DIRECTION('',(0.,-1.,0.));
#6110=DIRECTION('',(-1.,0.,0.));
#6111=DIRECTION('',(0.,-1.,0.));
#6112=DIRECTION('',(0.,0.,-1.));
#6113=DIRECTION('',(1.,0.,0.));
#6114=DIRECTION('',(0.,0.,1.));
#6115=DIRECTION('',(1.,0.,0.));
#6116=DIRECTION('',(0.,0.,-1.));
#6117=DIRECTION('',(1.,0.,0.));
#6118=DIRECTION('',(0.,0.,1.));
#6119=DIRECTION('',(1.,0.,0.));
#6120=DIRECTION('',(-1.,0.,0.));
#6121=DIRECTION('',(-2.8143940769384E-16,-1.,0.));
#6122=DIRECTION('',(0.,0.,1.));
#6123=DIRECTION('',(1.,0.,0.));
#6124=DIRECTION('',(-1.,0.,0.));
#6125=DIRECTION('',(0.,0.,1.));
#6126=DIRECTION('',(1.,0.,0.));
#6127=DIRECTION('',(-2.8143940769384E-16,-1.,0.));
#6128=DIRECTION('',(0.,1.,0.));
#6129=DIRECTION('',(-1.,0.,0.));
#6130=DIRECTION('',(0.,1.,0.));
#6131=DIRECTION('',(-1.,0.,0.));
#6132=DIRECTION('',(0.,0.,1.));
#6133=DIRECTION('',(1.,0.,0.));
#6134=DIRECTION('',(0.,0.,1.));
#6135=DIRECTION('',(1.,0.,0.));
#6136=DIRECTION('',(0.,0.,1.));
#6137=DIRECTION('',(1.,0.,0.));
#6138=DIRECTION('',(0.,0.,1.));
#6139=DIRECTION('',(1.,0.,0.));
#6140=DIRECTION('',(0.,0.,1.));
#6141=DIRECTION('',(1.,0.,0.));
#6142=DIRECTION('',(0.,-1.,0.));
#6143=DIRECTION('',(-1.,0.,0.));
#6144=DIRECTION('',(0.,-1.,0.));
#6145=DIRECTION('',(-1.,0.,0.));
#6146=DIRECTION('',(-2.8143940769384E-16,-1.,0.));
#6147=DIRECTION('',(0.,0.,1.));
#6148=DIRECTION('',(1.,0.,0.));
#6149=DIRECTION('',(-1.,0.,0.));
#6150=DIRECTION('',(0.,0.,1.));
#6151=DIRECTION('',(1.,0.,0.));
#6152=DIRECTION('',(-2.8143940769384E-16,-1.,0.));
#6153=DIRECTION('',(0.,0.,1.));
#6154=DIRECTION('',(1.,0.,0.));
#6155=DIRECTION('',(-1.,0.,0.));
#6156=DIRECTION('',(0.,0.,1.));
#6157=DIRECTION('',(1.,0.,0.));
#6158=DIRECTION('',(0.,0.,1.));
#6159=DIRECTION('',(1.,0.,0.));
#6160=DIRECTION('',(0.,0.,1.));
#6161=DIRECTION('',(1.,0.,0.));
#6162=DIRECTION('',(0.,0.,1.));
#6163=DIRECTION('',(1.,0.,0.));
#6164=DIRECTION('',(0.,0.,1.));
#6165=DIRECTION('',(1.,0.,0.));
#6166=DIRECTION('',(-1.,0.,0.));
#6167=DIRECTION('',(0.,1.,0.));
#6168=DIRECTION('',(-1.,0.,0.));
#6169=DIRECTION('',(0.,1.,0.));
#6170=DIRECTION('',(1.,-2.8143940769384E-16,0.));
#6171=DIRECTION('',(2.8143940769384E-16,1.,0.));
#6172=DIRECTION('',(0.,0.,-1.));
#6173=DIRECTION('',(0.,0.,-1.));
#6174=DIRECTION('',(0.,0.,-1.));
#6175=DIRECTION('',(-1.,0.,0.));
#6176=DIRECTION('',(0.,0.,-1.));
#6177=DIRECTION('',(0.,0.,-1.));
#6178=DIRECTION('',(0.,0.,1.));
#6179=DIRECTION('',(1.,0.,0.));
#6180=DIRECTION('',(0.,0.,-1.));
#6181=DIRECTION('',(0.,-1.,0.));
#6182=DIRECTION('',(0.,0.,-1.));
#6183=DIRECTION('',(0.,0.,-1.));
#6184=DIRECTION('',(0.,0.,-1.));
#6185=DIRECTION('',(-1.,0.,0.));
#6186=DIRECTION('',(0.,0.,-1.));
#6187=DIRECTION('',(0.,0.,-1.));
#6188=DIRECTION('',(0.,0.,1.));
#6189=DIRECTION('',(1.,0.,0.));
#6190=DIRECTION('',(0.,0.,-1.));
#6191=DIRECTION('',(1.,-2.8143940769384E-16,0.));
#6192=DIRECTION('',(2.8143940769384E-16,1.,0.));
#6193=DIRECTION('',(0.,0.,-1.));
#6194=DIRECTION('',(0.,0.,-1.));
#6195=DIRECTION('',(-1.,0.,0.));
#6196=DIRECTION('',(0.,0.,-1.));
#6197=DIRECTION('',(0.,-1.,0.));
#6198=DIRECTION('',(0.,0.,-1.));
#6199=DIRECTION('',(0.,0.,-1.));
#6200=DIRECTION('',(0.,0.,-1.));
#6201=DIRECTION('',(-1.,0.,0.));
#6202=DIRECTION('',(-1.,0.,0.));
#6203=DIRECTION('',(0.,0.,1.));
#6204=DIRECTION('',(0.,0.,1.));
#6205=DIRECTION('',(0.,0.,1.));
#6206=DIRECTION('',(0.,1.,0.));
#6207=DIRECTION('',(0.,0.,1.));
#6208=DIRECTION('',(0.,0.,1.));
#6209=DIRECTION('',(-1.,0.,0.));
#6210=DIRECTION('',(0.,0.,1.));
#6211=DIRECTION('',(0.,0.,1.));
#6212=DIRECTION('',(0.,1.,0.));
#6213=DIRECTION('',(0.,0.,1.));
#6214=DIRECTION('',(0.,0.,1.));
#6215=DIRECTION('',(1.,0.,0.));
#6216=DIRECTION('',(0.,0.,-1.));
#6217=DIRECTION('',(1.,0.,0.));
#6218=DIRECTION('',(0.,0.,1.));
#6219=DIRECTION('',(1.,0.,0.));
#6220=DIRECTION('',(0.,0.,1.));
#6221=DIRECTION('',(1.,0.,0.));
#6222=DIRECTION('',(0.,0.,1.));
#6223=DIRECTION('',(1.,0.,0.));
#6224=DIRECTION('',(0.,0.,1.));
#6225=DIRECTION('',(1.,0.,0.));
#6226=DIRECTION('',(0.,0.,1.));
#6227=DIRECTION('',(1.,0.,0.));
#6228=DIRECTION('',(0.,0.,1.));
#6229=DIRECTION('',(1.,0.,0.));
#6230=DIRECTION('',(0.,0.,1.));
#6231=DIRECTION('',(1.,0.,0.));
#6232=DIRECTION('',(0.,0.,1.));
#6233=DIRECTION('',(1.,0.,0.));
#6234=DIRECTION('',(0.,0.,1.));
#6235=DIRECTION('',(1.,0.,0.));
#6236=DIRECTION('',(0.,0.,1.));
#6237=DIRECTION('',(1.,0.,0.));
#6238=DIRECTION('',(0.,1.,0.));
#6239=DIRECTION('',(0.,0.,1.));
#6240=DIRECTION('',(0.,0.,1.));
#6241=DIRECTION('',(0.,0.,1.));
#6242=DIRECTION('',(1.,0.,0.));
#6243=DIRECTION('',(0.,0.,-1.));
#6244=DIRECTION('',(0.,0.,1.));
#6245=DIRECTION('',(0.,1.,0.));
#6246=DIRECTION('',(0.,0.,1.));
#6247=DIRECTION('',(0.,0.,1.));
#6248=DIRECTION('',(1.,0.,0.));
#6249=DIRECTION('',(0.,0.,-1.));
#6250=DIRECTION('',(0.,0.,1.));
#6251=DIRECTION('',(1.,0.,0.));
#6252=DIRECTION('',(-0.333998564872152,-0.942573582625433,1.31084265047839E-15));
#6253=DIRECTION('',(-0.942573582625433,0.333998564872151,2.45642707397771E-15));
#6254=DIRECTION('',(3.19839640880443E-18,-4.3368086899345E-19,-1.));
#6255=DIRECTION('',(1.,-5.66993082085919E-31,3.19839640880443E-18));
#6256=DIRECTION('',(-0.348998036238881,0.937123455421646,-3.58489128681209E-17));
#6257=DIRECTION('',(0.937123455421646,0.348998036238881,-4.96412620994724E-17));
#6258=DIRECTION('',(0.326601107111019,-0.945162270107021,1.05472929217016E-15));
#6259=DIRECTION('',(-0.945162270107021,-0.326601107111019,3.28424207092698E-15));
#6260=DIRECTION('',(0.,0.,1.));
#6261=DIRECTION('',(1.,0.,0.));
#6262=DIRECTION('',(0.,0.,1.));
#6263=DIRECTION('',(-1.,0.,0.));
#6264=DIRECTION('',(0.,0.,1.));
#6265=DIRECTION('',(-1.,0.,0.));
#6266=DIRECTION('',(1.,0.,0.));
#6267=DIRECTION('',(-2.54125394759467E-16,-1.,0.));
#6268=DIRECTION('',(-1.,0.,0.));
#6269=DIRECTION('',(-2.54125394759467E-16,-1.,0.));
#6270=DIRECTION('',(-1.,2.54125394759467E-16,0.));
#6271=DIRECTION('',(-2.54125394759467E-16,-1.,0.));
#6272=DIRECTION('',(-2.54125394759467E-16,-1.,0.));
#6273=DIRECTION('',(0.,0.,-1.));
#6274=DIRECTION('',(-2.54125394759467E-16,-1.,0.));
#6275=DIRECTION('',(0.,0.,1.));
#6276=DIRECTION('',(-2.54125394759467E-16,-1.,0.));
#6277=DIRECTION('',(0.,0.,1.));
#6278=DIRECTION('',(0.,0.,-1.));
#6279=DIRECTION('',(-1.,2.54125394759467E-16,0.));
#6280=DIRECTION('',(-2.54125394759467E-16,-1.,0.));
#6281=DIRECTION('',(-2.54125394759467E-16,-1.,0.));
#6282=DIRECTION('',(0.,0.,-1.));
#6283=DIRECTION('',(0.,0.,1.));
#6284=DIRECTION('',(-2.54125394759467E-16,-1.,0.));
#6285=DIRECTION('',(0.,0.,1.));
#6286=DIRECTION('',(-2.54125394759467E-16,-1.,0.));
#6287=DIRECTION('',(0.,0.,-1.));
#6288=DIRECTION('',(0.,1.,0.));
#6289=DIRECTION('',(0.,0.,1.));
#6290=DIRECTION('',(-1.,0.,0.));
#6291=DIRECTION('',(3.41480999208033E-16,1.,0.));
#6292=DIRECTION('',(-1.,3.41480999208033E-16,0.));
#6293=DIRECTION('',(-1.,3.41480999208033E-16,0.));
#6294=DIRECTION('',(-1.,3.41480999208033E-16,0.));
#6295=DIRECTION('',(0.,0.,1.));
#6296=DIRECTION('',(1.,0.,0.));
#6297=DIRECTION('',(0.,0.,1.));
#6298=DIRECTION('',(-1.,0.,0.));
#6299=DIRECTION('',(0.,0.,1.));
#6300=DIRECTION('',(-1.,0.,0.));
#6301=DIRECTION('',(1.,0.,0.));
#6302=DIRECTION('',(0.,0.,1.));
#6303=DIRECTION('',(1.,0.,0.));
#6304=DIRECTION('',(0.,0.,1.));
#6305=DIRECTION('',(1.,0.,0.));
#6306=DIRECTION('',(0.,0.,1.));
#6307=DIRECTION('',(1.,0.,0.));
#6308=DIRECTION('',(0.,0.,1.));
#6309=DIRECTION('',(1.,0.,0.));
#6310=DIRECTION('',(0.,0.,1.));
#6311=DIRECTION('',(1.,0.,0.));
#6312=DIRECTION('',(0.,1.,0.));
#6313=DIRECTION('',(0.,0.,1.));
#6314=DIRECTION('',(1.,0.,0.));
#6315=DIRECTION('',(0.,1.,0.));
#6316=DIRECTION('',(0.,0.,1.));
#6317=DIRECTION('',(1.,0.,0.));
#6318=DIRECTION('',(0.,0.,-1.));
#6319=DIRECTION('',(1.,0.,0.));
#6320=DIRECTION('',(0.,0.,-1.));
#6321=DIRECTION('',(-1.,0.,0.));
#6322=DIRECTION('',(0.,0.,-1.));
#6323=DIRECTION('',(-1.,0.,0.));
#6324=DIRECTION('',(0.,0.,-1.));
#6325=DIRECTION('',(-1.,0.,0.));
#6326=DIRECTION('',(0.,0.,-1.));
#6327=DIRECTION('',(-1.,0.,0.));
#6328=DIRECTION('',(0.,0.,1.));
#6329=DIRECTION('',(1.,0.,0.));
#6330=DIRECTION('',(0.,0.,-1.));
#6331=DIRECTION('',(-1.,0.,0.));
#6332=DIRECTION('',(0.,0.,1.));
#6333=DIRECTION('',(1.,0.,0.));
#6334=DIRECTION('',(0.,0.,1.));
#6335=DIRECTION('',(1.,0.,0.));
#6336=DIRECTION('',(0.,0.,1.));
#6337=DIRECTION('',(1.,0.,0.));
#6338=DIRECTION('',(0.,0.,1.));
#6339=DIRECTION('',(1.,0.,0.));
#6340=DIRECTION('',(0.,0.,1.));
#6341=DIRECTION('',(1.,0.,0.));
#6342=DIRECTION('',(0.,0.,1.));
#6343=DIRECTION('',(1.,0.,0.));
#6344=DIRECTION('',(0.,0.,-1.));
#6345=DIRECTION('',(1.,0.,0.));
#6346=DIRECTION('',(0.,0.,-1.));
#6347=DIRECTION('',(1.,0.,0.));
#6348=DIRECTION('',(0.,0.,-1.));
#6349=DIRECTION('',(1.,0.,0.));
#6350=DIRECTION('',(0.,0.,-1.));
#6351=DIRECTION('',(1.,0.,0.));
#6352=DIRECTION('',(0.,0.,-1.));
#6353=DIRECTION('',(1.,0.,0.));
#6354=DIRECTION('',(0.,0.,-1.));
#6355=DIRECTION('',(1.,0.,0.));
#6356=DIRECTION('',(0.,0.,-1.));
#6357=DIRECTION('',(1.,0.,0.));
#6358=DIRECTION('',(0.,0.,-1.));
#6359=DIRECTION('',(1.,0.,0.));
#6360=DIRECTION('',(0.,0.,-1.));
#6361=DIRECTION('',(1.,0.,0.));
#6362=DIRECTION('',(-2.8143940769384E-16,-1.,0.));
#6363=DIRECTION('',(0.,0.,1.));
#6364=DIRECTION('',(1.,0.,0.));
#6365=DIRECTION('',(-1.,0.,0.));
#6366=DIRECTION('',(0.,0.,1.));
#6367=DIRECTION('',(1.,0.,0.));
#6368=DIRECTION('',(-2.8143940769384E-16,-1.,0.));
#6369=DIRECTION('',(0.,0.,1.));
#6370=DIRECTION('',(1.,0.,0.));
#6371=DIRECTION('',(-1.,0.,0.));
#6372=DIRECTION('',(0.,0.,1.));
#6373=DIRECTION('',(1.,0.,0.));
#6374=DIRECTION('',(0.,0.,1.));
#6375=DIRECTION('',(1.,0.,0.));
#6376=DIRECTION('',(0.,0.,1.));
#6377=DIRECTION('',(1.,0.,0.));
#6378=DIRECTION('',(0.,0.,-1.));
#6379=DIRECTION('',(1.,0.,0.));
#6380=DIRECTION('',(-1.,0.,0.));
#6381=DIRECTION('',(0.,-1.,0.));
#6382=DIRECTION('',(-1.,0.,0.));
#6383=DIRECTION('',(0.,-1.,0.));
#6384=DIRECTION('',(0.,0.,1.));
#6385=DIRECTION('',(1.,0.,0.));
#6386=DIRECTION('',(0.,0.,1.));
#6387=DIRECTION('',(1.,0.,0.));
#6388=DIRECTION('',(0.,0.,1.));
#6389=DIRECTION('',(1.,0.,0.));
#6390=DIRECTION('',(0.,0.,1.));
#6391=DIRECTION('',(1.,0.,0.));
#6392=DIRECTION('',(0.,0.,1.));
#6393=DIRECTION('',(1.,0.,0.));
#6394=DIRECTION('',(0.,0.,1.));
#6395=DIRECTION('',(1.,0.,0.));
#6396=DIRECTION('',(0.,0.,1.));
#6397=DIRECTION('',(1.,0.,0.));
#6398=DIRECTION('',(0.,0.,1.));
#6399=DIRECTION('',(1.,0.,0.));
#6400=DIRECTION('',(0.,0.,1.));
#6401=DIRECTION('',(1.,0.,0.));
#6402=DIRECTION('',(0.,0.,1.));
#6403=DIRECTION('',(1.,0.,0.));
#6404=DIRECTION('',(0.,0.,1.));
#6405=DIRECTION('',(1.,0.,0.));
#6406=DIRECTION('',(0.,0.,1.));
#6407=DIRECTION('',(1.,0.,0.));
#6408=DIRECTION('',(0.,0.,1.));
#6409=DIRECTION('',(1.,0.,0.));
#6410=DIRECTION('',(0.,0.,1.));
#6411=DIRECTION('',(1.,0.,0.));
#6412=DIRECTION('',(0.,0.,1.));
#6413=DIRECTION('',(1.,0.,0.));
#6414=DIRECTION('',(0.,0.,1.));
#6415=DIRECTION('',(1.,0.,0.));
#6416=DIRECTION('',(0.,0.,1.));
#6417=DIRECTION('',(1.,0.,0.));
#6418=DIRECTION('',(0.,0.,1.));
#6419=DIRECTION('',(1.,0.,0.));
#6420=DIRECTION('',(-1.,0.,0.));
#6421=DIRECTION('',(0.,0.,1.));
#6422=DIRECTION('',(1.,0.,0.));
#6423=DIRECTION('',(0.,0.,1.));
#6424=DIRECTION('',(1.,0.,0.));
#6425=DIRECTION('',(0.,0.,1.));
#6426=DIRECTION('',(1.,0.,0.));
#6427=DIRECTION('',(-2.8143940769384E-16,-1.,0.));
#6428=DIRECTION('',(0.,0.,1.));
#6429=DIRECTION('',(1.,0.,0.));
#6430=DIRECTION('',(0.,0.,1.));
#6431=DIRECTION('',(1.,0.,0.));
#6432=DIRECTION('',(0.,0.,1.));
#6433=DIRECTION('',(1.,0.,0.));
#6434=DIRECTION('',(-1.,0.,0.));
#6435=DIRECTION('',(0.,0.,1.));
#6436=DIRECTION('',(1.,0.,0.));
#6437=DIRECTION('',(0.,0.,1.));
#6438=DIRECTION('',(1.,0.,0.));
#6439=DIRECTION('',(0.,0.,1.));
#6440=DIRECTION('',(1.,0.,0.));
#6441=DIRECTION('',(-2.8143940769384E-16,-1.,0.));
#6442=DIRECTION('',(0.,0.,1.));
#6443=DIRECTION('',(1.,0.,0.));
#6444=DIRECTION('',(0.,0.,1.));
#6445=DIRECTION('',(1.,0.,0.));
#6446=DIRECTION('',(0.,-1.,0.));
#6447=DIRECTION('',(-1.,0.,0.));
#6448=DIRECTION('',(0.,-1.,0.));
#6449=DIRECTION('',(-1.,0.,0.));
#6450=DIRECTION('',(0.,0.,1.));
#6451=DIRECTION('',(1.,0.,0.));
#6452=DIRECTION('',(0.,0.,1.));
#6453=DIRECTION('',(1.,0.,0.));
#6454=DIRECTION('',(0.,0.,1.));
#6455=DIRECTION('',(1.,0.,0.));
#6456=DIRECTION('',(0.,0.,1.));
#6457=DIRECTION('',(1.,0.,0.));
#6458=DIRECTION('',(0.,0.,1.));
#6459=DIRECTION('',(1.,0.,0.));
#6460=DIRECTION('',(0.,0.,1.));
#6461=DIRECTION('',(1.,0.,0.));
#6462=DIRECTION('',(0.,0.,1.));
#6463=DIRECTION('',(1.,0.,0.));
#6464=DIRECTION('',(0.,0.,1.));
#6465=DIRECTION('',(1.,0.,0.));
#6466=DIRECTION('',(1.,-2.8143940769384E-16,0.));
#6467=DIRECTION('',(2.8143940769384E-16,1.,0.));
#6468=DIRECTION('',(1.,-2.8143940769384E-16,0.));
#6469=DIRECTION('',(2.8143940769384E-16,1.,0.));
#6470=DIRECTION('',(1.,-2.8143940769384E-16,0.));
#6471=DIRECTION('',(2.8143940769384E-16,1.,0.));
#6472=DIRECTION('',(-2.8143940769384E-16,-1.,0.));
#6473=DIRECTION('',(0.,0.,-1.));
#6474=DIRECTION('',(0.,0.,-1.));
#6475=DIRECTION('',(1.,-2.8143940769384E-16,0.));
#6476=DIRECTION('',(2.8143940769384E-16,1.,0.));
#6477=DIRECTION('',(-2.8143940769384E-16,-1.,0.));
#6478=DIRECTION('',(0.,0.,-1.));
#6479=DIRECTION('',(0.,0.,-1.));
#6480=DIRECTION('',(1.,-2.8143940769384E-16,0.));
#6481=DIRECTION('',(-2.8143940769384E-16,-1.,0.));
#6482=DIRECTION('',(-1.,2.8143940769384E-16,0.));
#6483=DIRECTION('',(-2.8143940769384E-16,-1.,0.));
#6484=DIRECTION('',(1.,-2.8143940769384E-16,0.));
#6485=DIRECTION('',(2.8143940769384E-16,1.,0.));
#6486=DIRECTION('',(-2.8143940769384E-16,-1.,0.));
#6487=DIRECTION('',(0.,0.,1.));
#6488=DIRECTION('',(0.,0.,-1.));
#6489=DIRECTION('',(1.,-2.8143940769384E-16,0.));
#6490=DIRECTION('',(2.8143940769384E-16,1.,0.));
#6491=DIRECTION('',(1.,-2.8143940769384E-16,0.));
#6492=DIRECTION('',(2.8143940769384E-16,1.,0.));
#6493=DIRECTION('',(1.,-2.8143940769384E-16,0.));
#6494=DIRECTION('',(2.8143940769384E-16,1.,0.));
#6495=DIRECTION('',(1.,-2.8143940769384E-16,0.));
#6496=DIRECTION('',(2.8143940769384E-16,1.,0.));
#6497=DIRECTION('',(-2.8143940769384E-16,-1.,0.));
#6498=DIRECTION('',(0.,0.,1.));
#6499=DIRECTION('',(0.,0.,-1.));
#6500=DIRECTION('',(1.,-2.8143940769384E-16,0.));
#6501=DIRECTION('',(2.8143940769384E-16,1.,0.));
#6502=DIRECTION('',(0.,0.,1.));
#6503=DIRECTION('',(1.,0.,0.));
#6504=DIRECTION('',(0.,0.,-1.));
#6505=DIRECTION('',(1.,0.,0.));
#6506=DIRECTION('',(0.,0.,1.));
#6507=DIRECTION('',(1.,0.,0.));
#6508=DIRECTION('',(0.,0.,1.));
#6509=DIRECTION('',(1.,0.,0.));
#6510=DIRECTION('',(0.,0.,1.));
#6511=DIRECTION('',(1.,0.,0.));
#6512=DIRECTION('',(-1.,0.,0.));
#6513=DIRECTION('',(0.,0.,1.));
#6514=DIRECTION('',(1.,0.,0.));
#6515=DIRECTION('',(0.,0.,1.));
#6516=DIRECTION('',(1.,0.,0.));
#6517=DIRECTION('',(-1.,0.,0.));
#6518=DIRECTION('',(0.,0.,1.));
#6519=DIRECTION('',(1.,0.,0.));
#6520=DIRECTION('',(0.,0.,-1.));
#6521=DIRECTION('',(1.,0.,0.));
#6522=DIRECTION('',(0.,0.,1.));
#6523=DIRECTION('',(1.,0.,0.));
#6524=DIRECTION('',(0.,0.,1.));
#6525=DIRECTION('',(1.,0.,0.));
#6526=DIRECTION('',(0.,0.,1.));
#6527=DIRECTION('',(1.,0.,0.));
#6528=DIRECTION('',(-1.,0.,0.));
#6529=DIRECTION('',(0.,0.,1.));
#6530=DIRECTION('',(1.,0.,0.));
#6531=DIRECTION('',(0.,0.,1.));
#6532=DIRECTION('',(1.,0.,0.));
#6533=DIRECTION('',(0.,0.,1.));
#6534=DIRECTION('',(1.,0.,0.));
#6535=DIRECTION('',(0.,0.,1.));
#6536=DIRECTION('',(1.,0.,0.));
#6537=DIRECTION('',(0.,0.,1.));
#6538=DIRECTION('',(1.,0.,0.));
#6539=DIRECTION('',(0.,0.,1.));
#6540=DIRECTION('',(1.,0.,0.));
#6541=DIRECTION('',(-1.,0.,0.));
#6542=DIRECTION('',(0.,0.,1.));
#6543=DIRECTION('',(1.,0.,0.));
#6544=DIRECTION('',(0.,0.,1.));
#6545=DIRECTION('',(1.,0.,0.));
#6546=DIRECTION('',(0.,0.,1.));
#6547=DIRECTION('',(1.,0.,0.));
#6548=DIRECTION('',(0.,0.,-1.));
#6549=DIRECTION('',(-1.,0.,0.));
#6550=DIRECTION('',(0.,0.,-1.));
#6551=DIRECTION('',(0.,-1.,0.));
#6552=DIRECTION('',(0.,0.,-1.));
#6553=DIRECTION('',(0.,0.,-1.));
#6554=DIRECTION('',(0.,0.,-1.));
#6555=DIRECTION('',(-1.,0.,0.));
#6556=DIRECTION('',(0.,0.,-1.));
#6557=DIRECTION('',(-1.,0.,0.));
#6558=DIRECTION('',(0.,0.,-1.));
#6559=DIRECTION('',(0.,-1.,0.));
#6560=DIRECTION('',(0.,0.,-1.));
#6561=DIRECTION('',(0.,0.,-1.));
#6562=DIRECTION('',(0.,0.,-1.));
#6563=DIRECTION('',(-1.,0.,0.));
#6564=DIRECTION('',(0.,0.,-1.));
#6565=DIRECTION('',(-1.,0.,0.));
#6566=DIRECTION('',(0.,0.,-1.));
#6567=DIRECTION('',(-1.,0.,0.));
#6568=DIRECTION('',(0.,0.,-1.));
#6569=DIRECTION('',(-1.,0.,0.));
#6570=DIRECTION('',(0.,0.,-1.));
#6571=DIRECTION('',(-1.,0.,0.));
#6572=DIRECTION('',(0.,0.,-1.));
#6573=DIRECTION('',(-1.,0.,0.));
#6574=DIRECTION('',(0.,0.,-1.));
#6575=DIRECTION('',(0.,0.,-1.));
#6576=DIRECTION('',(-1.,0.,0.));
#6577=DIRECTION('',(0.,0.,-1.));
#6578=DIRECTION('',(0.,0.,-1.));
#6579=DIRECTION('',(0.,0.,-1.));
#6580=DIRECTION('',(-1.,0.,0.));
#6581=DIRECTION('',(0.,0.,-1.));
#6582=DIRECTION('',(0.,0.,-1.));
#6583=DIRECTION('',(0.,0.,-1.));
#6584=DIRECTION('',(-1.,0.,0.));
#6585=DIRECTION('',(0.,0.,-1.));
#6586=DIRECTION('',(0.,0.,-1.));
#6587=DIRECTION('',(-1.,0.,0.));
#6588=DIRECTION('',(0.,0.,-1.));
#6589=DIRECTION('',(0.,-1.,0.));
#6590=DIRECTION('',(0.,0.,-1.));
#6591=DIRECTION('',(0.,0.,-1.));
#6592=DIRECTION('',(0.,0.,-1.));
#6593=DIRECTION('',(-1.,0.,0.));
#6594=DIRECTION('',(0.,0.,-1.));
#6595=DIRECTION('',(0.,0.,-1.));
#6596=DIRECTION('',(-1.,0.,0.));
#6597=DIRECTION('',(0.,0.,-1.));
#6598=DIRECTION('',(0.,-1.,0.));
#6599=DIRECTION('',(0.,0.,-1.));
#6600=DIRECTION('',(0.,0.,-1.));
#6601=DIRECTION('',(0.,0.,-1.));
#6602=DIRECTION('',(-1.,0.,0.));
#6603=DIRECTION('',(0.,0.,-1.));
#6604=DIRECTION('',(-1.,0.,0.));
#6605=DIRECTION('',(0.,0.,-1.));
#6606=DIRECTION('',(-1.,0.,0.));
#6607=DIRECTION('',(0.,0.,-1.));
#6608=DIRECTION('',(0.,0.,-1.));
#6609=DIRECTION('',(-1.,0.,0.));
#6610=DIRECTION('',(0.,0.,-1.));
#6611=DIRECTION('',(-1.,0.,0.));
#6612=DIRECTION('',(-1.,0.,0.));
#6613=DIRECTION('',(0.,0.,1.));
#6614=DIRECTION('',(0.,0.,1.));
#6615=DIRECTION('',(0.,0.,1.));
#6616=DIRECTION('',(0.,1.,0.));
#6617=DIRECTION('',(0.,0.,1.));
#6618=DIRECTION('',(0.,0.,1.));
#6619=DIRECTION('',(-1.,0.,0.));
#6620=DIRECTION('',(0.,0.,1.));
#6621=DIRECTION('',(0.,0.,1.));
#6622=DIRECTION('',(0.,1.,0.));
#6623=DIRECTION('',(0.,0.,1.));
#6624=DIRECTION('',(-1.,2.8143940769384E-16,0.));
#6625=DIRECTION('',(-2.8143940769384E-16,-1.,0.));
#6626=DIRECTION('',(-1.,2.8143940769384E-16,0.));
#6627=DIRECTION('',(-2.8143940769384E-16,-1.,0.));
#6628=DIRECTION('',(-1.,2.8143940769384E-16,0.));
#6629=DIRECTION('',(-2.8143940769384E-16,-1.,0.));
#6630=DIRECTION('',(-1.,2.8143940769384E-16,0.));
#6631=DIRECTION('',(-2.8143940769384E-16,-1.,0.));
#6632=DIRECTION('',(0.,0.,1.));
#6633=DIRECTION('',(1.,0.,0.));
#6634=DIRECTION('',(0.,0.,1.));
#6635=DIRECTION('',(1.,0.,0.));
#6636=DIRECTION('',(0.,0.,1.));
#6637=DIRECTION('',(1.,0.,0.));
#6638=DIRECTION('',(0.,0.,1.));
#6639=DIRECTION('',(1.,0.,0.));
#6640=DIRECTION('',(0.,0.,1.));
#6641=DIRECTION('',(1.,0.,0.));
#6642=DIRECTION('',(0.,0.,1.));
#6643=DIRECTION('',(1.,0.,0.));
#6644=DIRECTION('',(0.,0.,1.));
#6645=DIRECTION('',(1.,0.,0.));
#6646=DIRECTION('',(0.,0.,1.));
#6647=DIRECTION('',(1.,0.,0.));
#6648=DIRECTION('',(0.,0.,1.));
#6649=DIRECTION('',(1.,0.,0.));
#6650=DIRECTION('',(0.,0.,1.));
#6651=DIRECTION('',(1.,0.,0.));
#6652=DIRECTION('',(0.,0.,1.));
#6653=DIRECTION('',(1.,0.,0.));
#6654=DIRECTION('',(0.,0.,1.));
#6655=DIRECTION('',(1.,0.,0.));
#6656=DIRECTION('',(0.,0.,1.));
#6657=DIRECTION('',(1.,0.,0.));
#6658=DIRECTION('',(0.,0.,1.));
#6659=DIRECTION('',(1.,0.,0.));
#6660=DIRECTION('',(0.,0.,1.));
#6661=DIRECTION('',(1.,0.,0.));
#6662=DIRECTION('',(0.,0.,1.));
#6663=DIRECTION('',(1.,0.,0.));
#6664=DIRECTION('',(0.,0.,1.));
#6665=DIRECTION('',(1.,0.,0.));
#6666=DIRECTION('',(-4.11111159148744E-48,-1.25015686470344E-47,1.));
#6667=DIRECTION('',(-0.949953901333995,0.312390117225756,0.));
#6668=DIRECTION('',(1.31571636591375E-47,-2.81960282391298E-49,1.));
#6669=DIRECTION('',(-0.0214252529295505,-0.999770452922522,0.));
#6670=DIRECTION('',(0.,-1.,0.));
#6671=DIRECTION('',(1.,0.,0.));
#6672=DIRECTION('',(-1.,0.,0.));
#6673=DIRECTION('',(0.,-1.,0.));
#6674=DIRECTION('',(0.,0.,-1.));
#6675=DIRECTION('',(-2.80966309147516E-16,0.,-1.));
#6676=DIRECTION('',(0.,-1.,0.));
#6677=DIRECTION('',(0.,0.,-1.));
#6678=DIRECTION('',(-1.,0.,0.));
#6679=DIRECTION('',(0.,-1.,0.));
#6680=DIRECTION('',(0.,0.,-1.));
#6681=DIRECTION('',(-2.80966309147516E-16,0.,-1.));
#6682=DIRECTION('',(0.,-1.,0.));
#6683=DIRECTION('',(0.,0.,-1.));
#6684=DIRECTION('',(0.,-1.,0.));
#6685=DIRECTION('',(0.,0.,-1.));
#6686=DIRECTION('',(0.,-1.,0.));
#6687=DIRECTION('',(0.,0.,-1.));
#6688=DIRECTION('',(0.,1.,0.));
#6689=DIRECTION('',(0.,0.,-1.));
#6690=DIRECTION('',(0.,0.,1.));
#6691=DIRECTION('',(1.,0.,0.));
#6692=DIRECTION('',(0.,-1.,0.));
#6693=DIRECTION('',(-1.,0.,0.));
#6694=DIRECTION('',(0.,-1.,0.));
#6695=DIRECTION('',(-1.,0.,0.));
#6696=DIRECTION('',(0.,-1.,0.));
#6697=DIRECTION('',(1.,0.,0.));
#6698=DIRECTION('',(0.,-1.,0.));
#6699=DIRECTION('',(0.,0.,-1.));
#6700=DIRECTION('',(-1.,0.,0.));
#6701=DIRECTION('',(0.,-1.,0.));
#6702=DIRECTION('',(0.,0.,-1.));
#6703=DIRECTION('',(0.,-1.,0.));
#6704=DIRECTION('',(0.,0.,-1.));
#6705=DIRECTION('',(-2.80966309147516E-16,0.,-1.));
#6706=DIRECTION('',(0.,-1.,0.));
#6707=DIRECTION('',(0.,0.,-1.));
#6708=DIRECTION('',(-1.,0.,0.));
#6709=DIRECTION('',(0.,-1.,0.));
#6710=DIRECTION('',(0.,0.,-1.));
#6711=DIRECTION('',(-2.80966309147516E-16,0.,-1.));
#6712=DIRECTION('',(0.,-1.,0.));
#6713=DIRECTION('',(0.,0.,-1.));
#6714=DIRECTION('',(0.,-1.,0.));
#6715=DIRECTION('',(0.,0.,-1.));
#6716=DIRECTION('',(0.,-1.,0.));
#6717=DIRECTION('',(1.,0.,0.));
#6718=DIRECTION('',(-1.,0.,0.));
#6719=DIRECTION('',(0.,-1.,0.));
#6720=DIRECTION('',(0.,0.,-1.));
#6721=DIRECTION('',(-2.80966309147516E-16,0.,-1.));
#6722=DIRECTION('',(0.,-1.,0.));
#6723=DIRECTION('',(0.,0.,-1.));
#6724=DIRECTION('',(-1.,0.,0.));
#6725=DIRECTION('',(0.,-1.,0.));
#6726=DIRECTION('',(0.,0.,-1.));
#6727=DIRECTION('',(-2.80966309147516E-16,0.,-1.));
#6728=DIRECTION('',(0.,-1.,0.));
#6729=DIRECTION('',(0.,0.,-1.));
#6730=DIRECTION('',(0.,-1.,0.));
#6731=DIRECTION('',(0.,0.,-1.));
#6732=DIRECTION('',(-1.,0.,0.));
#6733=DIRECTION('',(0.,-1.,0.));
#6734=DIRECTION('',(0.,0.,-1.));
#6735=DIRECTION('',(-2.80966309147516E-16,0.,-1.));
#6736=DIRECTION('',(0.,-1.,0.));
#6737=DIRECTION('',(0.,0.,-1.));
#6738=DIRECTION('',(-1.,0.,0.));
#6739=DIRECTION('',(0.,-1.,0.));
#6740=DIRECTION('',(0.,0.,-1.));
#6741=DIRECTION('',(-2.80966309147516E-16,0.,-1.));
#6742=DIRECTION('',(0.,-1.,0.));
#6743=DIRECTION('',(0.,0.,-1.));
#6744=DIRECTION('',(0.,0.,1.));
#6745=DIRECTION('',(1.,0.,0.));
#6746=DIRECTION('',(0.,-1.,0.));
#6747=DIRECTION('',(0.,-1.,0.));
#6748=DIRECTION('',(0.,-1.,0.));
#6749=DIRECTION('',(0.,0.,-1.));
#6750=DIRECTION('',(0.,-1.,0.));
#6751=DIRECTION('',(-1.,0.,2.80966309147516E-16));
#6752=DIRECTION('',(2.80966309147516E-16,0.,1.));
#6753=DIRECTION('',(0.,-1.,0.));
#6754=DIRECTION('',(0.,-1.,0.));
#6755=DIRECTION('',(0.,0.,-1.));
#6756=DIRECTION('',(0.,-1.,0.));
#6757=DIRECTION('',(0.,0.,1.));
#6758=DIRECTION('',(1.,0.,0.));
#6759=DIRECTION('',(0.,-1.,0.));
#6760=DIRECTION('',(0.,-1.,0.));
#6761=DIRECTION('',(0.,0.,-1.));
#6762=DIRECTION('',(0.,-1.,0.));
#6763=DIRECTION('',(-1.,0.,2.80966309147516E-16));
#6764=DIRECTION('',(2.80966309147516E-16,0.,1.));
#6765=DIRECTION('',(0.,-1.,0.));
#6766=DIRECTION('',(0.,-1.,0.));
#6767=DIRECTION('',(0.,0.,-1.));
#6768=DIRECTION('',(0.,0.,1.));
#6769=DIRECTION('',(1.,0.,0.));
#6770=DIRECTION('',(0.,-1.,0.));
#6771=DIRECTION('',(0.,1.,0.));
#6772=DIRECTION('',(0.,-1.,0.));
#6773=DIRECTION('',(0.,0.,-1.));
#6774=DIRECTION('',(0.,-1.,0.));
#6775=DIRECTION('',(-1.,0.,2.80966309147516E-16));
#6776=DIRECTION('',(2.80966309147516E-16,0.,1.));
#6777=DIRECTION('',(0.,1.,0.));
#6778=DIRECTION('',(0.,-1.,0.));
#6779=DIRECTION('',(0.,0.,-1.));
#6780=DIRECTION('',(0.,-1.,0.));
#6781=DIRECTION('',(0.,0.,1.));
#6782=DIRECTION('',(1.,0.,0.));
#6783=DIRECTION('',(0.,1.,0.));
#6784=DIRECTION('',(0.,-1.,0.));
#6785=DIRECTION('',(0.,0.,-1.));
#6786=DIRECTION('',(0.,-1.,0.));
#6787=DIRECTION('',(-1.,0.,2.80966309147516E-16));
#6788=DIRECTION('',(2.80966309147516E-16,0.,1.));
#6789=DIRECTION('',(0.,1.,0.));
#6790=DIRECTION('',(0.,-1.,0.));
#6791=DIRECTION('',(0.,0.,-1.));
#6792=DIRECTION('',(0.,-1.,0.));
#6793=DIRECTION('',(0.,0.,-1.));
#6794=DIRECTION('',(0.,-1.,0.));
#6795=DIRECTION('',(0.,0.,-1.));
#6796=DIRECTION('',(0.,-1.,0.));
#6797=DIRECTION('',(0.,0.,-1.));
#6798=DIRECTION('',(0.,1.,0.));
#6799=DIRECTION('',(0.,0.,-1.));
#6800=DIRECTION('',(0.,-1.,0.));
#6801=DIRECTION('',(0.,0.,-1.));
#6802=DIRECTION('',(0.,-1.,0.));
#6803=DIRECTION('',(0.,0.,-1.));
#6804=DIRECTION('',(0.,1.,0.));
#6805=DIRECTION('',(0.,0.,1.));
#6806=DIRECTION('',(0.,-1.,0.));
#6807=DIRECTION('',(0.,0.,-1.));
#6808=DIRECTION('',(0.,-1.,0.));
#6809=DIRECTION('',(1.,0.,0.));
#6810=DIRECTION('',(0.,1.,0.));
#6811=DIRECTION('',(0.,0.,1.));
#6812=DIRECTION('',(0.,-1.,0.));
#6813=DIRECTION('',(0.,0.,-1.));
#6814=DIRECTION('',(0.,-1.,0.));
#6815=DIRECTION('',(1.,0.,0.));
#6816=DIRECTION('',(0.,1.,0.));
#6817=DIRECTION('',(0.,0.,1.));
#6818=DIRECTION('',(0.,1.,0.));
#6819=DIRECTION('',(0.,0.,-1.));
#6820=DIRECTION('',(0.,-1.,0.));
#6821=DIRECTION('',(1.,0.,0.));
#6822=DIRECTION('',(0.,0.,1.));
#6823=DIRECTION('',(1.,0.,0.));
#6824=DIRECTION('',(-4.11111159148744E-48,-1.25015686470344E-47,1.));
#6825=DIRECTION('',(-0.949953901333995,0.312390117225756,0.));
#6826=DIRECTION('',(-0.453850982281388,-0.891077598126122,0.));
#6827=DIRECTION('',(-0.891077598126122,0.453850982281388,0.));
#6828=DIRECTION('',(0.300276763753836,0.9538521191199,-1.31172061537299E-15));
#6829=DIRECTION('',(0.9538521191199,-0.300276763753836,2.5057339572153E-15));
#6830=CARTESIAN_POINT('',(0.,0.,0.));
#6831=CARTESIAN_POINT('',(0.,0.,0.00508));
#6832=CARTESIAN_POINT('',(0.0464244373142719,0.0785559117794037,0.00508));
#6833=CARTESIAN_POINT('',(0.0479484373142719,0.0785559117794037,0.00508));
#6834=CARTESIAN_POINT('',(-0.0464292317628861,0.0785768106579781,0.00508));
#6835=CARTESIAN_POINT('',(-0.0449052317628861,0.0785768106579781,0.00508));
#6836=CARTESIAN_POINT('',(0.046405803412199,-0.0785738080739975,0.00508));
#6837=CARTESIAN_POINT('',(0.047929803412199,-0.0785738080739975,0.00508));
#6838=CARTESIAN_POINT('',(0.04572,-0.045085,0.00508));
#6839=CARTESIAN_POINT('',(0.04572,-0.07239,0.00508));
#6840=CARTESIAN_POINT('',(0.04572,-0.01778,0.00508));
#6841=CARTESIAN_POINT('',(0.03556,-0.07239,0.00508));
#6842=CARTESIAN_POINT('',(0.0254,-0.07239,0.00508));
#6843=CARTESIAN_POINT('',(0.0254,-0.045085,0.00508));
#6844=CARTESIAN_POINT('',(0.0254,-0.01778,0.00508));
#6845=CARTESIAN_POINT('',(0.03556,-0.01778,0.00508));
#6846=CARTESIAN_POINT('',(0.0508,0.,0.00508));
#6847=CARTESIAN_POINT('',(0.0508,0.0739650565722013,0.00508));
#6848=CARTESIAN_POINT('',(0.0508,-0.0739650565722013,0.00508));
#6849=CARTESIAN_POINT('',(0.0422150565722013,0.0739650565722013,0.00508));
#6850=CARTESIAN_POINT('',(0.0422150565722013,0.08255,0.00508));
#6851=CARTESIAN_POINT('',(3.12250225675825E-17,0.08255,0.00508));
#6852=CARTESIAN_POINT('',(-0.0422150565722013,0.08255,0.00508));
#6853=CARTESIAN_POINT('',(-0.0422150565722013,0.0739650565722013,0.00508));
#6854=CARTESIAN_POINT('',(-0.0508,0.0739650565722013,0.00508));
#6855=CARTESIAN_POINT('',(-0.0508,0.,0.00508));
#6856=CARTESIAN_POINT('',(-0.0508,-0.0739650565722013,0.00508));
#6857=CARTESIAN_POINT('',(-0.0422150565722013,-0.0739650565722013,0.00508));
#6858=CARTESIAN_POINT('',(-0.0422150565722013,-0.08255,0.00508));
#6859=CARTESIAN_POINT('',(-1.38777878078145E-17,-0.08255,0.00508));
#6860=CARTESIAN_POINT('',(0.0422150565722013,-0.08255,0.00508));
#6861=CARTESIAN_POINT('',(0.0422150565722013,-0.0739650565722013,0.00508));
#6862=CARTESIAN_POINT('',(-0.03556,0.07239,0.00508));
#6863=CARTESIAN_POINT('',(-0.04572,0.07239,0.00508));
#6864=CARTESIAN_POINT('',(-0.0254,0.07239,0.00508));
#6865=CARTESIAN_POINT('',(-0.0254,0.045085,0.00508));
#6866=CARTESIAN_POINT('',(-0.0254,0.01778,0.00508));
#6867=CARTESIAN_POINT('',(-0.03556,0.01778,0.00508));
#6868=CARTESIAN_POINT('',(-0.04572,0.01778,0.00508));
#6869=CARTESIAN_POINT('',(-0.04572,0.045085,0.00508));
#6870=CARTESIAN_POINT('',(0.03556,0.07239,0.00508));
#6871=CARTESIAN_POINT('',(0.04572,0.07239,0.00508));
#6872=CARTESIAN_POINT('',(0.0254,0.07239,0.00508));
#6873=CARTESIAN_POINT('',(0.04572,0.045085,0.00508));
#6874=CARTESIAN_POINT('',(0.04572,0.01778,0.00508));
#6875=CARTESIAN_POINT('',(0.03556,0.01778,0.00508));
#6876=CARTESIAN_POINT('',(0.0254,0.01778,0.00508));
#6877=CARTESIAN_POINT('',(0.0254,0.045085,0.00508));
#6878=CARTESIAN_POINT('',(-0.04572,-0.045085,0.00508));
#6879=CARTESIAN_POINT('',(-0.04572,-0.07239,0.00508));
#6880=CARTESIAN_POINT('',(-0.04572,-0.01778,0.00508));
#6881=CARTESIAN_POINT('',(-0.03556,-0.01778,0.00508));
#6882=CARTESIAN_POINT('',(-0.0254,-0.01778,0.00508));
#6883=CARTESIAN_POINT('',(-0.0254,-0.045085,0.00508));
#6884=CARTESIAN_POINT('',(-0.0254,-0.07239,0.00508));
#6885=CARTESIAN_POINT('',(-0.03556,-0.07239,0.00508));
#6886=CARTESIAN_POINT('',(-0.046405803412199,-0.0785738080739975,0.00508));
#6887=CARTESIAN_POINT('',(-0.044881803412199,-0.0785738080739975,0.00508));
#6888=CARTESIAN_POINT('',(0.,0.,0.));
#6889=CARTESIAN_POINT('',(0.0464244373142719,0.0785559117794037,0.));
#6890=CARTESIAN_POINT('',(0.0479484373142719,0.0785559117794037,0.));
#6891=CARTESIAN_POINT('',(-0.0464292317628861,0.0785768106579781,0.));
#6892=CARTESIAN_POINT('',(-0.0449052317628861,0.0785768106579781,0.));
#6893=CARTESIAN_POINT('',(-6.07153216591882E-18,-0.01778,0.));
#6894=CARTESIAN_POINT('',(-0.04572,-0.01778,0.));
#6895=CARTESIAN_POINT('',(-0.0254,-0.01778,0.));
#6896=CARTESIAN_POINT('',(-0.04572,1.16186130484028E-17,0.));
#6897=CARTESIAN_POINT('',(-0.04572,-0.07239,0.));
#6898=CARTESIAN_POINT('',(0.,-0.07239,0.));
#6899=CARTESIAN_POINT('',(-0.0254,-0.07239,0.));
#6900=CARTESIAN_POINT('',(-0.0254,6.45478502689045E-18,0.));
#6901=CARTESIAN_POINT('',(0.,-0.07239,0.));
#6902=CARTESIAN_POINT('',(0.04572,-0.07239,0.));
#6903=CARTESIAN_POINT('',(0.0254,-0.07239,0.));
#6904=CARTESIAN_POINT('',(0.04572,1.16186130484028E-17,0.));
#6905=CARTESIAN_POINT('',(0.04572,-0.01778,0.));
#6906=CARTESIAN_POINT('',(6.07153216591882E-18,-0.01778,0.));
#6907=CARTESIAN_POINT('',(0.0254,-0.01778,0.));
#6908=CARTESIAN_POINT('',(0.0254,6.45478502689045E-18,0.));
#6909=CARTESIAN_POINT('',(-0.0254,-6.45478502689045E-18,0.));
#6910=CARTESIAN_POINT('',(-0.0254,0.07239,0.));
#6911=CARTESIAN_POINT('',(-0.0254,0.01778,0.));
#6912=CARTESIAN_POINT('',(0.,0.07239,0.));
#6913=CARTESIAN_POINT('',(-0.04572,0.07239,0.));
#6914=CARTESIAN_POINT('',(-0.04572,-1.16186130484028E-17,0.));
#6915=CARTESIAN_POINT('',(-0.04572,0.01778,0.));
#6916=CARTESIAN_POINT('',(-6.07153216591882E-18,0.01778,0.));
#6917=CARTESIAN_POINT('',(0.0508,0.,0.));
#6918=CARTESIAN_POINT('',(0.0508,0.0739650565722013,0.));
#6919=CARTESIAN_POINT('',(0.0508,-0.0739650565722013,0.));
#6920=CARTESIAN_POINT('',(0.0422150565722013,-0.0739650565722013,0.));
#6921=CARTESIAN_POINT('',(0.0422150565722013,-0.08255,0.));
#6922=CARTESIAN_POINT('',(-1.38777878078145E-17,-0.08255,0.));
#6923=CARTESIAN_POINT('',(-0.0422150565722013,-0.08255,0.));
#6924=CARTESIAN_POINT('',(-0.0422150565722013,-0.0739650565722013,0.));
#6925=CARTESIAN_POINT('',(-0.0508,-0.0739650565722013,0.));
#6926=CARTESIAN_POINT('',(-0.0508,0.,0.));
#6927=CARTESIAN_POINT('',(-0.0508,0.0739650565722013,0.));
#6928=CARTESIAN_POINT('',(-0.0422150565722013,0.0739650565722013,0.));
#6929=CARTESIAN_POINT('',(-0.0422150565722013,0.08255,0.));
#6930=CARTESIAN_POINT('',(3.12250225675825E-17,0.08255,0.));
#6931=CARTESIAN_POINT('',(0.0422150565722013,0.08255,0.));
#6932=CARTESIAN_POINT('',(0.0422150565722013,0.0739650565722013,0.));
#6933=CARTESIAN_POINT('',(0.04572,-1.16186130484028E-17,0.));
#6934=CARTESIAN_POINT('',(0.04572,0.07239,0.));
#6935=CARTESIAN_POINT('',(0.04572,0.01778,0.));
#6936=CARTESIAN_POINT('',(0.,0.07239,0.));
#6937=CARTESIAN_POINT('',(0.0254,0.07239,0.));
#6938=CARTESIAN_POINT('',(0.0254,-6.45478502689045E-18,0.));
#6939=CARTESIAN_POINT('',(0.0254,0.01778,0.));
#6940=CARTESIAN_POINT('',(6.07153216591882E-18,0.01778,0.));
#6941=CARTESIAN_POINT('',(0.046405803412199,-0.0785738080739975,0.));
#6942=CARTESIAN_POINT('',(0.047929803412199,-0.0785738080739975,0.));
#6943=CARTESIAN_POINT('',(-0.046405803412199,-0.0785738080739975,0.));
#6944=CARTESIAN_POINT('',(-0.044881803412199,-0.0785738080739975,0.));
#6945=CARTESIAN_POINT('',(0.0508,0.,0.00508));
#6946=CARTESIAN_POINT('',(0.0508,0.0739650565722013,0.00508));
#6947=CARTESIAN_POINT('',(0.0508,-0.0739650565722013,0.00508));
#6948=CARTESIAN_POINT('',(0.0422150565722013,0.0739650565722013,0.00508));
#6949=CARTESIAN_POINT('',(0.0422150565722013,0.08255,0.00508));
#6950=CARTESIAN_POINT('',(3.12250225675825E-17,0.08255,0.00508));
#6951=CARTESIAN_POINT('',(-0.0422150565722013,0.08255,0.00508));
#6952=CARTESIAN_POINT('',(-0.0422150565722013,0.0739650565722013,0.00508));
#6953=CARTESIAN_POINT('',(-0.0508,0.0739650565722013,0.00508));
#6954=CARTESIAN_POINT('',(-0.0508,0.,0.00508));
#6955=CARTESIAN_POINT('',(-0.0508,-0.0739650565722013,0.00508));
#6956=CARTESIAN_POINT('',(-0.0422150565722013,-0.0739650565722013,0.00508));
#6957=CARTESIAN_POINT('',(-0.0422150565722013,-0.08255,0.00508));
#6958=CARTESIAN_POINT('',(-1.38777878078145E-17,-0.08255,0.00508));
#6959=CARTESIAN_POINT('',(0.0422150565722013,-0.08255,0.00508));
#6960=CARTESIAN_POINT('',(0.0422150565722013,-0.0739650565722013,0.00508));
#6961=CARTESIAN_POINT('',(-0.0254,0.045085,-0.188853635485724));
#6962=CARTESIAN_POINT('',(-0.0254,0.01778,-0.188853635485724));
#6963=CARTESIAN_POINT('',(-0.0254,0.07239,-0.188853635485724));
#6964=CARTESIAN_POINT('',(-0.03556,0.07239,-0.188853635485724));
#6965=CARTESIAN_POINT('',(-0.04572,0.07239,-0.188853635485724));
#6966=CARTESIAN_POINT('',(-0.04572,0.045085,-0.188853635485724));
#6967=CARTESIAN_POINT('',(-0.04572,0.01778,-0.188853635485724));
#6968=CARTESIAN_POINT('',(-0.03556,0.01778,-0.188853635485724));
#6969=CARTESIAN_POINT('',(0.04572,0.045085,-0.188853635485724));
#6970=CARTESIAN_POINT('',(0.04572,0.01778,-0.188853635485724));
#6971=CARTESIAN_POINT('',(0.04572,0.07239,-0.188853635485724));
#6972=CARTESIAN_POINT('',(0.03556,0.07239,-0.188853635485724));
#6973=CARTESIAN_POINT('',(0.0254,0.07239,-0.188853635485724));
#6974=CARTESIAN_POINT('',(0.0254,0.045085,-0.188853635485724));
#6975=CARTESIAN_POINT('',(0.0254,0.01778,-0.188853635485724));
#6976=CARTESIAN_POINT('',(0.03556,0.01778,-0.188853635485724));
#6977=CARTESIAN_POINT('',(0.04572,-0.045085,-0.188853635485724));
#6978=CARTESIAN_POINT('',(0.04572,-0.07239,-0.188853635485724));
#6979=CARTESIAN_POINT('',(0.04572,-0.01778,-0.188853635485724));
#6980=CARTESIAN_POINT('',(0.03556,-0.01778,-0.188853635485724));
#6981=CARTESIAN_POINT('',(0.0254,-0.01778,-0.188853635485724));
#6982=CARTESIAN_POINT('',(0.0254,-0.045085,-0.188853635485724));
#6983=CARTESIAN_POINT('',(0.0254,-0.07239,-0.188853635485724));
#6984=CARTESIAN_POINT('',(0.03556,-0.07239,-0.188853635485724));
#6985=CARTESIAN_POINT('',(-0.03556,-0.01778,-0.188853635485724));
#6986=CARTESIAN_POINT('',(-0.0254,-0.01778,-0.188853635485724));
#6987=CARTESIAN_POINT('',(-0.04572,-0.01778,-0.188853635485724));
#6988=CARTESIAN_POINT('',(-0.04572,-0.045085,-0.188853635485724));
#6989=CARTESIAN_POINT('',(-0.04572,-0.07239,-0.188853635485724));
#6990=CARTESIAN_POINT('',(-0.03556,-0.07239,-0.188853635485724));
#6991=CARTESIAN_POINT('',(-0.0254,-0.07239,-0.188853635485724));
#6992=CARTESIAN_POINT('',(-0.0254,-0.045085,-0.188853635485724));
#6993=CARTESIAN_POINT('',(0.046405803412199,-0.0785738080739975,-0.168142594681261));
#6994=CARTESIAN_POINT('',(-0.046405803412199,-0.0785738080739975,-0.168142594681261));
#6995=CARTESIAN_POINT('',(-0.0464292317628861,0.0785768106579781,-0.168142594681261));
#6996=CARTESIAN_POINT('',(0.0464244373142719,0.0785559117794037,-0.168142594681261));
#6997=CARTESIAN_POINT('',(0.00901676273345947,0.0277443764209747,0.0977390176399052));
#6998=CARTESIAN_POINT('',(1.38777878078145E-17,0.,8.67361737988404E-19));
#6999=CARTESIAN_POINT('',(-0.0291128605604172,-0.068574495613575,0.));
#7000=CARTESIAN_POINT('',(-0.0321128605604172,-0.068574495613575,0.));
#7001=CARTESIAN_POINT('',(-0.0421274825930596,-0.0687375,0.));
#7002=CARTESIAN_POINT('',(-0.0451274825930596,-0.0687375,0.));
#7003=CARTESIAN_POINT('',(-0.03556,-0.065085,0.));
#7004=CARTESIAN_POINT('',(-0.0254,-0.065085,0.));
#7005=CARTESIAN_POINT('',(-0.04572,-0.065085,0.));
#7006=CARTESIAN_POINT('',(-0.0254,-0.045085,8.67361737988404E-19));
#7007=CARTESIAN_POINT('',(-0.0254,-0.07239,8.67361737988404E-19));
#7008=CARTESIAN_POINT('',(-0.03556,-0.07239,8.67361737988404E-19));
#7009=CARTESIAN_POINT('',(-0.04572,-0.07239,8.67361737988404E-19));
#7010=CARTESIAN_POINT('',(-0.04572,-0.045085,8.67361737988404E-19));
#7011=CARTESIAN_POINT('',(-0.0254,-0.045085,8.67361737988404E-19));
#7012=CARTESIAN_POINT('',(-0.0254,6.45478502689045E-18,0.0013));
#7013=CARTESIAN_POINT('',(-0.0254,-0.065085,0.0013));
#7014=CARTESIAN_POINT('',(-0.0254,-0.025085,0.0013));
#7015=CARTESIAN_POINT('',(-0.0254,-0.025085,0.0013));
#7016=CARTESIAN_POINT('',(-0.0254,-0.025085,0.));
#7017=CARTESIAN_POINT('',(-0.0254,-0.045085,8.67361737988404E-19));
#7018=CARTESIAN_POINT('',(-0.0254,-0.01778,8.67361737988404E-19));
#7019=CARTESIAN_POINT('',(-0.0254,-0.01778,8.67361737988404E-19));
#7020=CARTESIAN_POINT('',(-0.0254,-0.01778,0.00508));
#7021=CARTESIAN_POINT('',(-0.0254,-0.045085,0.00508));
#7022=CARTESIAN_POINT('',(-0.0254,-0.07239,0.00508));
#7023=CARTESIAN_POINT('',(-0.0254,-0.07239,8.67361737988404E-19));
#7024=CARTESIAN_POINT('',(-0.0254,-0.065085,0.0013));
#7025=CARTESIAN_POINT('',(-0.04572,-0.045085,8.67361737988404E-19));
#7026=CARTESIAN_POINT('',(-0.04572,1.16186130484028E-17,0.0013));
#7027=CARTESIAN_POINT('',(-0.04572,-0.065085,0.0013));
#7028=CARTESIAN_POINT('',(-0.04572,-0.025085,0.0013));
#7029=CARTESIAN_POINT('',(-0.04572,-0.065085,0.0013));
#7030=CARTESIAN_POINT('',(-0.04572,-0.07239,8.67361737988404E-19));
#7031=CARTESIAN_POINT('',(-0.04572,-0.07239,0.00508));
#7032=CARTESIAN_POINT('',(-0.04572,-0.045085,0.00508));
#7033=CARTESIAN_POINT('',(-0.04572,-0.01778,0.00508));
#7034=CARTESIAN_POINT('',(-0.04572,-0.01778,8.67361737988404E-19));
#7035=CARTESIAN_POINT('',(-0.04572,-0.01778,8.67361737988404E-19));
#7036=CARTESIAN_POINT('',(-0.04572,-0.045085,8.67361737988404E-19));
#7037=CARTESIAN_POINT('',(-0.04572,-0.025085,0.));
#7038=CARTESIAN_POINT('',(-0.04572,-0.025085,0.0013));
#7039=CARTESIAN_POINT('',(-0.03556,-0.07239,8.67361737988404E-19));
#7040=CARTESIAN_POINT('',(-0.03556,-0.07239,0.00508));
#7041=CARTESIAN_POINT('',(-0.03556,-0.01778,8.67361737988404E-19));
#7042=CARTESIAN_POINT('',(-0.03556,-0.01778,0.00508));
#7043=CARTESIAN_POINT('',(-0.03556,-0.01778,8.67361737988404E-19));
#7044=CARTESIAN_POINT('',(1.38777878078145E-17,0.,8.67361737988404E-19));
#7045=CARTESIAN_POINT('',(-0.0423467122018337,-0.0213791225105524,0.));
#7046=CARTESIAN_POINT('',(-0.0453467122018337,-0.0213791225105524,0.));
#7047=CARTESIAN_POINT('',(-0.0290522314608097,-0.0213791225105524,0.));
#7048=CARTESIAN_POINT('',(-0.0320522314608097,-0.0213791225105524,0.));
#7049=CARTESIAN_POINT('',(-0.03556,-0.025085,0.));
#7050=CARTESIAN_POINT('',(1.38777878078145E-17,0.,0.00508));
#7051=CARTESIAN_POINT('',(-0.0423467122018337,-0.0213791225105524,0.00508));
#7052=CARTESIAN_POINT('',(-0.0393467122018337,-0.0213791225105524,0.00508));
#7053=CARTESIAN_POINT('',(-0.0290522314608097,-0.0213791225105524,0.00508));
#7054=CARTESIAN_POINT('',(-0.0260522314608097,-0.0213791225105524,0.00508));
#7055=CARTESIAN_POINT('',(-0.0291128605604172,-0.068574495613575,0.00508));
#7056=CARTESIAN_POINT('',(-0.0261128605604172,-0.068574495613575,0.00508));
#7057=CARTESIAN_POINT('',(-0.0421274825930596,-0.0687375,0.00508));
#7058=CARTESIAN_POINT('',(-0.0391274825930596,-0.0687375,0.00508));
#7059=CARTESIAN_POINT('',(-0.03556,-0.065085,0.0013));
#7060=CARTESIAN_POINT('',(-0.03556,-0.065085,0.0013));
#7061=CARTESIAN_POINT('',(-0.03556,-0.025085,0.0013));
#7062=CARTESIAN_POINT('',(-0.03556,-0.025085,0.0013));
#7063=CARTESIAN_POINT('',(1.38777878078145E-17,0.,0.0013));
#7064=CARTESIAN_POINT('',(-0.0421274825930596,-0.0687375,0.0551));
#7065=CARTESIAN_POINT('',(-0.0291128605604172,-0.068574495613575,0.0551));
#7066=CARTESIAN_POINT('',(-0.0290522314608097,-0.0213791225105524,0.0551));
#7067=CARTESIAN_POINT('',(-0.0423467122018337,-0.0213791225105524,0.0551));
#7068=CARTESIAN_POINT('',(0.00901676273345947,0.0277443764209747,0.0977390176399052));
#7069=CARTESIAN_POINT('',(0.00501692465490825,-0.0697711651706171,0.069596));
#7070=CARTESIAN_POINT('',(0.00501692465490825,-0.0697711651706171,0.069596));
#7071=CARTESIAN_POINT('',(0.00755692465490825,-0.0697711651706171,0.069596));
#7072=CARTESIAN_POINT('',(0.00501692465490825,-0.0697711651706171,0.057912));
#7073=CARTESIAN_POINT('',(0.00755692465490825,-0.0697711651706171,0.057912));
#7074=CARTESIAN_POINT('',(1.38777878078145E-17,0.,0.069596));
#7075=CARTESIAN_POINT('',(1.38777878078145E-17,0.,0.057912));
#7076=CARTESIAN_POINT('',(-0.00110641268997616,0.0272261222385836,0.0752779170513153));
#7077=CARTESIAN_POINT('',(0.,0.02763,0.00396794881313943));
#7078=CARTESIAN_POINT('',(0.00658206874504686,0.0240501444786787,0.00396794881313943));
#7079=CARTESIAN_POINT('',(0.00358206874504686,0.0240501444786787,0.00396794881313943));
#7080=CARTESIAN_POINT('',(0.,0.02032,0.00396794881313943));
#7081=CARTESIAN_POINT('',(-0.009906,0.02032,0.00396794881313947));
#7082=CARTESIAN_POINT('',(0.009906,0.02032,0.00396794881313947));
#7083=CARTESIAN_POINT('',(-0.009906,0.02763,0.00396794881313945));
#7084=CARTESIAN_POINT('',(-0.009906,0.02763,0.00396794881313945));
#7085=CARTESIAN_POINT('',(0.,0.02763,0.00396794881313943));
#7086=CARTESIAN_POINT('',(0.009906,0.02763,0.00396794881313945));
#7087=CARTESIAN_POINT('',(0.009906,0.02763,0.00396794881313945));
#7088=CARTESIAN_POINT('',(-0.00658206874504686,0.0240501444786787,0.00396794881313943));
#7089=CARTESIAN_POINT('',(-0.00958206874504686,0.0240501444786787,0.00396794881313943));
#7090=CARTESIAN_POINT('',(0.,0.02763,0.00591922128758722));
#7091=CARTESIAN_POINT('',(0.,0.02032,0.00591922128758722));
#7092=CARTESIAN_POINT('',(-0.009906,0.02032,0.00591922128758726));
#7093=CARTESIAN_POINT('',(0.009906,0.02032,0.00591922128758723));
#7094=CARTESIAN_POINT('',(0.009906,0.02763,0.00591922128758723));
#7095=CARTESIAN_POINT('',(0.009906,0.02763,0.00591922128758723));
#7096=CARTESIAN_POINT('',(0.,0.02763,0.00591922128758722));
#7097=CARTESIAN_POINT('',(-0.009906,0.02763,0.00591922128758724));
#7098=CARTESIAN_POINT('',(-0.009906,0.02763,0.00591922128758724));
#7099=CARTESIAN_POINT('',(0.00658206874504686,0.0240501444786787,0.00591922128758722));
#7100=CARTESIAN_POINT('',(0.00358206874504686,0.0240501444786787,0.00591922128758722));
#7101=CARTESIAN_POINT('',(-0.00658206874504686,0.0240501444786787,0.00591922128758722));
#7102=CARTESIAN_POINT('',(-0.00958206874504686,0.0240501444786787,0.00591922128758722));
#7103=CARTESIAN_POINT('',(0.,-0.02763,0.00396795));
#7104=CARTESIAN_POINT('',(-0.00658206874504686,-0.0240501444786787,0.00396795));
#7105=CARTESIAN_POINT('',(-0.00958206874504686,-0.0240501444786787,0.00396795));
#7106=CARTESIAN_POINT('',(0.,-0.02032,0.00396795));
#7107=CARTESIAN_POINT('',(0.009906,-0.02032,0.00396795));
#7108=CARTESIAN_POINT('',(-0.009906,-0.02032,0.00396795));
#7109=CARTESIAN_POINT('',(0.009906,-0.02763,0.00396795));
#7110=CARTESIAN_POINT('',(0.009906,-0.02763,0.00396795));
#7111=CARTESIAN_POINT('',(0.,-0.02763,0.00396795));
#7112=CARTESIAN_POINT('',(-0.009906,-0.02763,0.00396795));
#7113=CARTESIAN_POINT('',(-0.009906,-0.02763,0.00396795));
#7114=CARTESIAN_POINT('',(0.00658206874504686,-0.0240501444786787,0.00396795));
#7115=CARTESIAN_POINT('',(0.00358206874504686,-0.0240501444786787,0.00396795));
#7116=CARTESIAN_POINT('',(0.,-0.02763,0.00591922));
#7117=CARTESIAN_POINT('',(0.,-0.02032,0.00591922));
#7118=CARTESIAN_POINT('',(0.009906,-0.02032,0.00591922));
#7119=CARTESIAN_POINT('',(-0.009906,-0.02032,0.00591922));
#7120=CARTESIAN_POINT('',(-0.009906,-0.02763,0.00591922));
#7121=CARTESIAN_POINT('',(-0.009906,-0.02763,0.00591922));
#7122=CARTESIAN_POINT('',(0.,-0.02763,0.00591922));
#7123=CARTESIAN_POINT('',(0.009906,-0.02763,0.00591922));
#7124=CARTESIAN_POINT('',(0.009906,-0.02763,0.00591922));
#7125=CARTESIAN_POINT('',(-0.00658206874504686,-0.0240501444786787,0.00591922));
#7126=CARTESIAN_POINT('',(-0.00958206874504686,-0.0240501444786787,0.00591922));
#7127=CARTESIAN_POINT('',(0.00658206874504686,-0.0240501444786787,0.00591922));
#7128=CARTESIAN_POINT('',(0.00358206874504686,-0.0240501444786787,0.00591922));
#7129=CARTESIAN_POINT('',(0.,-0.02032,0.037338));
#7130=CARTESIAN_POINT('',(0.009906,-0.02032,0.037338));
#7131=CARTESIAN_POINT('',(0.009906,-0.02032,0.));
#7132=CARTESIAN_POINT('',(-0.009906,-0.02032,0.037338));
#7133=CARTESIAN_POINT('',(-0.009906,-0.02032,0.));
#7134=CARTESIAN_POINT('',(0.,-0.02032,0.));
#7135=CARTESIAN_POINT('',(0.,0.02032,0.037338));
#7136=CARTESIAN_POINT('',(-0.009906,0.02032,0.037338));
#7137=CARTESIAN_POINT('',(-0.009906,0.02032,0.037338));
#7138=CARTESIAN_POINT('',(0.,0.02032,0.037338));
#7139=CARTESIAN_POINT('',(0.009906,0.02032,0.037338));
#7140=CARTESIAN_POINT('',(0.009906,0.02032,0.037338));
#7141=CARTESIAN_POINT('',(0.,-3.46944695195361E-18,0.037338));
#7142=CARTESIAN_POINT('',(-0.00743703182066649,0.0128596447595308,0.037338));
#7143=CARTESIAN_POINT('',(-0.00527803182066649,0.0128596447595308,0.037338));
#7144=CARTESIAN_POINT('',(-0.00743703182066649,0.0176035761833191,0.037338));
#7145=CARTESIAN_POINT('',(-0.00527803182066649,0.0176035761833191,0.037338));
#7146=CARTESIAN_POINT('',(4.33680868994202E-19,0.010414,0.037338));
#7147=CARTESIAN_POINT('',(0.002921,0.010414,0.037338));
#7148=CARTESIAN_POINT('',(0.009906,-3.46944695195361E-18,0.037338));
#7149=CARTESIAN_POINT('',(0.009906,-0.02032,0.037338));
#7150=CARTESIAN_POINT('',(-0.009906,0.,0.037338));
#7151=CARTESIAN_POINT('',(-0.009906,-0.02032,0.037338));
#7152=CARTESIAN_POINT('',(0.,-0.02032,0.037338));
#7153=CARTESIAN_POINT('',(0.00743703182066649,0.0128596447595308,0.037338));
#7154=CARTESIAN_POINT('',(0.00959603182066649,0.0128596447595308,0.037338));
#7155=CARTESIAN_POINT('',(0.00743703182066649,0.0176035761833191,0.037338));
#7156=CARTESIAN_POINT('',(0.00959603182066649,0.0176035761833191,0.037338));
#7157=CARTESIAN_POINT('',(0.,-3.46944695195361E-18,0.));
#7158=CARTESIAN_POINT('',(0.00743703182066649,0.0128596447595308,0.));
#7159=CARTESIAN_POINT('',(0.00959603182066649,0.0128596447595308,0.));
#7160=CARTESIAN_POINT('',(-0.00743703182066649,0.0128596447595308,0.));
#7161=CARTESIAN_POINT('',(-0.00527803182066649,0.0128596447595308,0.));
#7162=CARTESIAN_POINT('',(-0.00743703182066649,0.0176035761833191,0.));
#7163=CARTESIAN_POINT('',(-0.00527803182066649,0.0176035761833191,0.));
#7164=CARTESIAN_POINT('',(0.009906,-3.46944695195361E-18,0.));
#7165=CARTESIAN_POINT('',(0.009906,0.02032,0.));
#7166=CARTESIAN_POINT('',(-0.009906,0.,0.));
#7167=CARTESIAN_POINT('',(-0.009906,0.02032,0.));
#7168=CARTESIAN_POINT('',(0.,0.02032,0.));
#7169=CARTESIAN_POINT('',(0.00743703182066649,0.0176035761833191,0.));
#7170=CARTESIAN_POINT('',(0.00959603182066649,0.0176035761833191,0.));
#7171=CARTESIAN_POINT('',(0.009906,-3.46944695195361E-18,0.037338));
#7172=CARTESIAN_POINT('',(0.009906,-0.02032,0.037338));
#7173=CARTESIAN_POINT('',(0.009906,-0.02763,0.037338));
#7174=CARTESIAN_POINT('',(0.009906,0.02032,0.037338));
#7175=CARTESIAN_POINT('',(0.009906,0.02763,0.037338));
#7176=CARTESIAN_POINT('',(0.,0.02032,0.037338));
#7177=CARTESIAN_POINT('',(-0.009906,0.02032,0.037338));
#7178=CARTESIAN_POINT('',(-0.009906,0.,0.037338));
#7179=CARTESIAN_POINT('',(-0.009906,-0.02763,0.037338));
#7180=CARTESIAN_POINT('',(-0.009906,-0.02032,0.037338));
#7181=CARTESIAN_POINT('',(-0.009906,0.02763,0.037338));
#7182=CARTESIAN_POINT('',(0.,-0.02032,0.037338));
#7183=CARTESIAN_POINT('',(4.33680868994202E-19,0.010414,0.04318));
#7184=CARTESIAN_POINT('',(4.33680868994202E-19,0.010414,0.04318));
#7185=CARTESIAN_POINT('',(0.002921,0.010414,0.04318));
#7186=CARTESIAN_POINT('',(0.,0.,0.04318));
#7187=CARTESIAN_POINT('',(-0.00743703182066649,0.0176035761833191,-0.0251910958347927));
#7188=CARTESIAN_POINT('',(-0.00743703182066649,0.0128596447595308,-0.0251910958347927));
#7189=CARTESIAN_POINT('',(0.00743703182066649,0.0128596447595308,-0.0251910958347927));
#7190=CARTESIAN_POINT('',(0.00743703182066649,0.0176035761833191,-0.0251910958347927));
#7191=CARTESIAN_POINT('',(0.,0.02763,0.018669));
#7192=CARTESIAN_POINT('',(0.,-0.02763,0.018669));
#7193=CARTESIAN_POINT('',(-0.00658206874504686,-0.0240501444786787,0.0883));
#7194=CARTESIAN_POINT('',(0.00658206874504686,-0.0240501444786787,0.0883));
#7195=CARTESIAN_POINT('',(0.00658206874504686,0.0240501444786787,0.0883));
#7196=CARTESIAN_POINT('',(-0.00658206874504686,0.0240501444786787,0.0883));
#7197=CARTESIAN_POINT('',(0.0445941328091556,0.0724805432394462,0.0966377770860186));
#7198=CARTESIAN_POINT('',(-1.19438131526132E-17,-0.00381,0.04064));
#7199=CARTESIAN_POINT('',(-1.19438131526132E-17,0.,0.04064));
#7200=CARTESIAN_POINT('',(0.01016,0.,0.04064));
#7201=CARTESIAN_POINT('',(-0.01016,0.,0.04064));
#7202=CARTESIAN_POINT('',(-0.01016,-0.00381,0.04064));
#7203=CARTESIAN_POINT('',(-0.01016,-0.00381,0.04064));
#7204=CARTESIAN_POINT('',(-1.19438131526132E-17,-0.00381,0.04064));
#7205=CARTESIAN_POINT('',(0.01016,-0.00381,0.04064));
#7206=CARTESIAN_POINT('',(0.01016,-0.00381,0.04064));
#7207=CARTESIAN_POINT('',(-0.01016,-0.00381,0.));
#7208=CARTESIAN_POINT('',(-0.01016,0.,0.));
#7209=CARTESIAN_POINT('',(-0.01016,0.,-0.04064));
#7210=CARTESIAN_POINT('',(-0.01016,-0.00381,-0.04064));
#7211=CARTESIAN_POINT('',(-0.01016,-0.00381,-0.04064));
#7212=CARTESIAN_POINT('',(-0.01016,-0.00381,0.));
#7213=CARTESIAN_POINT('',(1.02090896766364E-17,-0.00381,-0.04064));
#7214=CARTESIAN_POINT('',(1.02090896766364E-17,0.,-0.04064));
#7215=CARTESIAN_POINT('',(0.01016,0.,-0.04064));
#7216=CARTESIAN_POINT('',(0.01016,-0.00381,-0.04064));
#7217=CARTESIAN_POINT('',(0.01016,-0.00381,-0.04064));
#7218=CARTESIAN_POINT('',(1.02090896766364E-17,-0.00381,-0.04064));
#7219=CARTESIAN_POINT('',(0.01016,-0.00381,0.));
#7220=CARTESIAN_POINT('',(0.01016,0.,0.));
#7221=CARTESIAN_POINT('',(0.01016,-0.00381,0.));
#7222=CARTESIAN_POINT('',(0.,-0.00381,0.));
#7223=CARTESIAN_POINT('',(0.,-0.00381,0.04064));
#7224=CARTESIAN_POINT('',(0.,-0.00381,0.030607));
#7225=CARTESIAN_POINT('',(0.,0.,0.));
#7226=CARTESIAN_POINT('',(0.,0.,0.04064));
#7227=CARTESIAN_POINT('',(0.,0.,0.038354));
#7228=CARTESIAN_POINT('',(0.,-0.00127,0.04064));
#7229=CARTESIAN_POINT('',(0.,-0.00127,0.04064));
#7230=CARTESIAN_POINT('',(0.,-0.00127,0.030607));
#7231=CARTESIAN_POINT('',(0.,-0.00127,0.));
#7232=CARTESIAN_POINT('',(0.,-0.00127,0.04064));
#7233=CARTESIAN_POINT('',(0.,-0.00127,0.038354));
#7234=CARTESIAN_POINT('',(0.,0.10242210308438,0.04064));
#7235=CARTESIAN_POINT('',(-0.0596336658152442,0.175304079209767,0.0456055518944825));
#7236=CARTESIAN_POINT('',(-0.00501692465490825,-0.0697711651706171,0.069596));
#7237=CARTESIAN_POINT('',(-0.00501692465490825,-0.0697711651706171,0.069596));
#7238=CARTESIAN_POINT('',(-0.00247692465490825,-0.0697711651706171,0.069596));
#7239=CARTESIAN_POINT('',(-0.00501692465490825,-0.0697711651706171,0.057912));
#7240=CARTESIAN_POINT('',(-0.00247692465490825,-0.0697711651706171,0.057912));
#7241=CARTESIAN_POINT('',(1.38777878078145E-17,0.,0.069596));
#7242=CARTESIAN_POINT('',(1.38777878078145E-17,0.,0.057912));
#7243=CARTESIAN_POINT('',(0.0188492032045794,0.0273987209202718,0.0753378321014404));
#7244=CARTESIAN_POINT('',(-0.0628413673369093,-0.140797515688003,0.0457065805143302));
#7245=CARTESIAN_POINT('',(-0.0266091291777391,0.072187725179317,0.0964055518944829));
#7246=CARTESIAN_POINT('',(0.0446648609829107,-0.0177634590819281,0.0966065321458807));
#7247=CARTESIAN_POINT('',(1.38777878078145E-17,0.,8.67361737988404E-19));
#7248=CARTESIAN_POINT('',(0.0423467122018337,-0.0213791225105524,0.));
#7249=CARTESIAN_POINT('',(0.0393467122018337,-0.0213791225105524,0.));
#7250=CARTESIAN_POINT('',(0.0290522314608097,-0.0213791225105524,0.));
#7251=CARTESIAN_POINT('',(0.0260522314608097,-0.0213791225105524,0.));
#7252=CARTESIAN_POINT('',(0.03556,-0.025085,0.));
#7253=CARTESIAN_POINT('',(0.0254,-0.025085,0.));
#7254=CARTESIAN_POINT('',(0.04572,-0.025085,0.));
#7255=CARTESIAN_POINT('',(0.0254,-0.045085,8.67361737988404E-19));
#7256=CARTESIAN_POINT('',(0.0254,-0.01778,8.67361737988404E-19));
#7257=CARTESIAN_POINT('',(0.03556,-0.01778,8.67361737988404E-19));
#7258=CARTESIAN_POINT('',(0.04572,-0.01778,8.67361737988404E-19));
#7259=CARTESIAN_POINT('',(0.04572,-0.045085,8.67361737988404E-19));
#7260=CARTESIAN_POINT('',(0.04572,-0.045085,8.67361737988404E-19));
#7261=CARTESIAN_POINT('',(0.04572,1.16186130484028E-17,0.0013));
#7262=CARTESIAN_POINT('',(0.04572,-0.065085,0.0013));
#7263=CARTESIAN_POINT('',(0.04572,-0.025085,0.0013));
#7264=CARTESIAN_POINT('',(0.04572,-0.025085,0.0013));
#7265=CARTESIAN_POINT('',(0.04572,-0.01778,8.67361737988404E-19));
#7266=CARTESIAN_POINT('',(0.04572,-0.01778,0.00508));
#7267=CARTESIAN_POINT('',(0.04572,-0.045085,0.00508));
#7268=CARTESIAN_POINT('',(0.04572,-0.07239,0.00508));
#7269=CARTESIAN_POINT('',(0.04572,-0.07239,8.67361737988404E-19));
#7270=CARTESIAN_POINT('',(0.04572,-0.07239,8.67361737988404E-19));
#7271=CARTESIAN_POINT('',(0.04572,-0.045085,8.67361737988404E-19));
#7272=CARTESIAN_POINT('',(0.04572,-0.065085,0.));
#7273=CARTESIAN_POINT('',(0.04572,-0.065085,0.0013));
#7274=CARTESIAN_POINT('',(0.03556,-0.07239,8.67361737988404E-19));
#7275=CARTESIAN_POINT('',(0.03556,-0.07239,0.00508));
#7276=CARTESIAN_POINT('',(0.0254,-0.07239,0.00508));
#7277=CARTESIAN_POINT('',(0.0254,-0.07239,8.67361737988404E-19));
#7278=CARTESIAN_POINT('',(0.0254,-0.07239,8.67361737988404E-19));
#7279=CARTESIAN_POINT('',(0.03556,-0.07239,8.67361737988404E-19));
#7280=CARTESIAN_POINT('',(0.03556,-0.01778,8.67361737988404E-19));
#7281=CARTESIAN_POINT('',(0.03556,-0.01778,0.00508));
#7282=CARTESIAN_POINT('',(0.0254,-0.01778,0.00508));
#7283=CARTESIAN_POINT('',(0.0254,-0.01778,8.67361737988404E-19));
#7284=CARTESIAN_POINT('',(0.0254,-0.045085,8.67361737988404E-19));
#7285=CARTESIAN_POINT('',(0.0254,6.45478502689045E-18,0.0013));
#7286=CARTESIAN_POINT('',(0.0254,-0.065085,0.0013));
#7287=CARTESIAN_POINT('',(0.0254,-0.025085,0.0013));
#7288=CARTESIAN_POINT('',(0.0254,-0.065085,0.0013));
#7289=CARTESIAN_POINT('',(0.0254,-0.065085,0.));
#7290=CARTESIAN_POINT('',(0.0254,-0.045085,8.67361737988404E-19));
#7291=CARTESIAN_POINT('',(0.0254,-0.045085,0.00508));
#7292=CARTESIAN_POINT('',(0.0254,-0.025085,0.0013));
#7293=CARTESIAN_POINT('',(1.38777878078145E-17,0.,8.67361737988404E-19));
#7294=CARTESIAN_POINT('',(0.0291128605604172,-0.068574495613575,0.));
#7295=CARTESIAN_POINT('',(0.0261128605604172,-0.068574495613575,0.));
#7296=CARTESIAN_POINT('',(0.0421274825930596,-0.0687375,0.));
#7297=CARTESIAN_POINT('',(0.0391274825930596,-0.0687375,0.));
#7298=CARTESIAN_POINT('',(0.03556,-0.065085,0.));
#7299=CARTESIAN_POINT('',(1.38777878078145E-17,0.,0.00508));
#7300=CARTESIAN_POINT('',(0.0291128605604172,-0.068574495613575,0.00508));
#7301=CARTESIAN_POINT('',(0.0321128605604172,-0.068574495613575,0.00508));
#7302=CARTESIAN_POINT('',(0.0421274825930596,-0.0687375,0.00508));
#7303=CARTESIAN_POINT('',(0.0451274825930596,-0.0687375,0.00508));
#7304=CARTESIAN_POINT('',(0.0423467122018337,-0.0213791225105524,0.00508));
#7305=CARTESIAN_POINT('',(0.0453467122018337,-0.0213791225105524,0.00508));
#7306=CARTESIAN_POINT('',(0.0290522314608097,-0.0213791225105524,0.00508));
#7307=CARTESIAN_POINT('',(0.0320522314608097,-0.0213791225105524,0.00508));
#7308=CARTESIAN_POINT('',(0.03556,-0.065085,0.0013));
#7309=CARTESIAN_POINT('',(0.03556,-0.065085,0.0013));
#7310=CARTESIAN_POINT('',(0.03556,-0.025085,0.0013));
#7311=CARTESIAN_POINT('',(0.03556,-0.025085,0.0013));
#7312=CARTESIAN_POINT('',(1.38777878078145E-17,0.,0.0013));
#7313=CARTESIAN_POINT('',(0.0290522314608097,-0.0213791225105524,0.0551));
#7314=CARTESIAN_POINT('',(0.0423467122018337,-0.0213791225105524,0.0551));
#7315=CARTESIAN_POINT('',(0.0421274825930596,-0.0687375,0.0551));
#7316=CARTESIAN_POINT('',(0.0291128605604172,-0.068574495613575,0.0551));
#7317=CARTESIAN_POINT('',(0.00901676273345947,0.0277443764209747,0.0977390176399052));
#7318=CARTESIAN_POINT('',(0.00501692465490825,-0.0774060821352483,0.069596));
#7319=CARTESIAN_POINT('',(0.00501692465490825,-0.0774060821352483,0.069596));
#7320=CARTESIAN_POINT('',(0.00755692465490825,-0.0774060821352483,0.069596));
#7321=CARTESIAN_POINT('',(0.00501692465490825,-0.0774060821352483,0.057912));
#7322=CARTESIAN_POINT('',(0.00755692465490825,-0.0774060821352483,0.057912));
#7323=CARTESIAN_POINT('',(1.38777878078145E-17,0.,0.069596));
#7324=CARTESIAN_POINT('',(1.38777878078145E-17,0.,0.057912));
#7325=CARTESIAN_POINT('',(-0.0010699297579301,0.0274988023972989,0.0754581483434677));
#7326=CARTESIAN_POINT('',(1.38777878078145E-17,0.,8.67361737988404E-19));
#7327=CARTESIAN_POINT('',(-0.0423467122018337,0.0213791225105524,0.));
#7328=CARTESIAN_POINT('',(-0.0453467122018337,0.0213791225105524,0.));
#7329=CARTESIAN_POINT('',(-0.0290522314608097,0.0213791225105524,0.));
#7330=CARTESIAN_POINT('',(-0.0320522314608097,0.0213791225105524,0.));
#7331=CARTESIAN_POINT('',(-0.03556,0.025085,0.));
#7332=CARTESIAN_POINT('',(-0.0254,0.025085,0.));
#7333=CARTESIAN_POINT('',(-0.04572,0.025085,0.));
#7334=CARTESIAN_POINT('',(-0.0254,0.045085,8.67361737988404E-19));
#7335=CARTESIAN_POINT('',(-0.0254,0.01778,8.67361737988404E-19));
#7336=CARTESIAN_POINT('',(-0.03556,0.01778,8.67361737988404E-19));
#7337=CARTESIAN_POINT('',(-0.04572,0.01778,8.67361737988404E-19));
#7338=CARTESIAN_POINT('',(-0.04572,0.045085,8.67361737988404E-19));
#7339=CARTESIAN_POINT('',(-0.04572,0.045085,8.67361737988404E-19));
#7340=CARTESIAN_POINT('',(-0.04572,-1.16186130484028E-17,0.0013));
#7341=CARTESIAN_POINT('',(-0.04572,0.065085,0.0013));
#7342=CARTESIAN_POINT('',(-0.04572,0.025085,0.0013));
#7343=CARTESIAN_POINT('',(-0.04572,0.025085,0.0013));
#7344=CARTESIAN_POINT('',(-0.04572,0.01778,8.67361737988404E-19));
#7345=CARTESIAN_POINT('',(-0.04572,0.01778,0.00508));
#7346=CARTESIAN_POINT('',(-0.04572,0.045085,0.00508));
#7347=CARTESIAN_POINT('',(-0.04572,0.07239,0.00508));
#7348=CARTESIAN_POINT('',(-0.04572,0.07239,8.67361737988404E-19));
#7349=CARTESIAN_POINT('',(-0.04572,0.07239,8.67361737988404E-19));
#7350=CARTESIAN_POINT('',(-0.04572,0.045085,8.67361737988404E-19));
#7351=CARTESIAN_POINT('',(-0.04572,0.065085,0.));
#7352=CARTESIAN_POINT('',(-0.04572,0.065085,0.0013));
#7353=CARTESIAN_POINT('',(-0.03556,0.07239,8.67361737988404E-19));
#7354=CARTESIAN_POINT('',(-0.03556,0.07239,0.00508));
#7355=CARTESIAN_POINT('',(-0.0254,0.07239,0.00508));
#7356=CARTESIAN_POINT('',(-0.0254,0.07239,8.67361737988404E-19));
#7357=CARTESIAN_POINT('',(-0.0254,0.07239,8.67361737988404E-19));
#7358=CARTESIAN_POINT('',(-0.03556,0.07239,8.67361737988404E-19));
#7359=CARTESIAN_POINT('',(-0.03556,0.01778,8.67361737988404E-19));
#7360=CARTESIAN_POINT('',(-0.03556,0.01778,0.00508));
#7361=CARTESIAN_POINT('',(-0.0254,0.01778,0.00508));
#7362=CARTESIAN_POINT('',(-0.0254,0.01778,8.67361737988404E-19));
#7363=CARTESIAN_POINT('',(-0.0254,0.045085,8.67361737988404E-19));
#7364=CARTESIAN_POINT('',(-0.0254,-6.45478502689045E-18,0.0013));
#7365=CARTESIAN_POINT('',(-0.0254,0.065085,0.0013));
#7366=CARTESIAN_POINT('',(-0.0254,0.025085,0.0013));
#7367=CARTESIAN_POINT('',(-0.0254,0.065085,0.0013));
#7368=CARTESIAN_POINT('',(-0.0254,0.065085,0.));
#7369=CARTESIAN_POINT('',(-0.0254,0.045085,8.67361737988404E-19));
#7370=CARTESIAN_POINT('',(-0.0254,0.045085,0.00508));
#7371=CARTESIAN_POINT('',(-0.0254,0.025085,0.0013));
#7372=CARTESIAN_POINT('',(1.38777878078145E-17,0.,8.67361737988404E-19));
#7373=CARTESIAN_POINT('',(-0.0291128605604172,0.068574495613575,0.));
#7374=CARTESIAN_POINT('',(-0.0321128605604172,0.068574495613575,0.));
#7375=CARTESIAN_POINT('',(-0.0421274825930596,0.0687375,0.));
#7376=CARTESIAN_POINT('',(-0.0451274825930596,0.0687375,0.));
#7377=CARTESIAN_POINT('',(-0.03556,0.065085,0.));
#7378=CARTESIAN_POINT('',(1.38777878078145E-17,0.,0.00508));
#7379=CARTESIAN_POINT('',(-0.0291128605604172,0.068574495613575,0.00508));
#7380=CARTESIAN_POINT('',(-0.0261128605604172,0.068574495613575,0.00508));
#7381=CARTESIAN_POINT('',(-0.0421274825930596,0.0687375,0.00508));
#7382=CARTESIAN_POINT('',(-0.0391274825930596,0.0687375,0.00508));
#7383=CARTESIAN_POINT('',(-0.0423467122018337,0.0213791225105524,0.00508));
#7384=CARTESIAN_POINT('',(-0.0393467122018337,0.0213791225105524,0.00508));
#7385=CARTESIAN_POINT('',(-0.0290522314608097,0.0213791225105524,0.00508));
#7386=CARTESIAN_POINT('',(-0.0260522314608097,0.0213791225105524,0.00508));
#7387=CARTESIAN_POINT('',(-0.03556,0.025085,0.0013));
#7388=CARTESIAN_POINT('',(-0.03556,0.025085,0.0013));
#7389=CARTESIAN_POINT('',(-0.03556,0.065085,0.0013));
#7390=CARTESIAN_POINT('',(-0.03556,0.065085,0.0013));
#7391=CARTESIAN_POINT('',(1.38777878078145E-17,0.,0.0013));
#7392=CARTESIAN_POINT('',(-0.0290522314608097,0.0213791225105524,0.0551));
#7393=CARTESIAN_POINT('',(-0.0423467122018337,0.0213791225105524,0.0551));
#7394=CARTESIAN_POINT('',(-0.0421274825930596,0.0687375,0.0551));
#7395=CARTESIAN_POINT('',(-0.0291128605604172,0.068574495613575,0.0551));
#7396=CARTESIAN_POINT('',(0.00901676273345947,0.0277443764209747,0.0977390176399052));
#7397=CARTESIAN_POINT('',(0.0732613577721949,-0.0916263958269326,0.003896532145881));
#7398=CARTESIAN_POINT('',(2.2352154008474E-17,-0.00635,0.04064));
#7399=CARTESIAN_POINT('',(2.2352154008474E-17,0.,0.04064));
#7400=CARTESIAN_POINT('',(-0.01016,0.,0.04064));
#7401=CARTESIAN_POINT('',(0.01016,0.,0.04064));
#7402=CARTESIAN_POINT('',(0.01016,-0.00635,0.04064));
#7403=CARTESIAN_POINT('',(0.01016,-0.00635,0.04064));
#7404=CARTESIAN_POINT('',(2.2352154008474E-17,-0.00635,0.04064));
#7405=CARTESIAN_POINT('',(-0.01016,-0.00635,0.04064));
#7406=CARTESIAN_POINT('',(-0.01016,-0.00635,0.04064));
#7407=CARTESIAN_POINT('',(0.01016,-0.00635,0.08128));
#7408=CARTESIAN_POINT('',(0.01016,0.,0.08128));
#7409=CARTESIAN_POINT('',(0.01016,0.,0.12192));
#7410=CARTESIAN_POINT('',(0.01016,-0.00635,0.12192));
#7411=CARTESIAN_POINT('',(0.01016,-0.00635,0.12192));
#7412=CARTESIAN_POINT('',(0.01016,-0.00635,0.08128));
#7413=CARTESIAN_POINT('',(-1.1489401480222E-17,-0.00635,0.12192));
#7414=CARTESIAN_POINT('',(-1.1489401480222E-17,0.,0.12192));
#7415=CARTESIAN_POINT('',(-0.01016,0.,0.12192));
#7416=CARTESIAN_POINT('',(-0.01016,-0.00635,0.12192));
#7417=CARTESIAN_POINT('',(-0.01016,-0.00635,0.12192));
#7418=CARTESIAN_POINT('',(-1.1489401480222E-17,-0.00635,0.12192));
#7419=CARTESIAN_POINT('',(-0.01016,-0.00635,0.08128));
#7420=CARTESIAN_POINT('',(-0.01016,0.,0.08128));
#7421=CARTESIAN_POINT('',(-0.01016,-0.00635,0.08128));
#7422=CARTESIAN_POINT('',(5.431376264126E-18,-0.00635,0.08128));
#7423=CARTESIAN_POINT('',(-1.29723387192973E-17,-0.00635,0.118237));
#7424=CARTESIAN_POINT('',(-1.42010268528819E-17,-0.00635,0.12827));
#7425=CARTESIAN_POINT('',(-1.7347234759768E-18,-0.00635,0.04064));
#7426=CARTESIAN_POINT('',(-2.2790789781978E-18,-0.00635,0.045085));
#7427=CARTESIAN_POINT('',(5.431376264126E-18,0.,0.08128));
#7428=CARTESIAN_POINT('',(-1.29723387192973E-17,0.,0.118237));
#7429=CARTESIAN_POINT('',(-1.32522929775824E-17,0.,0.120523));
#7430=CARTESIAN_POINT('',(-1.7347234759768E-18,0.,0.04064));
#7431=CARTESIAN_POINT('',(-2.2790789781978E-18,0.,0.045085));
#7432=CARTESIAN_POINT('',(-1.7347234759768E-18,0.0974664781215508,0.04064));
#7433=CARTESIAN_POINT('',(-1.29723387192973E-17,-0.004318,0.118237));
#7434=CARTESIAN_POINT('',(-1.29723387192973E-17,-0.004318,0.118237));
#7435=CARTESIAN_POINT('',(-1.42010268528819E-17,-0.004318,0.12827));
#7436=CARTESIAN_POINT('',(5.431376264126E-18,-0.004318,0.08128));
#7437=CARTESIAN_POINT('',(-1.29723387192973E-17,-0.004318,0.118237));
#7438=CARTESIAN_POINT('',(-1.32522929775824E-17,-0.004318,0.120523));
#7439=CARTESIAN_POINT('',(-1.29723387192973E-17,0.0994984781215508,0.118237));
#7440=CARTESIAN_POINT('',(-0.0151442471771949,0.022784417918047,0.0468755518944829));
#7441=CARTESIAN_POINT('',(1.38777878078145E-17,0.,0.03556));
#7442=CARTESIAN_POINT('',(0.00501692465490825,-0.0774060821352483,0.03556));
#7443=CARTESIAN_POINT('',(0.00755692465490825,-0.0774060821352483,0.03556));
#7444=CARTESIAN_POINT('',(-0.0464187067334197,-0.078571543560919,0.03556));
#7445=CARTESIAN_POINT('',(-0.0448947067334197,-0.078571543560919,0.03556));
#7446=CARTESIAN_POINT('',(0.,0.0127,0.03556));
#7447=CARTESIAN_POINT('',(0.03556,0.0127,0.03556));
#7448=CARTESIAN_POINT('',(-0.03556,0.0127,0.03556));
#7449=CARTESIAN_POINT('',(0.03556,2.60208521396521E-18,0.03556));
#7450=CARTESIAN_POINT('',(0.03556,-0.0127,0.03556));
#7451=CARTESIAN_POINT('',(0.,-0.0127,0.03556));
#7452=CARTESIAN_POINT('',(-0.03556,-0.0127,0.03556));
#7453=CARTESIAN_POINT('',(-0.03556,8.67361737988404E-19,0.03556));
#7454=CARTESIAN_POINT('',(0.0464187067334197,-0.078571543560919,0.03556));
#7455=CARTESIAN_POINT('',(0.0479427067334197,-0.078571543560919,0.03556));
#7456=CARTESIAN_POINT('',(-0.00501692465490825,-0.0697711651706171,0.03556));
#7457=CARTESIAN_POINT('',(-0.00247692465490825,-0.0697711651706171,0.03556));
#7458=CARTESIAN_POINT('',(0.00501692465490825,-0.0697711651706171,0.03556));
#7459=CARTESIAN_POINT('',(0.00755692465490825,-0.0697711651706171,0.03556));
#7460=CARTESIAN_POINT('',(-0.00501692465490825,-0.0774060821352483,0.03556));
#7461=CARTESIAN_POINT('',(-0.00247692465490825,-0.0774060821352483,0.03556));
#7462=CARTESIAN_POINT('',(3.12250225675825E-17,0.08255,0.03556));
#7463=CARTESIAN_POINT('',(0.0422150565722013,0.08255,0.03556));
#7464=CARTESIAN_POINT('',(-0.0422150565722013,0.08255,0.03556));
#7465=CARTESIAN_POINT('',(-0.0422150565722013,0.08255,0.03556));
#7466=CARTESIAN_POINT('',(-0.0422150565722013,0.0739650565722013,0.03556));
#7467=CARTESIAN_POINT('',(-0.0508,0.0739650565722013,0.03556));
#7468=CARTESIAN_POINT('',(-0.0508,0.0739650565722013,0.03556));
#7469=CARTESIAN_POINT('',(-0.0508,0.,0.03556));
#7470=CARTESIAN_POINT('',(-0.0508,-0.0739650565722013,0.03556));
#7471=CARTESIAN_POINT('',(-0.0422150565722013,-0.0739650565722013,0.03556));
#7472=CARTESIAN_POINT('',(-0.0422150565722013,-0.08255,0.03556));
#7473=CARTESIAN_POINT('',(-1.38777878078145E-17,-0.08255,0.03556));
#7474=CARTESIAN_POINT('',(0.0422150565722013,-0.08255,0.03556));
#7475=CARTESIAN_POINT('',(0.0422150565722013,-0.0739650565722013,0.03556));
#7476=CARTESIAN_POINT('',(0.0508,-0.0739650565722013,0.03556));
#7477=CARTESIAN_POINT('',(0.0508,0.,0.03556));
#7478=CARTESIAN_POINT('',(0.0508,0.0739650565722013,0.03556));
#7479=CARTESIAN_POINT('',(0.0422150565722013,0.08255,0.03556));
#7480=CARTESIAN_POINT('',(0.0422150565722013,0.0739650565722013,0.03556));
#7481=CARTESIAN_POINT('',(0.0508,0.0739650565722013,0.03556));
#7482=CARTESIAN_POINT('',(0.00904339924454689,-0.057321235537529,0.03556));
#7483=CARTESIAN_POINT('',(0.00904339924454689,-0.0613104324632936,0.03556));
#7484=CARTESIAN_POINT('',(0.00904339924454689,-0.0533320386117644,0.03556));
#7485=CARTESIAN_POINT('',(0.,-0.0613104324632936,0.03556));
#7486=CARTESIAN_POINT('',(-0.00904339924454689,-0.0613104324632936,0.03556));
#7487=CARTESIAN_POINT('',(-0.00904339924454689,-0.057321235537529,0.03556));
#7488=CARTESIAN_POINT('',(-0.00904339924454689,-0.0533320386117644,0.03556));
#7489=CARTESIAN_POINT('',(1.7347234759768E-18,-0.0533320386117644,0.03556));
#7490=CARTESIAN_POINT('',(1.38777878078145E-17,0.,0.03048));
#7491=CARTESIAN_POINT('',(0.00501692465490825,-0.0774060821352483,0.03048));
#7492=CARTESIAN_POINT('',(0.00755692465490825,-0.0774060821352483,0.03048));
#7493=CARTESIAN_POINT('',(0.00501692465490825,-0.0697711651706171,0.03048));
#7494=CARTESIAN_POINT('',(0.00755692465490825,-0.0697711651706171,0.03048));
#7495=CARTESIAN_POINT('',(-0.0464187067334197,-0.078571543560919,0.03048));
#7496=CARTESIAN_POINT('',(-0.0448947067334197,-0.078571543560919,0.03048));
#7497=CARTESIAN_POINT('',(0.0464187067334197,-0.078571543560919,0.03048));
#7498=CARTESIAN_POINT('',(0.0479427067334197,-0.078571543560919,0.03048));
#7499=CARTESIAN_POINT('',(0.03556,0.,0.03048));
#7500=CARTESIAN_POINT('',(0.03556,0.0127,0.03048));
#7501=CARTESIAN_POINT('',(0.03556,-0.0127,0.03048));
#7502=CARTESIAN_POINT('',(1.38777878078145E-17,0.0127,0.03048));
#7503=CARTESIAN_POINT('',(-0.03556,0.0127,0.03048));
#7504=CARTESIAN_POINT('',(-0.03556,0.,0.03048));
#7505=CARTESIAN_POINT('',(-0.03556,-0.0127,0.03048));
#7506=CARTESIAN_POINT('',(1.38777878078145E-17,-0.0127,0.03048));
#7507=CARTESIAN_POINT('',(0.0508,0.,0.03048));
#7508=CARTESIAN_POINT('',(0.0508,0.0739650565722013,0.03048));
#7509=CARTESIAN_POINT('',(0.0508,-0.0739650565722013,0.03048));
#7510=CARTESIAN_POINT('',(0.0422150565722013,-0.0739650565722013,0.03048));
#7511=CARTESIAN_POINT('',(0.0422150565722013,-0.08255,0.03048));
#7512=CARTESIAN_POINT('',(-1.38777878078145E-17,-0.08255,0.03048));
#7513=CARTESIAN_POINT('',(-0.0422150565722013,-0.08255,0.03048));
#7514=CARTESIAN_POINT('',(-0.0422150565722013,-0.0739650565722013,0.03048));
#7515=CARTESIAN_POINT('',(-0.0508,-0.0739650565722013,0.03048));
#7516=CARTESIAN_POINT('',(-0.0508,0.,0.03048));
#7517=CARTESIAN_POINT('',(-0.0508,0.0739650565722013,0.03048));
#7518=CARTESIAN_POINT('',(-0.0422150565722013,0.0739650565722013,0.03048));
#7519=CARTESIAN_POINT('',(-0.0422150565722013,0.08255,0.03048));
#7520=CARTESIAN_POINT('',(3.12250225675825E-17,0.08255,0.03048));
#7521=CARTESIAN_POINT('',(0.0422150565722013,0.08255,0.03048));
#7522=CARTESIAN_POINT('',(0.0422150565722013,0.0739650565722013,0.03048));
#7523=CARTESIAN_POINT('',(-0.0464187067334197,0.078571543560919,0.03048));
#7524=CARTESIAN_POINT('',(-0.0448947067334197,0.078571543560919,0.03048));
#7525=CARTESIAN_POINT('',(0.0464187067334197,0.078571543560919,0.03048));
#7526=CARTESIAN_POINT('',(0.0479427067334197,0.078571543560919,0.03048));
#7527=CARTESIAN_POINT('',(-0.00501692465490825,-0.0697711651706171,0.03048));
#7528=CARTESIAN_POINT('',(-0.00247692465490825,-0.0697711651706171,0.03048));
#7529=CARTESIAN_POINT('',(-0.00501692465490825,-0.0774060821352483,0.03048));
#7530=CARTESIAN_POINT('',(-0.00247692465490825,-0.0774060821352483,0.03048));
#7531=CARTESIAN_POINT('',(1.38777878078145E-17,-0.0613104324632936,0.03048));
#7532=CARTESIAN_POINT('',(0.00904339924454689,-0.0613104324632936,0.03048));
#7533=CARTESIAN_POINT('',(-0.00904339924454689,-0.0613104324632936,0.03048));
#7534=CARTESIAN_POINT('',(0.00904339924454689,0.,0.03048));
#7535=CARTESIAN_POINT('',(0.00904339924454689,-0.0533320386117644,0.03048));
#7536=CARTESIAN_POINT('',(1.38777878078145E-17,-0.0533320386117644,0.03048));
#7537=CARTESIAN_POINT('',(-0.00904339924454689,-0.0533320386117644,0.03048));
#7538=CARTESIAN_POINT('',(-0.00904339924454689,0.,0.03048));
#7539=CARTESIAN_POINT('',(0.0508,0.,0.03556));
#7540=CARTESIAN_POINT('',(0.0508,0.0739650565722013,0.03556));
#7541=CARTESIAN_POINT('',(0.0508,-0.0739650565722013,0.03556));
#7542=CARTESIAN_POINT('',(0.0422150565722013,0.0739650565722013,0.03556));
#7543=CARTESIAN_POINT('',(0.0422150565722013,0.08255,0.03556));
#7544=CARTESIAN_POINT('',(0.0422150565722013,0.08255,0.045212));
#7545=CARTESIAN_POINT('',(0.0422150565722013,0.08255,0.045212));
#7546=CARTESIAN_POINT('',(0.0422150565722013,0.0739650565722013,0.045212));
#7547=CARTESIAN_POINT('',(0.0508,0.0739650565722013,0.045212));
#7548=CARTESIAN_POINT('',(0.0508,0.0739650565722013,0.045212));
#7549=CARTESIAN_POINT('',(3.12250225675825E-17,0.08255,0.03556));
#7550=CARTESIAN_POINT('',(-0.0422150565722013,0.08255,0.03556));
#7551=CARTESIAN_POINT('',(-0.0422150565722013,0.0739650565722013,0.03556));
#7552=CARTESIAN_POINT('',(-0.0508,0.0739650565722013,0.03556));
#7553=CARTESIAN_POINT('',(-0.0508,0.0739650565722013,0.045212));
#7554=CARTESIAN_POINT('',(-0.0508,0.0739650565722013,0.045212));
#7555=CARTESIAN_POINT('',(-0.0422150565722013,0.0739650565722013,0.045212));
#7556=CARTESIAN_POINT('',(-0.0422150565722013,0.08255,0.045212));
#7557=CARTESIAN_POINT('',(-0.0422150565722013,0.08255,0.045212));
#7558=CARTESIAN_POINT('',(-0.0508,0.,0.03556));
#7559=CARTESIAN_POINT('',(-0.0508,-0.0739650565722013,0.03556));
#7560=CARTESIAN_POINT('',(-0.0422150565722013,-0.0739650565722013,0.03556));
#7561=CARTESIAN_POINT('',(-0.0422150565722013,-0.08255,0.03556));
#7562=CARTESIAN_POINT('',(-1.38777878078145E-17,-0.08255,0.03556));
#7563=CARTESIAN_POINT('',(0.0422150565722013,-0.08255,0.03556));
#7564=CARTESIAN_POINT('',(0.0422150565722013,-0.0739650565722013,0.03556));
#7565=CARTESIAN_POINT('',(0.03556,2.60208521396521E-18,-0.180588594681261));
#7566=CARTESIAN_POINT('',(0.03556,-0.0127,-0.180588594681261));
#7567=CARTESIAN_POINT('',(0.03556,0.0127,-0.180588594681261));
#7568=CARTESIAN_POINT('',(0.,0.0127,-0.180588594681261));
#7569=CARTESIAN_POINT('',(-0.03556,0.0127,-0.180588594681261));
#7570=CARTESIAN_POINT('',(-0.03556,8.67361737988404E-19,-0.180588594681261));
#7571=CARTESIAN_POINT('',(-0.03556,-0.0127,-0.180588594681261));
#7572=CARTESIAN_POINT('',(0.,-0.0127,-0.180588594681261));
#7573=CARTESIAN_POINT('',(-0.0464187067334197,0.078571543560919,-0.180588594681261));
#7574=CARTESIAN_POINT('',(-0.0464187067334197,0.078571543560919,0.045212));
#7575=CARTESIAN_POINT('',(-0.0448947067334197,0.078571543560919,0.045212));
#7576=CARTESIAN_POINT('',(0.0464187067334197,0.078571543560919,-0.180588594681261));
#7577=CARTESIAN_POINT('',(0.0464187067334197,0.078571543560919,0.045212));
#7578=CARTESIAN_POINT('',(0.0479427067334197,0.078571543560919,0.045212));
#7579=CARTESIAN_POINT('',(0.0464187067334197,-0.078571543560919,-0.180588594681261));
#7580=CARTESIAN_POINT('',(-0.0464187067334197,-0.078571543560919,-0.180588594681261));
#7581=CARTESIAN_POINT('',(-0.00501692465490825,-0.0697711651706171,0.01016));
#7582=CARTESIAN_POINT('',(0.00501692465490825,-0.0697711651706171,0.01016));
#7583=CARTESIAN_POINT('',(0.00501692465490825,-0.0774060821352483,0.01016));
#7584=CARTESIAN_POINT('',(-0.00501692465490825,-0.0774060821352483,0.01016));
#7585=CARTESIAN_POINT('',(0.0422150565722013,0.08255,0.045212));
#7586=CARTESIAN_POINT('',(0.0422150565722013,0.08255,0.03556));
#7587=CARTESIAN_POINT('',(0.0422150565722013,0.0768267043814675,0.045212));
#7588=CARTESIAN_POINT('',(0.0422150565722013,0.0768267043814675,0.03556));
#7589=CARTESIAN_POINT('',(0.0450767043814675,0.0739650565722013,0.045212));
#7590=CARTESIAN_POINT('',(0.0450767043814675,0.0739650565722013,0.03556));
#7591=CARTESIAN_POINT('',(0.0508,0.0739650565722013,0.045212));
#7592=CARTESIAN_POINT('',(0.0508,0.0739650565722013,0.03556));
#7593=CARTESIAN_POINT('',(0.0422150565722013,0.08255,0.045212));
#7594=CARTESIAN_POINT('',(0.0422150565722013,0.0739650565722013,0.045212));
#7595=CARTESIAN_POINT('',(0.0508,0.0739650565722013,0.045212));
#7596=CARTESIAN_POINT('',(1.38777878078145E-17,0.,0.045212));
#7597=CARTESIAN_POINT('',(-0.0422150565722013,0.08255,0.045212));
#7598=CARTESIAN_POINT('',(-0.0422150565722013,0.08255,0.03556));
#7599=CARTESIAN_POINT('',(-0.0422150565722013,0.0768267043814675,0.045212));
#7600=CARTESIAN_POINT('',(-0.0422150565722013,0.0768267043814675,0.03556));
#7601=CARTESIAN_POINT('',(-0.0450767043814675,0.0739650565722013,0.045212));
#7602=CARTESIAN_POINT('',(-0.0450767043814675,0.0739650565722013,0.03556));
#7603=CARTESIAN_POINT('',(-0.0508,0.0739650565722013,0.045212));
#7604=CARTESIAN_POINT('',(-0.0508,0.0739650565722013,0.03556));
#7605=CARTESIAN_POINT('',(-0.0422150565722013,0.08255,0.045212));
#7606=CARTESIAN_POINT('',(-0.0422150565722013,0.0739650565722013,0.045212));
#7607=CARTESIAN_POINT('',(-0.0508,0.0739650565722013,0.045212));
#7608=CARTESIAN_POINT('',(1.38777878078145E-17,0.,0.045212));
#7609=CARTESIAN_POINT('',(0.,-0.0613104324632936,0.01056));
#7610=CARTESIAN_POINT('',(-0.00904339924454689,-0.0613104324632936,0.01056));
#7611=CARTESIAN_POINT('',(0.00904339924454689,-0.0613104324632936,0.01056));
#7612=CARTESIAN_POINT('',(0.00904339924454689,-0.057321235537529,0.01056));
#7613=CARTESIAN_POINT('',(0.00904339924454689,-0.0533320386117644,0.01056));
#7614=CARTESIAN_POINT('',(1.7347234759768E-18,-0.0533320386117644,0.01056));
#7615=CARTESIAN_POINT('',(-0.00904339924454689,-0.0533320386117644,0.01056));
#7616=CARTESIAN_POINT('',(-0.00904339924454689,-0.057321235537529,0.01056));
#7617=CARTESIAN_POINT('',(0.00887706481266021,0.0276447790279389,0.0976861237273216));
#7618=CARTESIAN_POINT('',(-0.0131211246237039,0.0099811213538636,0.0469765805143298));
#7619=CARTESIAN_POINT('',(-0.0266948263001085,-0.0179110690440353,0.0965065805143301));
#7620=CARTESIAN_POINT('',(0.0841914072841541,-0.139603912983761,0.0458065321458808));
#7621=CARTESIAN_POINT('',(0.0313917919899184,0.0102339355752224,0.0470765321458806));
#7622=CARTESIAN_POINT('',(1.38777878078145E-17,0.,8.67361737988404E-19));
#7623=CARTESIAN_POINT('',(0.0421274825930596,0.0687375,0.));
#7624=CARTESIAN_POINT('',(0.0391274825930596,0.0687375,0.));
#7625=CARTESIAN_POINT('',(0.0291128605604172,0.068574495613575,0.));
#7626=CARTESIAN_POINT('',(0.0261128605604172,0.068574495613575,0.));
#7627=CARTESIAN_POINT('',(0.03556,0.065085,0.));
#7628=CARTESIAN_POINT('',(0.0254,0.065085,0.));
#7629=CARTESIAN_POINT('',(0.04572,0.065085,0.));
#7630=CARTESIAN_POINT('',(0.0254,0.045085,8.67361737988404E-19));
#7631=CARTESIAN_POINT('',(0.0254,0.07239,8.67361737988404E-19));
#7632=CARTESIAN_POINT('',(0.03556,0.07239,8.67361737988404E-19));
#7633=CARTESIAN_POINT('',(0.04572,0.07239,8.67361737988404E-19));
#7634=CARTESIAN_POINT('',(0.04572,0.045085,8.67361737988404E-19));
#7635=CARTESIAN_POINT('',(0.0254,0.045085,8.67361737988404E-19));
#7636=CARTESIAN_POINT('',(0.0254,-6.45478502689045E-18,0.0013));
#7637=CARTESIAN_POINT('',(0.0254,0.065085,0.0013));
#7638=CARTESIAN_POINT('',(0.0254,0.025085,0.0013));
#7639=CARTESIAN_POINT('',(0.0254,0.025085,0.0013));
#7640=CARTESIAN_POINT('',(0.0254,0.025085,0.));
#7641=CARTESIAN_POINT('',(0.0254,0.045085,8.67361737988404E-19));
#7642=CARTESIAN_POINT('',(0.0254,0.01778,8.67361737988404E-19));
#7643=CARTESIAN_POINT('',(0.0254,0.01778,8.67361737988404E-19));
#7644=CARTESIAN_POINT('',(0.0254,0.01778,0.00508));
#7645=CARTESIAN_POINT('',(0.0254,0.045085,0.00508));
#7646=CARTESIAN_POINT('',(0.0254,0.07239,0.00508));
#7647=CARTESIAN_POINT('',(0.0254,0.07239,8.67361737988404E-19));
#7648=CARTESIAN_POINT('',(0.0254,0.065085,0.0013));
#7649=CARTESIAN_POINT('',(0.04572,0.045085,8.67361737988404E-19));
#7650=CARTESIAN_POINT('',(0.04572,-1.16186130484028E-17,0.0013));
#7651=CARTESIAN_POINT('',(0.04572,0.065085,0.0013));
#7652=CARTESIAN_POINT('',(0.04572,0.025085,0.0013));
#7653=CARTESIAN_POINT('',(0.04572,0.065085,0.0013));
#7654=CARTESIAN_POINT('',(0.04572,0.07239,8.67361737988404E-19));
#7655=CARTESIAN_POINT('',(0.04572,0.07239,0.00508));
#7656=CARTESIAN_POINT('',(0.04572,0.045085,0.00508));
#7657=CARTESIAN_POINT('',(0.04572,0.01778,0.00508));
#7658=CARTESIAN_POINT('',(0.04572,0.01778,8.67361737988404E-19));
#7659=CARTESIAN_POINT('',(0.04572,0.01778,8.67361737988404E-19));
#7660=CARTESIAN_POINT('',(0.04572,0.045085,8.67361737988404E-19));
#7661=CARTESIAN_POINT('',(0.04572,0.025085,0.));
#7662=CARTESIAN_POINT('',(0.04572,0.025085,0.0013));
#7663=CARTESIAN_POINT('',(0.03556,0.07239,8.67361737988404E-19));
#7664=CARTESIAN_POINT('',(0.03556,0.07239,0.00508));
#7665=CARTESIAN_POINT('',(0.03556,0.01778,8.67361737988404E-19));
#7666=CARTESIAN_POINT('',(0.03556,0.01778,0.00508));
#7667=CARTESIAN_POINT('',(0.03556,0.01778,8.67361737988404E-19));
#7668=CARTESIAN_POINT('',(1.38777878078145E-17,0.,8.67361737988404E-19));
#7669=CARTESIAN_POINT('',(0.0290522314608097,0.0213791225105524,0.));
#7670=CARTESIAN_POINT('',(0.0260522314608097,0.0213791225105524,0.));
#7671=CARTESIAN_POINT('',(0.0423467122018337,0.0213791225105524,0.));
#7672=CARTESIAN_POINT('',(0.0393467122018337,0.0213791225105524,0.));
#7673=CARTESIAN_POINT('',(0.03556,0.025085,0.));
#7674=CARTESIAN_POINT('',(1.38777878078145E-17,0.,0.00508));
#7675=CARTESIAN_POINT('',(0.0290522314608097,0.0213791225105524,0.00508));
#7676=CARTESIAN_POINT('',(0.0320522314608097,0.0213791225105524,0.00508));
#7677=CARTESIAN_POINT('',(0.0423467122018337,0.0213791225105524,0.00508));
#7678=CARTESIAN_POINT('',(0.0453467122018337,0.0213791225105524,0.00508));
#7679=CARTESIAN_POINT('',(0.0421274825930596,0.0687375,0.00508));
#7680=CARTESIAN_POINT('',(0.0451274825930596,0.0687375,0.00508));
#7681=CARTESIAN_POINT('',(0.0291128605604172,0.068574495613575,0.00508));
#7682=CARTESIAN_POINT('',(0.0321128605604172,0.068574495613575,0.00508));
#7683=CARTESIAN_POINT('',(0.03556,0.065085,0.0013));
#7684=CARTESIAN_POINT('',(0.03556,0.065085,0.0013));
#7685=CARTESIAN_POINT('',(0.03556,0.025085,0.0013));
#7686=CARTESIAN_POINT('',(0.03556,0.025085,0.0013));
#7687=CARTESIAN_POINT('',(1.38777878078145E-17,0.,0.0013));
#7688=CARTESIAN_POINT('',(0.0291128605604172,0.068574495613575,0.0551));
#7689=CARTESIAN_POINT('',(0.0421274825930596,0.0687375,0.0551));
#7690=CARTESIAN_POINT('',(0.0423467122018337,0.0213791225105524,0.0551));
#7691=CARTESIAN_POINT('',(0.0290522314608097,0.0213791225105524,0.0551));
#7692=CARTESIAN_POINT('',(0.00901676273345947,0.0277443764209747,0.0977390176399052));
#7693=CARTESIAN_POINT('',(-0.00501692465490825,-0.0774060821352483,0.069596));
#7694=CARTESIAN_POINT('',(-0.00501692465490825,-0.0774060821352483,0.069596));
#7695=CARTESIAN_POINT('',(-0.00247692465490825,-0.0774060821352483,0.069596));
#7696=CARTESIAN_POINT('',(-0.00501692465490825,-0.0774060821352483,0.057912));
#7697=CARTESIAN_POINT('',(-0.00247692465490825,-0.0774060821352483,0.057912));
#7698=CARTESIAN_POINT('',(1.38777878078145E-17,0.,0.069596));
#7699=CARTESIAN_POINT('',(1.38777878078145E-17,0.,0.057912));
#7700=CARTESIAN_POINT('',(0.0189128443590833,0.0272440536139489,0.075406147395134));
#7701=CARTESIAN_POINT('',(0.,0.,0.083312));
#7702=CARTESIAN_POINT('',(0.0423413105309009,-0.0213764254003763,0.083312));
#7703=CARTESIAN_POINT('',(0.045341310530901,-0.0213764254003763,0.083312));
#7704=CARTESIAN_POINT('',(-0.0291085988283157,0.0685908943414688,0.083312));
#7705=CARTESIAN_POINT('',(-0.0261085988283157,0.0685908943414688,0.083312));
#7706=CARTESIAN_POINT('',(-0.0423413105309009,0.0213764254003763,0.083312));
#7707=CARTESIAN_POINT('',(-0.0393413105309009,0.0213764254003763,0.083312));
#7708=CARTESIAN_POINT('',(-0.0290397573262453,0.0213869512081147,0.083312));
#7709=CARTESIAN_POINT('',(-0.0260397573262453,0.0213869512081147,0.083312));
#7710=CARTESIAN_POINT('',(0.0421032011508942,-0.0687562078237534,0.083312));
#7711=CARTESIAN_POINT('',(0.0451032011508942,-0.0687562078237534,0.083312));
#7712=CARTESIAN_POINT('',(0.0291085988283157,-0.0685908943414688,0.083312));
#7713=CARTESIAN_POINT('',(0.0321085988283158,-0.0685908943414688,0.083312));
#7714=CARTESIAN_POINT('',(0.0290397573262453,-0.0213869512081147,0.083312));
#7715=CARTESIAN_POINT('',(0.0320397573262453,-0.0213869512081147,0.083312));
#7716=CARTESIAN_POINT('',(-0.0421032011508942,0.0687562078237534,0.083312));
#7717=CARTESIAN_POINT('',(-0.0391032011508941,0.0687562078237534,0.083312));
#7718=CARTESIAN_POINT('',(-0.0464187067334197,0.078571543560919,0.083312));
#7719=CARTESIAN_POINT('',(-0.0448947067334197,0.078571543560919,0.083312));
#7720=CARTESIAN_POINT('',(0.0508,0.,0.083312));
#7721=CARTESIAN_POINT('',(0.0508,0.0739650565722013,0.083312));
#7722=CARTESIAN_POINT('',(0.0508,-0.0739650565722013,0.083312));
#7723=CARTESIAN_POINT('',(0.0422150565722013,0.0739650565722013,0.083312));
#7724=CARTESIAN_POINT('',(0.0422150565722013,0.08255,0.083312));
#7725=CARTESIAN_POINT('',(3.12250225675825E-17,0.08255,0.083312));
#7726=CARTESIAN_POINT('',(-0.0422150565722013,0.08255,0.083312));
#7727=CARTESIAN_POINT('',(-0.0422150565722013,0.0739650565722013,0.083312));
#7728=CARTESIAN_POINT('',(-0.0508,0.0739650565722013,0.083312));
#7729=CARTESIAN_POINT('',(-0.0508,0.,0.083312));
#7730=CARTESIAN_POINT('',(-0.0508,-0.0739650565722013,0.083312));
#7731=CARTESIAN_POINT('',(-0.0422150565722013,-0.0739650565722013,0.083312));
#7732=CARTESIAN_POINT('',(-0.0422150565722013,-0.08255,0.083312));
#7733=CARTESIAN_POINT('',(-1.38777878078145E-17,-0.08255,0.083312));
#7734=CARTESIAN_POINT('',(0.0422150565722013,-0.08255,0.083312));
#7735=CARTESIAN_POINT('',(0.0422150565722013,-0.0739650565722013,0.083312));
#7736=CARTESIAN_POINT('',(0.0464187067334197,0.078571543560919,0.083312));
#7737=CARTESIAN_POINT('',(0.0479427067334197,0.078571543560919,0.083312));
#7738=CARTESIAN_POINT('',(-0.0464187067334197,-0.078571543560919,0.083312));
#7739=CARTESIAN_POINT('',(-0.0448947067334197,-0.078571543560919,0.083312));
#7740=CARTESIAN_POINT('',(0.0464187067334197,-0.078571543560919,0.083312));
#7741=CARTESIAN_POINT('',(0.0479427067334197,-0.078571543560919,0.083312));
#7742=CARTESIAN_POINT('',(1.7347234759768E-18,-0.05345,0.083312));
#7743=CARTESIAN_POINT('',(0.0089558120816946,-0.05345,0.083312));
#7744=CARTESIAN_POINT('',(-0.0089558120816946,-0.05345,0.083312));
#7745=CARTESIAN_POINT('',(0.0089558120816946,-0.0573,0.083312));
#7746=CARTESIAN_POINT('',(0.0089558120816946,-0.06115,0.083312));
#7747=CARTESIAN_POINT('',(1.7347234759768E-18,-0.06115,0.083312));
#7748=CARTESIAN_POINT('',(-0.0089558120816946,-0.06115,0.083312));
#7749=CARTESIAN_POINT('',(-0.0089558120816946,-0.0573,0.083312));
#7750=CARTESIAN_POINT('',(-0.0290397573262453,-0.0213869512081147,0.083312));
#7751=CARTESIAN_POINT('',(-0.0260397573262453,-0.0213869512081147,0.083312));
#7752=CARTESIAN_POINT('',(-0.0423413105309009,-0.0213764254003763,0.083312));
#7753=CARTESIAN_POINT('',(-0.0393413105309009,-0.0213764254003763,0.083312));
#7754=CARTESIAN_POINT('',(-0.0421032011508942,-0.0687562078237534,0.083312));
#7755=CARTESIAN_POINT('',(-0.0391032011508941,-0.0687562078237534,0.083312));
#7756=CARTESIAN_POINT('',(-0.0291085988283157,-0.0685908943414688,0.083312));
#7757=CARTESIAN_POINT('',(-0.0261085988283157,-0.0685908943414688,0.083312));
#7758=CARTESIAN_POINT('',(0.0290397573262453,0.0213869512081147,0.083312));
#7759=CARTESIAN_POINT('',(0.0320397573262453,0.0213869512081147,0.083312));
#7760=CARTESIAN_POINT('',(0.0291085988283157,0.0685908943414688,0.083312));
#7761=CARTESIAN_POINT('',(0.0321085988283158,0.0685908943414688,0.083312));
#7762=CARTESIAN_POINT('',(0.0421032011508942,0.0687562078237534,0.083312));
#7763=CARTESIAN_POINT('',(0.0451032011508942,0.0687562078237534,0.083312));
#7764=CARTESIAN_POINT('',(0.0423413105309009,0.0213764254003763,0.083312));
#7765=CARTESIAN_POINT('',(0.045341310530901,0.0213764254003763,0.083312));
#7766=CARTESIAN_POINT('',(0.,0.,0.080772));
#7767=CARTESIAN_POINT('',(0.0421032011508942,0.0687562078237534,0.080772));
#7768=CARTESIAN_POINT('',(0.0451032011508942,0.0687562078237534,0.080772));
#7769=CARTESIAN_POINT('',(0.0290397573262453,0.0213869512081147,0.080772));
#7770=CARTESIAN_POINT('',(0.0320397573262453,0.0213869512081147,0.080772));
#7771=CARTESIAN_POINT('',(0.0421032011508942,-0.0687562078237534,0.080772));
#7772=CARTESIAN_POINT('',(0.0451032011508942,-0.0687562078237534,0.080772));
#7773=CARTESIAN_POINT('',(0.0291085988283157,-0.0685908943414688,0.080772));
#7774=CARTESIAN_POINT('',(0.0321085988283158,-0.0685908943414688,0.080772));
#7775=CARTESIAN_POINT('',(-0.0421032011508942,-0.0687562078237534,0.080772));
#7776=CARTESIAN_POINT('',(-0.0391032011508941,-0.0687562078237534,0.080772));
#7777=CARTESIAN_POINT('',(-0.0290397573262453,-0.0213869512081147,0.080772));
#7778=CARTESIAN_POINT('',(-0.0260397573262453,-0.0213869512081147,0.080772));
#7779=CARTESIAN_POINT('',(0.0290397573262453,-0.0213869512081147,0.080772));
#7780=CARTESIAN_POINT('',(0.0320397573262453,-0.0213869512081147,0.080772));
#7781=CARTESIAN_POINT('',(-0.0421032011508942,0.0687562078237534,0.080772));
#7782=CARTESIAN_POINT('',(-0.0391032011508941,0.0687562078237534,0.080772));
#7783=CARTESIAN_POINT('',(0.0422150565722013,-0.0739650565722013,0.080772));
#7784=CARTESIAN_POINT('',(0.0422150565722013,-0.08001,0.080772));
#7785=CARTESIAN_POINT('',(0.0426128605759701,-0.0799968965087275,0.080772));
#7786=CARTESIAN_POINT('',(-1.38777878078145E-17,-0.08001,0.080772));
#7787=CARTESIAN_POINT('',(-0.0422150565722013,-0.08001,0.080772));
#7788=CARTESIAN_POINT('',(-0.0422150565722013,-0.0739650565722013,0.080772));
#7789=CARTESIAN_POINT('',(-0.0426128605759701,-0.0799968965087275,0.080772));
#7790=CARTESIAN_POINT('',(-0.0464187067334197,-0.078571543560919,0.080772));
#7791=CARTESIAN_POINT('',(-0.0481854248466072,-0.0749116524274923,0.080772));
#7792=CARTESIAN_POINT('',(-0.0422150565722013,-0.0739650565722013,0.080772));
#7793=CARTESIAN_POINT('',(-0.04826,-0.0739650565722013,0.080772));
#7794=CARTESIAN_POINT('',(-0.04826,-7.14856095542353E-19,0.080772));
#7795=CARTESIAN_POINT('',(-0.04826,0.0739650565722013,0.080772));
#7796=CARTESIAN_POINT('',(-0.0422150565722013,0.0739650565722013,0.080772));
#7797=CARTESIAN_POINT('',(-0.0481854248466072,0.0749116524274923,0.080772));
#7798=CARTESIAN_POINT('',(-0.0464187067334197,0.078571543560919,0.080772));
#7799=CARTESIAN_POINT('',(-0.0426128605759701,0.0799968965087275,0.080772));
#7800=CARTESIAN_POINT('',(-0.0422150565722013,0.0739650565722013,0.080772));
#7801=CARTESIAN_POINT('',(-0.0422150565722013,0.08001,0.080772));
#7802=CARTESIAN_POINT('',(3.12250225675825E-17,0.08001,0.080772));
#7803=CARTESIAN_POINT('',(0.0422150565722013,0.08001,0.080772));
#7804=CARTESIAN_POINT('',(0.0422150565722013,0.0739650565722013,0.080772));
#7805=CARTESIAN_POINT('',(0.0426128605759701,0.0799968965087275,0.080772));
#7806=CARTESIAN_POINT('',(0.0464187067334197,0.078571543560919,0.080772));
#7807=CARTESIAN_POINT('',(0.0481854248466072,0.0749116524274923,0.080772));
#7808=CARTESIAN_POINT('',(0.0422150565722013,0.0739650565722013,0.080772));
#7809=CARTESIAN_POINT('',(0.04826,0.0739650565722013,0.080772));
#7810=CARTESIAN_POINT('',(0.04826,7.14856095542353E-19,0.080772));
#7811=CARTESIAN_POINT('',(0.04826,-0.0739650565722013,0.080772));
#7812=CARTESIAN_POINT('',(0.0422150565722013,-0.0739650565722013,0.080772));
#7813=CARTESIAN_POINT('',(0.0481854248466072,-0.0749116524274923,0.080772));
#7814=CARTESIAN_POINT('',(0.0464187067334197,-0.078571543560919,0.080772));
#7815=CARTESIAN_POINT('',(0.0089558120816946,0.,0.080772));
#7816=CARTESIAN_POINT('',(0.0089558120816946,-0.05345,0.080772));
#7817=CARTESIAN_POINT('',(0.0089558120816946,-0.06115,0.080772));
#7818=CARTESIAN_POINT('',(0.,-0.05345,0.080772));
#7819=CARTESIAN_POINT('',(-0.0089558120816946,-0.05345,0.080772));
#7820=CARTESIAN_POINT('',(-0.0089558120816946,0.,0.080772));
#7821=CARTESIAN_POINT('',(-0.0089558120816946,-0.06115,0.080772));
#7822=CARTESIAN_POINT('',(0.,-0.06115,0.080772));
#7823=CARTESIAN_POINT('',(-0.0423413105309009,-0.0213764254003763,0.080772));
#7824=CARTESIAN_POINT('',(-0.0393413105309009,-0.0213764254003763,0.080772));
#7825=CARTESIAN_POINT('',(-0.0291085988283157,-0.0685908943414688,0.080772));
#7826=CARTESIAN_POINT('',(-0.0261085988283157,-0.0685908943414688,0.080772));
#7827=CARTESIAN_POINT('',(-0.0290397573262453,0.0213869512081147,0.080772));
#7828=CARTESIAN_POINT('',(-0.0260397573262453,0.0213869512081147,0.080772));
#7829=CARTESIAN_POINT('',(-0.0423413105309009,0.0213764254003763,0.080772));
#7830=CARTESIAN_POINT('',(-0.0393413105309009,0.0213764254003763,0.080772));
#7831=CARTESIAN_POINT('',(-0.0291085988283157,0.0685908943414688,0.080772));
#7832=CARTESIAN_POINT('',(-0.0261085988283157,0.0685908943414688,0.080772));
#7833=CARTESIAN_POINT('',(0.0423413105309009,-0.0213764254003763,0.080772));
#7834=CARTESIAN_POINT('',(0.045341310530901,-0.0213764254003763,0.080772));
#7835=CARTESIAN_POINT('',(0.0291085988283157,0.0685908943414688,0.080772));
#7836=CARTESIAN_POINT('',(0.0321085988283158,0.0685908943414688,0.080772));
#7837=CARTESIAN_POINT('',(0.0423413105309009,0.0213764254003763,0.080772));
#7838=CARTESIAN_POINT('',(0.045341310530901,0.0213764254003763,0.080772));
#7839=CARTESIAN_POINT('',(0.0508,0.,0.083312));
#7840=CARTESIAN_POINT('',(0.0508,0.057082187384367,0.0654579252004623));
#7841=CARTESIAN_POINT('',(0.0508,0.0611462874056622,0.0654579252004623));
#7842=CARTESIAN_POINT('',(0.0508,-0.057082187384367,0.0654579252004623));
#7843=CARTESIAN_POINT('',(0.0508,-0.0530180873630718,0.0654579252004623));
#7844=CARTESIAN_POINT('',(0.0508,0.,0.057912));
#7845=CARTESIAN_POINT('',(0.0508,0.0739650565722013,0.057912));
#7846=CARTESIAN_POINT('',(0.0508,-0.0739650565722013,0.057912));
#7847=CARTESIAN_POINT('',(0.0508,0.0739650565722013,0.083312));
#7848=CARTESIAN_POINT('',(0.0508,-0.0739650565722013,0.083312));
#7849=CARTESIAN_POINT('',(-0.0508,0.,0.083312));
#7850=CARTESIAN_POINT('',(-0.0508,0.,0.057912));
#7851=CARTESIAN_POINT('',(-0.0508,0.0739650565722013,0.057912));
#7852=CARTESIAN_POINT('',(-0.0508,-0.0739650565722013,0.057912));
#7853=CARTESIAN_POINT('',(-0.0508,-0.0739650565722013,0.083312));
#7854=CARTESIAN_POINT('',(-0.0508,0.0739650565722013,0.083312));
#7855=CARTESIAN_POINT('',(-0.0508,-0.057082187384367,0.0654579252004623));
#7856=CARTESIAN_POINT('',(-0.0508,-0.0611462874056622,0.0654579252004623));
#7857=CARTESIAN_POINT('',(-0.0508,0.057082187384367,0.0654579252004623));
#7858=CARTESIAN_POINT('',(-0.0508,0.0530180873630718,0.0654579252004623));
#7859=CARTESIAN_POINT('',(0.04826,7.14856095542353E-19,0.083312));
#7860=CARTESIAN_POINT('',(0.04826,7.14856095542353E-19,0.057912));
#7861=CARTESIAN_POINT('',(0.04826,0.0739650565722013,0.057912));
#7862=CARTESIAN_POINT('',(0.04826,-0.0739650565722013,0.057912));
#7863=CARTESIAN_POINT('',(0.04826,-0.0739650565722013,0.083312));
#7864=CARTESIAN_POINT('',(0.04826,0.0739650565722013,0.083312));
#7865=CARTESIAN_POINT('',(0.04826,-0.057082187384367,0.0654579252004623));
#7866=CARTESIAN_POINT('',(0.04826,-0.0530180873630718,0.0654579252004623));
#7867=CARTESIAN_POINT('',(0.04826,0.057082187384367,0.0654579252004623));
#7868=CARTESIAN_POINT('',(0.04826,0.0611462874056622,0.0654579252004623));
#7869=CARTESIAN_POINT('',(-0.04826,-7.14856095542353E-19,0.083312));
#7870=CARTESIAN_POINT('',(-0.04826,-0.057082187384367,0.0654579252004623));
#7871=CARTESIAN_POINT('',(-0.04826,-0.0530180873630718,0.0654579252004623));
#7872=CARTESIAN_POINT('',(-0.04826,-7.14856095542353E-19,0.057912));
#7873=CARTESIAN_POINT('',(-0.04826,0.0739650565722013,0.057912));
#7874=CARTESIAN_POINT('',(-0.04826,-0.0739650565722013,0.057912));
#7875=CARTESIAN_POINT('',(-0.04826,0.0739650565722013,0.083312));
#7876=CARTESIAN_POINT('',(-0.04826,-0.0739650565722013,0.083312));
#7877=CARTESIAN_POINT('',(-0.04826,0.057082187384367,0.0654579252004623));
#7878=CARTESIAN_POINT('',(-0.04826,0.0611462874056622,0.0654579252004623));
#7879=CARTESIAN_POINT('',(0.,0.,0.057912));
#7880=CARTESIAN_POINT('',(0.0464187067334197,-0.078571543560919,0.057912));
#7881=CARTESIAN_POINT('',(0.0479427067334197,-0.078571543560919,0.057912));
#7882=CARTESIAN_POINT('',(-0.0464187067334197,-0.078571543560919,0.057912));
#7883=CARTESIAN_POINT('',(-0.0448947067334197,-0.078571543560919,0.057912));
#7884=CARTESIAN_POINT('',(0.0464187067334197,0.078571543560919,0.057912));
#7885=CARTESIAN_POINT('',(0.0479427067334197,0.078571543560919,0.057912));
#7886=CARTESIAN_POINT('',(0.0422150565722013,-0.0739650565722013,0.057912));
#7887=CARTESIAN_POINT('',(0.0422150565722013,-0.08255,0.057912));
#7888=CARTESIAN_POINT('',(-1.38777878078145E-17,-0.08255,0.057912));
#7889=CARTESIAN_POINT('',(-0.0422150565722013,-0.08255,0.057912));
#7890=CARTESIAN_POINT('',(-0.0422150565722013,-0.0739650565722013,0.057912));
#7891=CARTESIAN_POINT('',(-0.0422150565722013,0.0739650565722013,0.057912));
#7892=CARTESIAN_POINT('',(-0.0422150565722013,0.08255,0.057912));
#7893=CARTESIAN_POINT('',(3.12250225675825E-17,0.08255,0.057912));
#7894=CARTESIAN_POINT('',(0.0422150565722013,0.08255,0.057912));
#7895=CARTESIAN_POINT('',(0.0422150565722013,0.0739650565722013,0.057912));
#7896=CARTESIAN_POINT('',(-0.0464187067334197,0.078571543560919,0.057912));
#7897=CARTESIAN_POINT('',(-0.0448947067334197,0.078571543560919,0.057912));
#7898=CARTESIAN_POINT('',(0.0422150565722013,0.0739650565722013,0.057912));
#7899=CARTESIAN_POINT('',(0.0481854248466072,0.0749116524274923,0.057912));
#7900=CARTESIAN_POINT('',(0.0464187067334197,0.078571543560919,0.057912));
#7901=CARTESIAN_POINT('',(0.0426128605759701,0.0799968965087275,0.057912));
#7902=CARTESIAN_POINT('',(0.0422150565722013,0.0739650565722013,0.057912));
#7903=CARTESIAN_POINT('',(0.0422150565722013,0.08001,0.057912));
#7904=CARTESIAN_POINT('',(3.12250225675825E-17,0.08001,0.057912));
#7905=CARTESIAN_POINT('',(-0.0422150565722013,0.08001,0.057912));
#7906=CARTESIAN_POINT('',(-0.0422150565722013,0.0739650565722013,0.057912));
#7907=CARTESIAN_POINT('',(-0.0426128605759701,0.0799968965087275,0.057912));
#7908=CARTESIAN_POINT('',(-0.0464187067334197,0.078571543560919,0.057912));
#7909=CARTESIAN_POINT('',(-0.0481854248466072,0.0749116524274923,0.057912));
#7910=CARTESIAN_POINT('',(-0.0422150565722013,0.0739650565722013,0.057912));
#7911=CARTESIAN_POINT('',(-0.0422150565722013,-0.0739650565722013,0.057912));
#7912=CARTESIAN_POINT('',(-0.0481854248466072,-0.0749116524274923,0.057912));
#7913=CARTESIAN_POINT('',(-0.0464187067334197,-0.078571543560919,0.057912));
#7914=CARTESIAN_POINT('',(-0.0426128605759701,-0.0799968965087275,0.057912));
#7915=CARTESIAN_POINT('',(-0.0422150565722013,-0.0739650565722013,0.057912));
#7916=CARTESIAN_POINT('',(-0.0422150565722013,-0.08001,0.057912));
#7917=CARTESIAN_POINT('',(-1.38777878078145E-17,-0.08001,0.057912));
#7918=CARTESIAN_POINT('',(0.0422150565722013,-0.08001,0.057912));
#7919=CARTESIAN_POINT('',(0.0422150565722013,-0.0739650565722013,0.057912));
#7920=CARTESIAN_POINT('',(0.0426128605759701,-0.0799968965087275,0.057912));
#7921=CARTESIAN_POINT('',(0.0464187067334197,-0.078571543560919,0.057912));
#7922=CARTESIAN_POINT('',(0.0481854248466072,-0.0749116524274923,0.057912));
#7923=CARTESIAN_POINT('',(0.0422150565722013,-0.0739650565722013,0.057912));
#7924=CARTESIAN_POINT('',(0.0422150565722013,0.0739650565722013,0.083312));
#7925=CARTESIAN_POINT('',(0.0422150565722013,0.08255,0.083312));
#7926=CARTESIAN_POINT('',(3.12250225675825E-17,0.08255,0.083312));
#7927=CARTESIAN_POINT('',(-0.0422150565722013,0.08255,0.083312));
#7928=CARTESIAN_POINT('',(-0.0422150565722013,0.0739650565722013,0.083312));
#7929=CARTESIAN_POINT('',(-0.0422150565722013,-0.0739650565722013,0.083312));
#7930=CARTESIAN_POINT('',(-0.0422150565722013,-0.08255,0.083312));
#7931=CARTESIAN_POINT('',(-1.38777878078145E-17,-0.08255,0.083312));
#7932=CARTESIAN_POINT('',(0.0422150565722013,-0.08255,0.083312));
#7933=CARTESIAN_POINT('',(-0.0464187067334197,-0.078571543560919,0.083312));
#7934=CARTESIAN_POINT('',(0.0464187067334197,0.078571543560919,0.083312));
#7935=CARTESIAN_POINT('',(0.0422150565722013,-0.0739650565722013,0.083312));
#7936=CARTESIAN_POINT('',(-0.0464187067334197,0.078571543560919,0.083312));
#7937=CARTESIAN_POINT('',(0.0464187067334197,-0.078571543560919,0.083312));
#7938=CARTESIAN_POINT('',(-0.0422150565722013,0.0739650565722013,0.083312));
#7939=CARTESIAN_POINT('',(-0.0481854248466072,0.0749116524274923,0.083312));
#7940=CARTESIAN_POINT('',(0.0422150565722013,0.0739650565722013,0.083312));
#7941=CARTESIAN_POINT('',(0.0422150565722013,0.08001,0.083312));
#7942=CARTESIAN_POINT('',(0.0426128605759701,0.0799968965087275,0.083312));
#7943=CARTESIAN_POINT('',(-0.0422150565722013,-0.0739650565722013,0.083312));
#7944=CARTESIAN_POINT('',(-0.0422150565722013,-0.08001,0.083312));
#7945=CARTESIAN_POINT('',(-0.0426128605759701,-0.0799968965087275,0.083312));
#7946=CARTESIAN_POINT('',(0.0422150565722013,-0.0739650565722013,0.083312));
#7947=CARTESIAN_POINT('',(0.0481854248466072,-0.0749116524274923,0.083312));
#7948=CARTESIAN_POINT('',(0.0422150565722013,0.0739650565722013,0.083312));
#7949=CARTESIAN_POINT('',(0.0481854248466072,0.0749116524274923,0.083312));
#7950=CARTESIAN_POINT('',(3.12250225675825E-17,0.08001,0.083312));
#7951=CARTESIAN_POINT('',(-0.0422150565722013,0.08001,0.083312));
#7952=CARTESIAN_POINT('',(-0.0422150565722013,0.0739650565722013,0.083312));
#7953=CARTESIAN_POINT('',(-0.0426128605759701,0.0799968965087275,0.083312));
#7954=CARTESIAN_POINT('',(-0.0422150565722013,-0.0739650565722013,0.083312));
#7955=CARTESIAN_POINT('',(-0.0481854248466072,-0.0749116524274923,0.083312));
#7956=CARTESIAN_POINT('',(-1.38777878078145E-17,-0.08001,0.083312));
#7957=CARTESIAN_POINT('',(0.0422150565722013,-0.08001,0.083312));
#7958=CARTESIAN_POINT('',(-0.0464187067334197,-0.078571543560919,0.083312));
#7959=CARTESIAN_POINT('',(0.0464187067334197,0.078571543560919,0.083312));
#7960=CARTESIAN_POINT('',(0.0422150565722013,-0.0739650565722013,0.083312));
#7961=CARTESIAN_POINT('',(0.0426128605759701,-0.0799968965087275,0.083312));
#7962=CARTESIAN_POINT('',(-0.0464187067334197,0.078571543560919,0.083312));
#7963=CARTESIAN_POINT('',(0.0464187067334197,-0.078571543560919,0.083312));
#7964=CARTESIAN_POINT('',(0.0089558120816946,-0.0573,0.033312));
#7965=CARTESIAN_POINT('',(0.0089558120816946,-0.06115,0.033312));
#7966=CARTESIAN_POINT('',(0.0089558120816946,-0.05345,0.033312));
#7967=CARTESIAN_POINT('',(1.7347234759768E-18,-0.05345,0.033312));
#7968=CARTESIAN_POINT('',(-0.0089558120816946,-0.05345,0.033312));
#7969=CARTESIAN_POINT('',(-0.0089558120816946,-0.0573,0.033312));
#7970=CARTESIAN_POINT('',(-0.0089558120816946,-0.06115,0.033312));
#7971=CARTESIAN_POINT('',(1.7347234759768E-18,-0.06115,0.033312));
#7972=CARTESIAN_POINT('',(0.172474811761259,-0.0570821873843671,0.0654579252004623));
#7973=CARTESIAN_POINT('',(0.17247481176126,0.0570821873843669,0.0654579252004623));
#7974=CARTESIAN_POINT('',(0.172474811761259,-0.0570821873843671,0.0654579252004623));
#7975=CARTESIAN_POINT('',(0.17247481176126,0.0570821873843669,0.0654579252004623));
#7976=CARTESIAN_POINT('',(-0.0421032011508942,0.0687562078237534,0.037312));
#7977=CARTESIAN_POINT('',(0.0290397573262453,-0.0213869512081147,0.037312));
#7978=CARTESIAN_POINT('',(-0.0290397573262453,-0.0213869512081147,0.037312));
#7979=CARTESIAN_POINT('',(-0.0423413105309009,-0.0213764254003763,0.037312));
#7980=CARTESIAN_POINT('',(-0.0421032011508942,-0.0687562078237534,0.037312));
#7981=CARTESIAN_POINT('',(-0.0291085988283157,-0.0685908943414688,0.037312));
#7982=CARTESIAN_POINT('',(0.0291085988283157,-0.0685908943414688,0.037312));
#7983=CARTESIAN_POINT('',(0.0421032011508942,-0.0687562078237534,0.037312));
#7984=CARTESIAN_POINT('',(0.0290397573262453,0.0213869512081147,0.037312));
#7985=CARTESIAN_POINT('',(-0.0290397573262453,0.0213869512081147,0.037312));
#7986=CARTESIAN_POINT('',(-0.0423413105309009,0.0213764254003763,0.037312));
#7987=CARTESIAN_POINT('',(-0.0291085988283157,0.0685908943414688,0.037312));
#7988=CARTESIAN_POINT('',(0.0423413105309009,-0.0213764254003763,0.037312));
#7989=CARTESIAN_POINT('',(0.0291085988283157,0.0685908943414688,0.037312));
#7990=CARTESIAN_POINT('',(0.0421032011508942,0.0687562078237534,0.037312));
#7991=CARTESIAN_POINT('',(0.0423413105309009,0.0213764254003763,0.037312));
#7992=CARTESIAN_POINT('',(0.00877405245666504,0.0276464011001587,0.0448630152458191));
#7993=CARTESIAN_POINT('',(0.0711479395269518,0.145975426055288,0.00392777708601843));
#7994=CARTESIAN_POINT('',(-0.0589114977442631,0.136442056315313,0.00369555189448252));
#7995=CARTESIAN_POINT('',(3.46944695195361E-18,0.,0.));
#7996=CARTESIAN_POINT('',(0.,0.,-0.02032));
#7997=CARTESIAN_POINT('',(0.017428266817044,0.,-0.02032));
#7998=CARTESIAN_POINT('',(-0.017428266817044,0.,-0.02032));
#7999=CARTESIAN_POINT('',(0.017428266817044,0.,-0.0123482668170441));
#8000=CARTESIAN_POINT('',(0.0254,0.,-0.0123482668170441));
#8001=CARTESIAN_POINT('',(0.0254,0.,-1.7347234759768E-18));
#8002=CARTESIAN_POINT('',(0.0254,0.,0.0123482668170441));
#8003=CARTESIAN_POINT('',(0.017428266817044,0.,0.0123482668170441));
#8004=CARTESIAN_POINT('',(0.017428266817044,0.,0.02032));
#8005=CARTESIAN_POINT('',(6.93889390390723E-18,0.,0.02032));
#8006=CARTESIAN_POINT('',(-0.017428266817044,0.,0.02032));
#8007=CARTESIAN_POINT('',(-0.017428266817044,0.,0.0123482668170441));
#8008=CARTESIAN_POINT('',(-0.0254,0.,0.0123482668170441));
#8009=CARTESIAN_POINT('',(-0.0254,0.,5.20417042793042E-18));
#8010=CARTESIAN_POINT('',(-0.0254,0.,-0.012348266817044));
#8011=CARTESIAN_POINT('',(-0.017428266817044,0.,-0.0123482668170441));
#8012=CARTESIAN_POINT('',(-0.012573,0.,0.00749779073521495));
#8013=CARTESIAN_POINT('',(-0.012573,0.,0.00154150151318933));
#8014=CARTESIAN_POINT('',(0.,0.,-0.0110447192564607));
#8015=CARTESIAN_POINT('',(0.,0.,-0.0195335381194338));
#8016=CARTESIAN_POINT('',(0.012573,0.,0.00749779073521495));
#8017=CARTESIAN_POINT('',(0.012573,0.,0.00154150151318933));
#8018=CARTESIAN_POINT('',(0.,0.021844,-0.01778));
#8019=CARTESIAN_POINT('',(-0.00356376111793539,0.0686351406993093,-0.01778));
#8020=CARTESIAN_POINT('',(-0.00356376111793539,0.021844,-0.01778));
#8021=CARTESIAN_POINT('',(-0.00356376111793539,0.00254,-0.01778));
#8022=CARTESIAN_POINT('',(3.46944695195361E-18,0.021844,-0.01778));
#8023=CARTESIAN_POINT('',(-0.017428266817044,0.021844,-0.01778));
#8024=CARTESIAN_POINT('',(-0.017428266817044,0.021844,-0.01778));
#8025=CARTESIAN_POINT('',(-0.017428266817044,0.00254,-0.01778));
#8026=CARTESIAN_POINT('',(3.46944695195361E-18,0.00254,-0.01778));
#8027=CARTESIAN_POINT('',(3.46944695195361E-18,0.00254,0.));
#8028=CARTESIAN_POINT('',(0.012573,0.00254,0.00749779073521495));
#8029=CARTESIAN_POINT('',(0.012573,0.00254,0.00254479073521495));
#8030=CARTESIAN_POINT('',(3.46944695195361E-18,0.00254,-0.01778));
#8031=CARTESIAN_POINT('',(0.017428266817044,0.00254,-0.01778));
#8032=CARTESIAN_POINT('',(0.00356376111793539,0.00254,-0.01778));
#8033=CARTESIAN_POINT('',(0.,0.00254,-0.0110447192564607));
#8034=CARTESIAN_POINT('',(-0.017428266817044,0.00254,-0.0123482668170441));
#8035=CARTESIAN_POINT('',(-0.02286,0.00254,-0.012348266817044));
#8036=CARTESIAN_POINT('',(-0.02286,0.00254,6.42288982711222E-18));
#8037=CARTESIAN_POINT('',(-0.02286,0.00254,0.0123482668170441));
#8038=CARTESIAN_POINT('',(-0.017428266817044,0.00254,0.0123482668170441));
#8039=CARTESIAN_POINT('',(-0.017428266817044,0.00254,0.01778));
#8040=CARTESIAN_POINT('',(3.46944695195361E-18,0.00254,0.01778));
#8041=CARTESIAN_POINT('',(0.017428266817044,0.00254,0.01778));
#8042=CARTESIAN_POINT('',(0.017428266817044,0.00254,0.0123482668170441));
#8043=CARTESIAN_POINT('',(0.02286,0.00254,0.0123482668170441));
#8044=CARTESIAN_POINT('',(0.02286,0.00254,-6.42288982711222E-18));
#8045=CARTESIAN_POINT('',(0.02286,0.00254,-0.0123482668170441));
#8046=CARTESIAN_POINT('',(0.017428266817044,0.00254,-0.0123482668170441));
#8047=CARTESIAN_POINT('',(-0.012573,0.00254,0.00749779073521495));
#8048=CARTESIAN_POINT('',(-0.012573,0.00254,0.00254479073521495));
#8049=CARTESIAN_POINT('',(3.46944695195361E-18,0.021844,0.));
#8050=CARTESIAN_POINT('',(0.,0.021844,-0.02032));
#8051=CARTESIAN_POINT('',(0.017428266817044,0.021844,-0.02032));
#8052=CARTESIAN_POINT('',(-0.017428266817044,0.021844,-0.02032));
#8053=CARTESIAN_POINT('',(-0.017428266817044,0.021844,-0.0123482668170441));
#8054=CARTESIAN_POINT('',(-0.0254,0.021844,-0.012348266817044));
#8055=CARTESIAN_POINT('',(-0.0254,0.021844,5.20417042793042E-18));
#8056=CARTESIAN_POINT('',(-0.0254,0.021844,0.0123482668170441));
#8057=CARTESIAN_POINT('',(-0.017428266817044,0.021844,0.0123482668170441));
#8058=CARTESIAN_POINT('',(-0.017428266817044,0.021844,0.02032));
#8059=CARTESIAN_POINT('',(6.93889390390723E-18,0.021844,0.02032));
#8060=CARTESIAN_POINT('',(0.017428266817044,0.021844,0.02032));
#8061=CARTESIAN_POINT('',(0.017428266817044,0.021844,0.0123482668170441));
#8062=CARTESIAN_POINT('',(0.0254,0.021844,0.0123482668170441));
#8063=CARTESIAN_POINT('',(0.0254,0.021844,-1.7347234759768E-18));
#8064=CARTESIAN_POINT('',(0.0254,0.021844,-0.0123482668170441));
#8065=CARTESIAN_POINT('',(0.017428266817044,0.021844,-0.0123482668170441));
#8066=CARTESIAN_POINT('',(0.,0.021844,-0.0110447192564607));
#8067=CARTESIAN_POINT('',(0.00356376111793539,0.021844,-0.01778));
#8068=CARTESIAN_POINT('',(3.46944695195361E-18,0.021844,-0.01778));
#8069=CARTESIAN_POINT('',(0.017428266817044,0.021844,-0.01778));
#8070=CARTESIAN_POINT('',(0.017428266817044,0.021844,-0.0123482668170441));
#8071=CARTESIAN_POINT('',(0.02286,0.021844,-0.0123482668170441));
#8072=CARTESIAN_POINT('',(0.02286,0.021844,-6.42288982711222E-18));
#8073=CARTESIAN_POINT('',(0.02286,0.021844,0.0123482668170441));
#8074=CARTESIAN_POINT('',(0.017428266817044,0.021844,0.0123482668170441));
#8075=CARTESIAN_POINT('',(0.017428266817044,0.021844,0.01778));
#8076=CARTESIAN_POINT('',(3.46944695195361E-18,0.021844,0.01778));
#8077=CARTESIAN_POINT('',(-0.017428266817044,0.021844,0.01778));
#8078=CARTESIAN_POINT('',(-0.017428266817044,0.021844,0.0123482668170441));
#8079=CARTESIAN_POINT('',(-0.02286,0.021844,0.0123482668170441));
#8080=CARTESIAN_POINT('',(-0.02286,0.021844,6.42288982711222E-18));
#8081=CARTESIAN_POINT('',(-0.02286,0.021844,-0.0123482668170441));
#8082=CARTESIAN_POINT('',(-0.017428266817044,0.021844,-0.0123482668170441));
#8083=CARTESIAN_POINT('',(0.,0.021844,-0.02032));
#8084=CARTESIAN_POINT('',(-0.017428266817044,0.021844,-0.02032));
#8085=CARTESIAN_POINT('',(0.017428266817044,0.021844,-0.02032));
#8086=CARTESIAN_POINT('',(0.017428266817044,0.021844,-0.0123482668170441));
#8087=CARTESIAN_POINT('',(0.0254,0.021844,-0.0123482668170441));
#8088=CARTESIAN_POINT('',(0.0254,0.021844,-1.7347234759768E-18));
#8089=CARTESIAN_POINT('',(0.0254,0.021844,0.0123482668170441));
#8090=CARTESIAN_POINT('',(0.017428266817044,0.021844,0.0123482668170441));
#8091=CARTESIAN_POINT('',(0.017428266817044,0.021844,0.02032));
#8092=CARTESIAN_POINT('',(6.93889390390723E-18,0.021844,0.02032));
#8093=CARTESIAN_POINT('',(-0.017428266817044,0.021844,0.02032));
#8094=CARTESIAN_POINT('',(-0.017428266817044,0.021844,0.0123482668170441));
#8095=CARTESIAN_POINT('',(-0.0254,0.021844,0.0123482668170441));
#8096=CARTESIAN_POINT('',(-0.0254,0.021844,5.20417042793042E-18));
#8097=CARTESIAN_POINT('',(-0.0254,0.021844,-0.012348266817044));
#8098=CARTESIAN_POINT('',(-0.017428266817044,0.021844,-0.0123482668170441));
#8099=CARTESIAN_POINT('',(0.,0.021844,-0.01778));
#8100=CARTESIAN_POINT('',(0.00356376111793539,0.0686351406993093,-0.01778));
#8101=CARTESIAN_POINT('',(0.017428266817044,0.021844,-0.01778));
#8102=CARTESIAN_POINT('',(0.017428266817044,0.021844,-0.0123482668170441));
#8103=CARTESIAN_POINT('',(0.02286,0.021844,-0.0123482668170441));
#8104=CARTESIAN_POINT('',(0.02286,0.021844,-1.02106905074212E-18));
#8105=CARTESIAN_POINT('',(0.02286,0.021844,0.0123482668170441));
#8106=CARTESIAN_POINT('',(0.017428266817044,0.021844,0.0123482668170441));
#8107=CARTESIAN_POINT('',(0.017428266817044,0.021844,0.01778));
#8108=CARTESIAN_POINT('',(6.93889390390723E-18,0.021844,0.01778));
#8109=CARTESIAN_POINT('',(-0.017428266817044,0.021844,0.01778));
#8110=CARTESIAN_POINT('',(-0.017428266817044,0.021844,0.0123482668170441));
#8111=CARTESIAN_POINT('',(-0.02286,0.021844,0.0123482668170441));
#8112=CARTESIAN_POINT('',(-0.02286,0.021844,4.49051600269573E-18));
#8113=CARTESIAN_POINT('',(-0.02286,0.021844,-0.012348266817044));
#8114=CARTESIAN_POINT('',(-0.017428266817044,0.021844,-0.0123482668170441));
#8115=CARTESIAN_POINT('',(0.012573,0.0686351406993093,0.00749779073521495));
#8116=CARTESIAN_POINT('',(0.012573,-0.0019,0.00749779073521495));
#8117=CARTESIAN_POINT('',(0.012573,-0.0019,0.00254479073521495));
#8118=CARTESIAN_POINT('',(-0.012573,0.0686351406993093,0.00749779073521495));
#8119=CARTESIAN_POINT('',(-0.012573,-0.0019,0.00749779073521495));
#8120=CARTESIAN_POINT('',(-0.012573,-0.0019,0.00254479073521495));
#8121=CARTESIAN_POINT('',(0.,0.0686351406993093,-0.0110447192564607));
#8122=CARTESIAN_POINT('',(0.,-0.0019,-0.0110447192564607));
#8123=CARTESIAN_POINT('',(0.,-0.0019,-0.0186647192564607));
#8124=CARTESIAN_POINT('',(-0.012573,-0.0019,0.00749779073521495));
#8125=CARTESIAN_POINT('',(-0.012573,-0.0019,0.00749779073521495));
#8126=CARTESIAN_POINT('',(-0.012573,-0.0019,0.00154150151318933));
#8127=CARTESIAN_POINT('',(0.,-0.0019,3.46944695195361E-18));
#8128=CARTESIAN_POINT('',(0.,-0.0019,-0.0110447192564607));
#8129=CARTESIAN_POINT('',(0.,-0.0019,-0.0110447192564607));
#8130=CARTESIAN_POINT('',(0.,-0.0019,-0.0195335381194338));
#8131=CARTESIAN_POINT('',(0.,-0.0019,3.46944695195361E-18));
#8132=CARTESIAN_POINT('',(0.012573,-0.0019,0.00749779073521495));
#8133=CARTESIAN_POINT('',(0.012573,-0.0019,0.00749779073521495));
#8134=CARTESIAN_POINT('',(0.012573,-0.0019,0.00154150151318933));
#8135=CARTESIAN_POINT('',(0.,-0.0019,3.46944695195361E-18));
#8136=CARTESIAN_POINT('',(0.00926920305937529,-0.0554198670144081,0.165460330904007));
#8137=CARTESIAN_POINT('',(-0.0493588822577047,-0.0915731314065315,0.00379658051433006));
#8138=CARTESIAN_POINT('',(0.0863392127660785,0.172295999714642,0.0458377770860184));
#8139=CARTESIAN_POINT('',(0.0323908851301994,0.0233019931184122,0.0471077770860187));
#8140=MECHANICAL_DESIGN_GEOMETRIC_PRESENTATION_REPRESENTATION('',(#4726,
#4727,#4728,#4729,#16,#17,#4730,#4731,#4732,#4733,#4734,#4735,#4736,#18,
#19,#20,#21,#22,#23,#4737,#4738,#4739,#4740,#24,#25,#26,#27,#28,#29),#8141);
#8141=(
GEOMETRIC_REPRESENTATION_CONTEXT(3)
GLOBAL_UNCERTAINTY_ASSIGNED_CONTEXT((#8157))
GLOBAL_UNIT_ASSIGNED_CONTEXT((#8175,#8174,#8173))
REPRESENTATION_CONTEXT('Assembly 1','TOP_LEVEL_ASSEMBLY_PART')
);
#8142=(
GEOMETRIC_REPRESENTATION_CONTEXT(3)
GLOBAL_UNCERTAINTY_ASSIGNED_CONTEXT((#8158))
GLOBAL_UNIT_ASSIGNED_CONTEXT((#8175,#8174,#8173))
REPRESENTATION_CONTEXT('Part 1','COMPONENT_PART')
);
#8143=(
GEOMETRIC_REPRESENTATION_CONTEXT(3)
GLOBAL_UNCERTAINTY_ASSIGNED_CONTEXT((#8159))
GLOBAL_UNIT_ASSIGNED_CONTEXT((#8175,#8174,#8173))
REPRESENTATION_CONTEXT('Part 13','COMPONENT_PART')
);
#8144=(
GEOMETRIC_REPRESENTATION_CONTEXT(3)
GLOBAL_UNCERTAINTY_ASSIGNED_CONTEXT((#8160))
GLOBAL_UNIT_ASSIGNED_CONTEXT((#8175,#8174,#8173))
REPRESENTATION_CONTEXT('Part 8','COMPONENT_PART')
);
#8145=(
GEOMETRIC_REPRESENTATION_CONTEXT(3)
GLOBAL_UNCERTAINTY_ASSIGNED_CONTEXT((#8161))
GLOBAL_UNIT_ASSIGNED_CONTEXT((#8175,#8174,#8173))
REPRESENTATION_CONTEXT('Part 1','COMPONENT_PART')
);
#8146=(
GEOMETRIC_REPRESENTATION_CONTEXT(3)
GLOBAL_UNCERTAINTY_ASSIGNED_CONTEXT((#8162))
GLOBAL_UNIT_ASSIGNED_CONTEXT((#8175,#8174,#8173))
REPRESENTATION_CONTEXT('Part 1','COMPONENT_PART')
);
#8147=(
GEOMETRIC_REPRESENTATION_CONTEXT(3)
GLOBAL_UNCERTAINTY_ASSIGNED_CONTEXT((#8163))
GLOBAL_UNIT_ASSIGNED_CONTEXT((#8175,#8174,#8173))
REPRESENTATION_CONTEXT('Part 6','COMPONENT_PART')
);
#8148=(
GEOMETRIC_REPRESENTATION_CONTEXT(3)
GLOBAL_UNCERTAINTY_ASSIGNED_CONTEXT((#8164))
GLOBAL_UNIT_ASSIGNED_CONTEXT((#8175,#8174,#8173))
REPRESENTATION_CONTEXT('Part 14','COMPONENT_PART')
);
#8149=(
GEOMETRIC_REPRESENTATION_CONTEXT(3)
GLOBAL_UNCERTAINTY_ASSIGNED_CONTEXT((#8165))
GLOBAL_UNIT_ASSIGNED_CONTEXT((#8175,#8174,#8173))
REPRESENTATION_CONTEXT('Part 7','COMPONENT_PART')
);
#8150=(
GEOMETRIC_REPRESENTATION_CONTEXT(3)
GLOBAL_UNCERTAINTY_ASSIGNED_CONTEXT((#8166))
GLOBAL_UNIT_ASSIGNED_CONTEXT((#8175,#8174,#8173))
REPRESENTATION_CONTEXT('Part 11','COMPONENT_PART')
);
#8151=(
GEOMETRIC_REPRESENTATION_CONTEXT(3)
GLOBAL_UNCERTAINTY_ASSIGNED_CONTEXT((#8167))
GLOBAL_UNIT_ASSIGNED_CONTEXT((#8175,#8174,#8173))
REPRESENTATION_CONTEXT('Part 1','COMPONENT_PART')
);
#8152=(
GEOMETRIC_REPRESENTATION_CONTEXT(3)
GLOBAL_UNCERTAINTY_ASSIGNED_CONTEXT((#8168))
GLOBAL_UNIT_ASSIGNED_CONTEXT((#8175,#8174,#8173))
REPRESENTATION_CONTEXT('Part 2','COMPONENT_PART')
);
#8153=(
GEOMETRIC_REPRESENTATION_CONTEXT(3)
GLOBAL_UNCERTAINTY_ASSIGNED_CONTEXT((#8169))
GLOBAL_UNIT_ASSIGNED_CONTEXT((#8175,#8174,#8173))
REPRESENTATION_CONTEXT('Part 12','COMPONENT_PART')
);
#8154=(
GEOMETRIC_REPRESENTATION_CONTEXT(3)
GLOBAL_UNCERTAINTY_ASSIGNED_CONTEXT((#8170))
GLOBAL_UNIT_ASSIGNED_CONTEXT((#8175,#8174,#8173))
REPRESENTATION_CONTEXT('Part 5','COMPONENT_PART')
);
#8155=(
GEOMETRIC_REPRESENTATION_CONTEXT(3)
GLOBAL_UNCERTAINTY_ASSIGNED_CONTEXT((#8171))
GLOBAL_UNIT_ASSIGNED_CONTEXT((#8175,#8174,#8173))
REPRESENTATION_CONTEXT('Part 4','COMPONENT_PART')
);
#8156=(
GEOMETRIC_REPRESENTATION_CONTEXT(3)
GLOBAL_UNCERTAINTY_ASSIGNED_CONTEXT((#8172))
GLOBAL_UNIT_ASSIGNED_CONTEXT((#8175,#8174,#8173))
REPRESENTATION_CONTEXT('Part 1','COMPONENT_PART')
);
#8157=UNCERTAINTY_MEASURE_WITH_UNIT(LENGTH_MEASURE(1.E-8),#8175,
'DISTANCE_ACCURACY_VALUE','Maximum Tolerance applied to model');
#8158=UNCERTAINTY_MEASURE_WITH_UNIT(LENGTH_MEASURE(1.E-8),#8175,
'DISTANCE_ACCURACY_VALUE','Maximum Tolerance applied to model');
#8159=UNCERTAINTY_MEASURE_WITH_UNIT(LENGTH_MEASURE(1.E-8),#8175,
'DISTANCE_ACCURACY_VALUE','Maximum Tolerance applied to model');
#8160=UNCERTAINTY_MEASURE_WITH_UNIT(LENGTH_MEASURE(1.E-8),#8175,
'DISTANCE_ACCURACY_VALUE','Maximum Tolerance applied to model');
#8161=UNCERTAINTY_MEASURE_WITH_UNIT(LENGTH_MEASURE(1.E-8),#8175,
'DISTANCE_ACCURACY_VALUE','Maximum Tolerance applied to model');
#8162=UNCERTAINTY_MEASURE_WITH_UNIT(LENGTH_MEASURE(1.E-8),#8175,
'DISTANCE_ACCURACY_VALUE','Maximum Tolerance applied to model');
#8163=UNCERTAINTY_MEASURE_WITH_UNIT(LENGTH_MEASURE(1.E-8),#8175,
'DISTANCE_ACCURACY_VALUE','Maximum Tolerance applied to model');
#8164=UNCERTAINTY_MEASURE_WITH_UNIT(LENGTH_MEASURE(1.E-8),#8175,
'DISTANCE_ACCURACY_VALUE','Maximum Tolerance applied to model');
#8165=UNCERTAINTY_MEASURE_WITH_UNIT(LENGTH_MEASURE(1.E-8),#8175,
'DISTANCE_ACCURACY_VALUE','Maximum Tolerance applied to model');
#8166=UNCERTAINTY_MEASURE_WITH_UNIT(LENGTH_MEASURE(1.E-8),#8175,
'DISTANCE_ACCURACY_VALUE','Maximum Tolerance applied to model');
#8167=UNCERTAINTY_MEASURE_WITH_UNIT(LENGTH_MEASURE(1.E-8),#8175,
'DISTANCE_ACCURACY_VALUE','Maximum Tolerance applied to model');
#8168=UNCERTAINTY_MEASURE_WITH_UNIT(LENGTH_MEASURE(2.E-5),#8175,
'DISTANCE_ACCURACY_VALUE','Maximum Tolerance applied to model');
#8169=UNCERTAINTY_MEASURE_WITH_UNIT(LENGTH_MEASURE(1.E-8),#8175,
'DISTANCE_ACCURACY_VALUE','Maximum Tolerance applied to model');
#8170=UNCERTAINTY_MEASURE_WITH_UNIT(LENGTH_MEASURE(1.E-8),#8175,
'DISTANCE_ACCURACY_VALUE','Maximum Tolerance applied to model');
#8171=UNCERTAINTY_MEASURE_WITH_UNIT(LENGTH_MEASURE(1.E-8),#8175,
'DISTANCE_ACCURACY_VALUE','Maximum Tolerance applied to model');
#8172=UNCERTAINTY_MEASURE_WITH_UNIT(LENGTH_MEASURE(1.E-8),#8175,
'DISTANCE_ACCURACY_VALUE','Maximum Tolerance applied to model');
#8173=(
NAMED_UNIT(*)
SI_UNIT($,.STERADIAN.)
SOLID_ANGLE_UNIT()
);
#8174=(
NAMED_UNIT(*)
PLANE_ANGLE_UNIT()
SI_UNIT($,.RADIAN.)
);
#8175=(
LENGTH_UNIT()
NAMED_UNIT(*)
SI_UNIT($,.METRE.)
);
#8176=PRODUCT_DEFINITION_SHAPE('','',#8220);
#8177=PRODUCT_DEFINITION_SHAPE('','',#8221);
#8178=PRODUCT_DEFINITION_SHAPE(' ','NAUO PRDDFN',#58);
#8179=PRODUCT_DEFINITION_SHAPE('','',#8222);
#8180=PRODUCT_DEFINITION_SHAPE(' ','NAUO PRDDFN',#59);
#8181=PRODUCT_DEFINITION_SHAPE('','',#8223);
#8182=PRODUCT_DEFINITION_SHAPE(' ','NAUO PRDDFN',#60);
#8183=PRODUCT_DEFINITION_SHAPE('','',#8224);
#8184=PRODUCT_DEFINITION_SHAPE(' ','NAUO PRDDFN',#61);
#8185=PRODUCT_DEFINITION_SHAPE('','',#8225);
#8186=PRODUCT_DEFINITION_SHAPE(' ','NAUO PRDDFN',#62);
#8187=PRODUCT_DEFINITION_SHAPE('','',#8226);
#8188=PRODUCT_DEFINITION_SHAPE(' ','NAUO PRDDFN',#63);
#8189=PRODUCT_DEFINITION_SHAPE(' ','NAUO PRDDFN',#64);
#8190=PRODUCT_DEFINITION_SHAPE(' ','NAUO PRDDFN',#65);
#8191=PRODUCT_DEFINITION_SHAPE(' ','NAUO PRDDFN',#66);
#8192=PRODUCT_DEFINITION_SHAPE('','',#8227);
#8193=PRODUCT_DEFINITION_SHAPE(' ','NAUO PRDDFN',#67);
#8194=PRODUCT_DEFINITION_SHAPE('','',#8228);
#8195=PRODUCT_DEFINITION_SHAPE(' ','NAUO PRDDFN',#68);
#8196=PRODUCT_DEFINITION_SHAPE('','',#8229);
#8197=PRODUCT_DEFINITION_SHAPE(' ','NAUO PRDDFN',#69);
#8198=PRODUCT_DEFINITION_SHAPE(' ','NAUO PRDDFN',#70);
#8199=PRODUCT_DEFINITION_SHAPE('','',#8230);
#8200=PRODUCT_DEFINITION_SHAPE(' ','NAUO PRDDFN',#71);
#8201=PRODUCT_DEFINITION_SHAPE('','',#8231);
#8202=PRODUCT_DEFINITION_SHAPE(' ','NAUO PRDDFN',#72);
#8203=PRODUCT_DEFINITION_SHAPE(' ','NAUO PRDDFN',#73);
#8204=PRODUCT_DEFINITION_SHAPE(' ','NAUO PRDDFN',#74);
#8205=PRODUCT_DEFINITION_SHAPE(' ','NAUO PRDDFN',#75);
#8206=PRODUCT_DEFINITION_SHAPE(' ','NAUO PRDDFN',#76);
#8207=PRODUCT_DEFINITION_SHAPE('','',#8232);
#8208=PRODUCT_DEFINITION_SHAPE(' ','NAUO PRDDFN',#77);
#8209=PRODUCT_DEFINITION_SHAPE('','',#8233);
#8210=PRODUCT_DEFINITION_SHAPE(' ','NAUO PRDDFN',#78);
#8211=PRODUCT_DEFINITION_SHAPE('','',#8234);
#8212=PRODUCT_DEFINITION_SHAPE(' ','NAUO PRDDFN',#79);
#8213=PRODUCT_DEFINITION_SHAPE(' ','NAUO PRDDFN',#80);
#8214=PRODUCT_DEFINITION_SHAPE(' ','NAUO PRDDFN',#81);
#8215=PRODUCT_DEFINITION_SHAPE('','',#8235);
#8216=PRODUCT_DEFINITION_SHAPE(' ','NAUO PRDDFN',#82);
#8217=PRODUCT_DEFINITION_SHAPE(' ','NAUO PRDDFN',#83);
#8218=PRODUCT_DEFINITION_SHAPE(' ','NAUO PRDDFN',#84);
#8219=PRODUCT_DEFINITION_SHAPE(' ','NAUO PRDDFN',#85);
#8220=PRODUCT_DEFINITION('','',#8252,#8236);
#8221=PRODUCT_DEFINITION('','',#8253,#8237);
#8222=PRODUCT_DEFINITION('','',#8254,#8238);
#8223=PRODUCT_DEFINITION('','',#8255,#8239);
#8224=PRODUCT_DEFINITION('','',#8256,#8240);
#8225=PRODUCT_DEFINITION('','',#8257,#8241);
#8226=PRODUCT_DEFINITION('','',#8258,#8242);
#8227=PRODUCT_DEFINITION('','',#8259,#8243);
#8228=PRODUCT_DEFINITION('','',#8260,#8244);
#8229=PRODUCT_DEFINITION('','',#8261,#8245);
#8230=PRODUCT_DEFINITION('','',#8262,#8246);
#8231=PRODUCT_DEFINITION('','',#8263,#8247);
#8232=PRODUCT_DEFINITION('','',#8264,#8248);
#8233=PRODUCT_DEFINITION('','',#8265,#8249);
#8234=PRODUCT_DEFINITION('','',#8266,#8250);
#8235=PRODUCT_DEFINITION('','',#8267,#8251);
#8236=PRODUCT_DEFINITION_CONTEXT('',#8333,'design');
#8237=PRODUCT_DEFINITION_CONTEXT('',#8333,'design');
#8238=PRODUCT_DEFINITION_CONTEXT('',#8333,'design');
#8239=PRODUCT_DEFINITION_CONTEXT('',#8333,'design');
#8240=PRODUCT_DEFINITION_CONTEXT('',#8333,'design');
#8241=PRODUCT_DEFINITION_CONTEXT('',#8333,'design');
#8242=PRODUCT_DEFINITION_CONTEXT('',#8333,'design');
#8243=PRODUCT_DEFINITION_CONTEXT('',#8333,'design');
#8244=PRODUCT_DEFINITION_CONTEXT('',#8333,'design');
#8245=PRODUCT_DEFINITION_CONTEXT('',#8333,'design');
#8246=PRODUCT_DEFINITION_CONTEXT('',#8333,'design');
#8247=PRODUCT_DEFINITION_CONTEXT('',#8333,'design');
#8248=PRODUCT_DEFINITION_CONTEXT('',#8333,'design');
#8249=PRODUCT_DEFINITION_CONTEXT('',#8333,'design');
#8250=PRODUCT_DEFINITION_CONTEXT('',#8333,'design');
#8251=PRODUCT_DEFINITION_CONTEXT('',#8333,'design');
#8252=PRODUCT_DEFINITION_FORMATION_WITH_SPECIFIED_SOURCE('','',#8284,
 .NOT_KNOWN.);
#8253=PRODUCT_DEFINITION_FORMATION_WITH_SPECIFIED_SOURCE('','',#8285,
 .NOT_KNOWN.);
#8254=PRODUCT_DEFINITION_FORMATION_WITH_SPECIFIED_SOURCE('','',#8286,
 .NOT_KNOWN.);
#8255=PRODUCT_DEFINITION_FORMATION_WITH_SPECIFIED_SOURCE('','',#8287,
 .NOT_KNOWN.);
#8256=PRODUCT_DEFINITION_FORMATION_WITH_SPECIFIED_SOURCE('','',#8288,
 .NOT_KNOWN.);
#8257=PRODUCT_DEFINITION_FORMATION_WITH_SPECIFIED_SOURCE('','',#8289,
 .NOT_KNOWN.);
#8258=PRODUCT_DEFINITION_FORMATION_WITH_SPECIFIED_SOURCE('','',#8290,
 .NOT_KNOWN.);
#8259=PRODUCT_DEFINITION_FORMATION_WITH_SPECIFIED_SOURCE('','',#8291,
 .NOT_KNOWN.);
#8260=PRODUCT_DEFINITION_FORMATION_WITH_SPECIFIED_SOURCE('','',#8292,
 .NOT_KNOWN.);
#8261=PRODUCT_DEFINITION_FORMATION_WITH_SPECIFIED_SOURCE('','',#8293,
 .NOT_KNOWN.);
#8262=PRODUCT_DEFINITION_FORMATION_WITH_SPECIFIED_SOURCE('','',#8294,
 .NOT_KNOWN.);
#8263=PRODUCT_DEFINITION_FORMATION_WITH_SPECIFIED_SOURCE('','',#8295,
 .NOT_KNOWN.);
#8264=PRODUCT_DEFINITION_FORMATION_WITH_SPECIFIED_SOURCE('','',#8296,
 .NOT_KNOWN.);
#8265=PRODUCT_DEFINITION_FORMATION_WITH_SPECIFIED_SOURCE('','',#8297,
 .NOT_KNOWN.);
#8266=PRODUCT_DEFINITION_FORMATION_WITH_SPECIFIED_SOURCE('','',#8298,
 .NOT_KNOWN.);
#8267=PRODUCT_DEFINITION_FORMATION_WITH_SPECIFIED_SOURCE('','',#8299,
 .NOT_KNOWN.);
#8268=PRODUCT_RELATED_PRODUCT_CATEGORY('','',(#8284));
#8269=PRODUCT_RELATED_PRODUCT_CATEGORY('','',(#8285));
#8270=PRODUCT_RELATED_PRODUCT_CATEGORY('','',(#8286));
#8271=PRODUCT_RELATED_PRODUCT_CATEGORY('','',(#8287));
#8272=PRODUCT_RELATED_PRODUCT_CATEGORY('','',(#8288));
#8273=PRODUCT_RELATED_PRODUCT_CATEGORY('','',(#8289));
#8274=PRODUCT_RELATED_PRODUCT_CATEGORY('','',(#8290));
#8275=PRODUCT_RELATED_PRODUCT_CATEGORY('','',(#8291));
#8276=PRODUCT_RELATED_PRODUCT_CATEGORY('','',(#8292));
#8277=PRODUCT_RELATED_PRODUCT_CATEGORY('','',(#8293));
#8278=PRODUCT_RELATED_PRODUCT_CATEGORY('','',(#8294));
#8279=PRODUCT_RELATED_PRODUCT_CATEGORY('','',(#8295));
#8280=PRODUCT_RELATED_PRODUCT_CATEGORY('','',(#8296));
#8281=PRODUCT_RELATED_PRODUCT_CATEGORY('','',(#8297));
#8282=PRODUCT_RELATED_PRODUCT_CATEGORY('','',(#8298));
#8283=PRODUCT_RELATED_PRODUCT_CATEGORY('','',(#8299));
#8284=PRODUCT('Assembly 1','Assembly 1','Assembly 1',(#8316));
#8285=PRODUCT('Part 1','Part 1','Part 1',(#8317));
#8286=PRODUCT('Part 13','Part 13','Part 13',(#8318));
#8287=PRODUCT('Part 8','Part 8','Part 8',(#8319));
#8288=PRODUCT('Part 1','Part 1','Part 1',(#8320));
#8289=PRODUCT('Part 1','Part 1','Part 1',(#8321));
#8290=PRODUCT('Part 6','Part 6','Part 6',(#8322));
#8291=PRODUCT('Part 14','Part 14','Part 14',(#8323));
#8292=PRODUCT('Part 7','Part 7','Part 7',(#8324));
#8293=PRODUCT('Part 11','Part 11','Part 11',(#8325));
#8294=PRODUCT('Part 1','Part 1','Part 1',(#8326));
#8295=PRODUCT('Part 2','Part 2','Part 2',(#8327));
#8296=PRODUCT('Part 12','Part 12','Part 12',(#8328));
#8297=PRODUCT('Part 5','Part 5','Part 5',(#8329));
#8298=PRODUCT('Part 4','Part 4','Part 4',(#8330));
#8299=PRODUCT('Part 1','Part 1','Part 1',(#8331));
#8300=PRODUCT_CATEGORY('','');
#8301=PRODUCT_CATEGORY('','');
#8302=PRODUCT_CATEGORY('','');
#8303=PRODUCT_CATEGORY('','');
#8304=PRODUCT_CATEGORY('','');
#8305=PRODUCT_CATEGORY('','');
#8306=PRODUCT_CATEGORY('','');
#8307=PRODUCT_CATEGORY('','');
#8308=PRODUCT_CATEGORY('','');
#8309=PRODUCT_CATEGORY('','');
#8310=PRODUCT_CATEGORY('','');
#8311=PRODUCT_CATEGORY('','');
#8312=PRODUCT_CATEGORY('','');
#8313=PRODUCT_CATEGORY('','');
#8314=PRODUCT_CATEGORY('','');
#8315=PRODUCT_CATEGORY('','');
#8316=PRODUCT_CONTEXT('',#8333,'mechanical');
#8317=PRODUCT_CONTEXT('',#8333,'mechanical');
#8318=PRODUCT_CONTEXT('',#8333,'mechanical');
#8319=PRODUCT_CONTEXT('',#8333,'mechanical');
#8320=PRODUCT_CONTEXT('',#8333,'mechanical');
#8321=PRODUCT_CONTEXT('',#8333,'mechanical');
#8322=PRODUCT_CONTEXT('',#8333,'mechanical');
#8323=PRODUCT_CONTEXT('',#8333,'mechanical');
#8324=PRODUCT_CONTEXT('',#8333,'mechanical');
#8325=PRODUCT_CONTEXT('',#8333,'mechanical');
#8326=PRODUCT_CONTEXT('',#8333,'mechanical');
#8327=PRODUCT_CONTEXT('',#8333,'mechanical');
#8328=PRODUCT_CONTEXT('',#8333,'mechanical');
#8329=PRODUCT_CONTEXT('',#8333,'mechanical');
#8330=PRODUCT_CONTEXT('',#8333,'mechanical');
#8331=PRODUCT_CONTEXT('',#8333,'mechanical');
#8332=APPLICATION_PROTOCOL_DEFINITION('international standard',
'ap242_managed_model_based_3d_engineering',2020,#8333);
#8333=APPLICATION_CONTEXT('managed model based 3d engineering');
ENDSEC;
END-ISO-10303-21;
