ISO-10303-21;
HEADER;
/* Generated by software containing ST-Developer
 * from STEP Tools, Inc. (www.steptools.com) 
 */
/* OPTION: using custom renumber hook */

FILE_DESCRIPTION(
/* description */ ('STEP AP242 Edition 2',
'CAx-IF Rec.Pracs.---Representation and Presentation of Product Manufa
cturing Information (PMI)---4.0---2014-10-13',
'CAx-IF Rec.Pracs.---3D Tessellated Geometry---0.4---2014-09-14','2;1',
'CAx-IF Rec.Pracs.---User Defined Attributes---1.5---2016-08-15'),
/* implementation_level */ '2;1');

FILE_NAME(
/* name */ '6a3f751859c2af487774108c',
/* time_stamp */ '2026-06-27T07:00:41Z',
/* author */ (''),
/* organization */ (''),
/* preprocessor_version */ 'ST-DEVELOPER v20',
/* originating_system */ 'ONSHAPE BY PTC INC, 1.217',
/* authorisation */ '  ');

FILE_SCHEMA (('AP242_MANAGED_MODEL_BASED_3D_ENGINEERING_MIM_LF { 1 0 10303 442 3 1 4 }'));
ENDSEC;

DATA;
#10=B_SPLINE_SURFACE_WITH_KNOTS('',3,1,((#5544,#5545),(#5546,#5547),(#5548,
#5549),(#5550,#5551)),.SURF_OF_LINEAR_EXTRUSION.,.F.,.F.,.F.,(4,4),(2,2),
(0.,1.),(0.,1.),.PIECEWISE_BEZIER_KNOTS.);
#11=B_SPLINE_SURFACE_WITH_KNOTS('',3,1,((#5556,#5557),(#5558,#5559),(#5560,
#5561),(#5562,#5563)),.SURF_OF_LINEAR_EXTRUSION.,.F.,.F.,.F.,(4,4),(2,2),
(0.,1.),(0.,1.),.PIECEWISE_BEZIER_KNOTS.);
#12=OVER_RIDING_STYLED_ITEM('',(#3317),#3269,#3309);
#13=OVER_RIDING_STYLED_ITEM('',(#3318),#3271,#3309);
#14=OVER_RIDING_STYLED_ITEM('',(#3319),#3288,#3309);
#15=OVER_RIDING_STYLED_ITEM('',(#3320),#3289,#3309);
#16=OVER_RIDING_STYLED_ITEM('',(#3321),#3290,#3309);
#17=OVER_RIDING_STYLED_ITEM('',(#3322),#3291,#3309);
#18=B_SPLINE_CURVE_WITH_KNOTS('',2,(#5424,#5425,#5426),.UNSPECIFIED.,.F.,
 .F.,(3,3),(0.,1.),.PIECEWISE_BEZIER_KNOTS.);
#19=B_SPLINE_CURVE_WITH_KNOTS('',2,(#5438,#5439,#5440),.UNSPECIFIED.,.F.,
 .F.,(3,3),(0.,1.),.PIECEWISE_BEZIER_KNOTS.);
#20=B_SPLINE_CURVE_WITH_KNOTS('',2,(#5552,#5553,#5554),.UNSPECIFIED.,.F.,
 .F.,(3,3),(0.,1.),.PIECEWISE_BEZIER_KNOTS.);
#21=B_SPLINE_CURVE_WITH_KNOTS('',2,(#5564,#5565,#5566),.UNSPECIFIED.,.F.,
 .F.,(3,3),(0.,1.),.PIECEWISE_BEZIER_KNOTS.);
#22=CONTEXT_DEPENDENT_SHAPE_REPRESENTATION(#36,#5599);
#23=CONTEXT_DEPENDENT_SHAPE_REPRESENTATION(#37,#5601);
#24=CONTEXT_DEPENDENT_SHAPE_REPRESENTATION(#38,#5603);
#25=CONTEXT_DEPENDENT_SHAPE_REPRESENTATION(#39,#5605);
#26=CONTEXT_DEPENDENT_SHAPE_REPRESENTATION(#40,#5607);
#27=CONTEXT_DEPENDENT_SHAPE_REPRESENTATION(#41,#5609);
#28=CONTEXT_DEPENDENT_SHAPE_REPRESENTATION(#42,#5611);
#29=NEXT_ASSEMBLY_USAGE_OCCURRENCE('NAUO1','Part 4','Part 4',#5612,#5613,
'');
#30=NEXT_ASSEMBLY_USAGE_OCCURRENCE('NAUO2','Part 12','Part 12',#5612,#5614,
'');
#31=NEXT_ASSEMBLY_USAGE_OCCURRENCE('NAUO3','Part 13','Part 13',#5612,#5615,
'');
#32=NEXT_ASSEMBLY_USAGE_OCCURRENCE('NAUO4','Part 11','Part 11',#5612,#5616,
'');
#33=NEXT_ASSEMBLY_USAGE_OCCURRENCE('NAUO5','Part 14','Part 14',#5612,#5617,
'');
#34=NEXT_ASSEMBLY_USAGE_OCCURRENCE('NAUO6','Part 1','Part 1',#5612,#5618,
'');
#35=NEXT_ASSEMBLY_USAGE_OCCURRENCE('NAUO7','Part 2','Part 2',#5612,#5619,
'');
#36=(
REPRESENTATION_RELATIONSHIP(' ',' ',#3406,#3405)
REPRESENTATION_RELATIONSHIP_WITH_TRANSFORMATION(#43)
SHAPE_REPRESENTATION_RELATIONSHIP()
);
#37=(
REPRESENTATION_RELATIONSHIP(' ',' ',#3407,#3405)
REPRESENTATION_RELATIONSHIP_WITH_TRANSFORMATION(#44)
SHAPE_REPRESENTATION_RELATIONSHIP()
);
#38=(
REPRESENTATION_RELATIONSHIP(' ',' ',#3408,#3405)
REPRESENTATION_RELATIONSHIP_WITH_TRANSFORMATION(#45)
SHAPE_REPRESENTATION_RELATIONSHIP()
);
#39=(
REPRESENTATION_RELATIONSHIP(' ',' ',#3409,#3405)
REPRESENTATION_RELATIONSHIP_WITH_TRANSFORMATION(#46)
SHAPE_REPRESENTATION_RELATIONSHIP()
);
#40=(
REPRESENTATION_RELATIONSHIP(' ',' ',#3410,#3405)
REPRESENTATION_RELATIONSHIP_WITH_TRANSFORMATION(#47)
SHAPE_REPRESENTATION_RELATIONSHIP()
);
#41=(
REPRESENTATION_RELATIONSHIP(' ',' ',#3411,#3405)
REPRESENTATION_RELATIONSHIP_WITH_TRANSFORMATION(#48)
SHAPE_REPRESENTATION_RELATIONSHIP()
);
#42=(
REPRESENTATION_RELATIONSHIP(' ',' ',#3412,#3405)
REPRESENTATION_RELATIONSHIP_WITH_TRANSFORMATION(#49)
SHAPE_REPRESENTATION_RELATIONSHIP()
);
#43=ITEM_DEFINED_TRANSFORMATION(' ',' ',#3413,#3549);
#44=ITEM_DEFINED_TRANSFORMATION(' ',' ',#3413,#3572);
#45=ITEM_DEFINED_TRANSFORMATION(' ',' ',#3413,#3595);
#46=ITEM_DEFINED_TRANSFORMATION(' ',' ',#3413,#3618);
#47=ITEM_DEFINED_TRANSFORMATION(' ',' ',#3413,#3641);
#48=ITEM_DEFINED_TRANSFORMATION(' ',' ',#3413,#3688);
#49=ITEM_DEFINED_TRANSFORMATION(' ',' ',#3413,#3741);
#50=SHAPE_REPRESENTATION_RELATIONSHIP('','',#3406,#57);
#51=SHAPE_REPRESENTATION_RELATIONSHIP('','',#3407,#58);
#52=SHAPE_REPRESENTATION_RELATIONSHIP('','',#3408,#59);
#53=SHAPE_REPRESENTATION_RELATIONSHIP('','',#3409,#60);
#54=SHAPE_REPRESENTATION_RELATIONSHIP('','',#3410,#61);
#55=SHAPE_REPRESENTATION_RELATIONSHIP('','',#3411,#62);
#56=SHAPE_REPRESENTATION_RELATIONSHIP('','',#3412,#63);
#57=ADVANCED_BREP_SHAPE_REPRESENTATION('',(#3390),#5579);
#58=ADVANCED_BREP_SHAPE_REPRESENTATION('',(#3391),#5580);
#59=ADVANCED_BREP_SHAPE_REPRESENTATION('',(#3392),#5581);
#60=ADVANCED_BREP_SHAPE_REPRESENTATION('',(#3393),#5582);
#61=ADVANCED_BREP_SHAPE_REPRESENTATION('',(#3394),#5583);
#62=ADVANCED_BREP_SHAPE_REPRESENTATION('',(#3395),#5584);
#63=ADVANCED_BREP_SHAPE_REPRESENTATION('',(#3396),#5585);
#64=CYLINDRICAL_SURFACE('',#3501,0.00858494342779874);
#65=CYLINDRICAL_SURFACE('',#3503,0.0085849434277987);
#66=CYLINDRICAL_SURFACE('',#3504,0.00858494342779873);
#67=CYLINDRICAL_SURFACE('',#3506,0.001524);
#68=CYLINDRICAL_SURFACE('',#3507,0.001524);
#69=CYLINDRICAL_SURFACE('',#3508,0.00858494342779873);
#70=CYLINDRICAL_SURFACE('',#3509,0.001524);
#71=CYLINDRICAL_SURFACE('',#3510,0.001524);
#72=CYLINDRICAL_SURFACE('',#3511,0.0060449434277987);
#73=CYLINDRICAL_SURFACE('',#3512,0.00604494342779873);
#74=CYLINDRICAL_SURFACE('',#3513,0.00604494342779873);
#75=CYLINDRICAL_SURFACE('',#3514,0.00604494342779873);
#76=CYLINDRICAL_SURFACE('',#3515,0.00604494342779873);
#77=CYLINDRICAL_SURFACE('',#3517,0.0060449434277987);
#78=CYLINDRICAL_SURFACE('',#3518,0.00604494342779873);
#79=CYLINDRICAL_SURFACE('',#3520,0.004064);
#80=CYLINDRICAL_SURFACE('',#3521,0.004064);
#81=CYLINDRICAL_SURFACE('',#3522,0.00604494342779873);
#82=CYLINDRICAL_SURFACE('',#3523,0.004064);
#83=CYLINDRICAL_SURFACE('',#3524,0.004064);
#84=CYLINDRICAL_SURFACE('',#3529,0.00406410002129516);
#85=CYLINDRICAL_SURFACE('',#3530,0.00406410002129516);
#86=CYLINDRICAL_SURFACE('',#3531,0.00406410002129516);
#87=CYLINDRICAL_SURFACE('',#3532,0.00406410002129516);
#88=CYLINDRICAL_SURFACE('',#3533,0.003);
#89=CYLINDRICAL_SURFACE('',#3534,0.003);
#90=CYLINDRICAL_SURFACE('',#3535,0.003);
#91=CYLINDRICAL_SURFACE('',#3536,0.003);
#92=CYLINDRICAL_SURFACE('',#3537,0.003);
#93=CYLINDRICAL_SURFACE('',#3538,0.003);
#94=CYLINDRICAL_SURFACE('',#3539,0.003);
#95=CYLINDRICAL_SURFACE('',#3540,0.003);
#96=CYLINDRICAL_SURFACE('',#3541,0.003);
#97=CYLINDRICAL_SURFACE('',#3542,0.003);
#98=CYLINDRICAL_SURFACE('',#3543,0.003);
#99=CYLINDRICAL_SURFACE('',#3544,0.003);
#100=CYLINDRICAL_SURFACE('',#3545,0.003);
#101=CYLINDRICAL_SURFACE('',#3546,0.003);
#102=CYLINDRICAL_SURFACE('',#3547,0.003);
#103=CYLINDRICAL_SURFACE('',#3548,0.003);
#104=CYLINDRICAL_SURFACE('',#3568,0.003);
#105=CYLINDRICAL_SURFACE('',#3569,0.003);
#106=CYLINDRICAL_SURFACE('',#3570,0.003);
#107=CYLINDRICAL_SURFACE('',#3571,0.003);
#108=CYLINDRICAL_SURFACE('',#3591,0.003);
#109=CYLINDRICAL_SURFACE('',#3592,0.003);
#110=CYLINDRICAL_SURFACE('',#3593,0.003);
#111=CYLINDRICAL_SURFACE('',#3594,0.003);
#112=CYLINDRICAL_SURFACE('',#3614,0.003);
#113=CYLINDRICAL_SURFACE('',#3615,0.003);
#114=CYLINDRICAL_SURFACE('',#3616,0.003);
#115=CYLINDRICAL_SURFACE('',#3617,0.003);
#116=CYLINDRICAL_SURFACE('',#3637,0.003);
#117=CYLINDRICAL_SURFACE('',#3638,0.003);
#118=CYLINDRICAL_SURFACE('',#3639,0.003);
#119=CYLINDRICAL_SURFACE('',#3640,0.003);
#120=CYLINDRICAL_SURFACE('',#3661,0.00858494342779874);
#121=CYLINDRICAL_SURFACE('',#3663,0.0085849434277987);
#122=CYLINDRICAL_SURFACE('',#3665,0.00858494342779873);
#123=CYLINDRICAL_SURFACE('',#3667,0.00858494342779873);
#124=CYLINDRICAL_SURFACE('',#3684,0.001524);
#125=CYLINDRICAL_SURFACE('',#3685,0.001524);
#126=CYLINDRICAL_SURFACE('',#3686,0.001524);
#127=CYLINDRICAL_SURFACE('',#3687,0.001524);
#128=CYLINDRICAL_SURFACE('',#3712,0.00858494342779874);
#129=CYLINDRICAL_SURFACE('',#3715,0.0085849434277987);
#130=CYLINDRICAL_SURFACE('',#3718,0.00858494342779873);
#131=CYLINDRICAL_SURFACE('',#3720,0.00858494342779873);
#132=CYLINDRICAL_SURFACE('',#3725,0.001524);
#133=CYLINDRICAL_SURFACE('',#3727,0.001524);
#134=CYLINDRICAL_SURFACE('',#3729,0.001524);
#135=CYLINDRICAL_SURFACE('',#3730,0.001524);
#136=CYLINDRICAL_SURFACE('',#3731,0.00254);
#137=CYLINDRICAL_SURFACE('',#3732,0.00254);
#138=CYLINDRICAL_SURFACE('',#3733,0.00254);
#139=CYLINDRICAL_SURFACE('',#3734,0.00254);
#140=LINE('',#4676,#396);
#141=LINE('',#4681,#397);
#142=LINE('',#4685,#398);
#143=LINE('',#4689,#399);
#144=LINE('',#4698,#400);
#145=LINE('',#4701,#401);
#146=LINE('',#4703,#402);
#147=LINE('',#4705,#403);
#148=LINE('',#4742,#404);
#149=LINE('',#4750,#405);
#150=LINE('',#4758,#406);
#151=LINE('',#4766,#407);
#152=LINE('',#4771,#408);
#153=LINE('',#4774,#409);
#154=LINE('',#4776,#410);
#155=LINE('',#4778,#411);
#156=LINE('',#4800,#412);
#157=LINE('',#4803,#413);
#158=LINE('',#4804,#414);
#159=LINE('',#4806,#415);
#160=LINE('',#4809,#416);
#161=LINE('',#4810,#417);
#162=LINE('',#4816,#418);
#163=LINE('',#4819,#419);
#164=LINE('',#4820,#420);
#165=LINE('',#4828,#421);
#166=LINE('',#4831,#422);
#167=LINE('',#4832,#423);
#168=LINE('',#4844,#424);
#169=LINE('',#4849,#425);
#170=LINE('',#4860,#426);
#171=LINE('',#4873,#427);
#172=LINE('',#4881,#428);
#173=LINE('',#4883,#429);
#174=LINE('',#4886,#430);
#175=LINE('',#4888,#431);
#176=LINE('',#4895,#432);
#177=LINE('',#4897,#433);
#178=LINE('',#4898,#434);
#179=LINE('',#4900,#435);
#180=LINE('',#4901,#436);
#181=LINE('',#4903,#437);
#182=LINE('',#4905,#438);
#183=LINE('',#4907,#439);
#184=LINE('',#4909,#440);
#185=LINE('',#4911,#441);
#186=LINE('',#4913,#442);
#187=LINE('',#4917,#443);
#188=LINE('',#4921,#444);
#189=LINE('',#4922,#445);
#190=LINE('',#4924,#446);
#191=LINE('',#4926,#447);
#192=LINE('',#4954,#448);
#193=LINE('',#4957,#449);
#194=LINE('',#4959,#450);
#195=LINE('',#4961,#451);
#196=LINE('',#4963,#452);
#197=LINE('',#4966,#453);
#198=LINE('',#4968,#454);
#199=LINE('',#4970,#455);
#200=LINE('',#4972,#456);
#201=LINE('',#4974,#457);
#202=LINE('',#4975,#458);
#203=LINE('',#4977,#459);
#204=LINE('',#4980,#460);
#205=LINE('',#4981,#461);
#206=LINE('',#4983,#462);
#207=LINE('',#4985,#463);
#208=LINE('',#4987,#464);
#209=LINE('',#4989,#465);
#210=LINE('',#4991,#466);
#211=LINE('',#4993,#467);
#212=LINE('',#4994,#468);
#213=LINE('',#5000,#469);
#214=LINE('',#5011,#470);
#215=LINE('',#5013,#471);
#216=LINE('',#5025,#472);
#217=LINE('',#5028,#473);
#218=LINE('',#5030,#474);
#219=LINE('',#5032,#475);
#220=LINE('',#5034,#476);
#221=LINE('',#5037,#477);
#222=LINE('',#5039,#478);
#223=LINE('',#5041,#479);
#224=LINE('',#5043,#480);
#225=LINE('',#5045,#481);
#226=LINE('',#5046,#482);
#227=LINE('',#5048,#483);
#228=LINE('',#5051,#484);
#229=LINE('',#5052,#485);
#230=LINE('',#5054,#486);
#231=LINE('',#5056,#487);
#232=LINE('',#5058,#488);
#233=LINE('',#5060,#489);
#234=LINE('',#5062,#490);
#235=LINE('',#5064,#491);
#236=LINE('',#5065,#492);
#237=LINE('',#5071,#493);
#238=LINE('',#5082,#494);
#239=LINE('',#5084,#495);
#240=LINE('',#5096,#496);
#241=LINE('',#5099,#497);
#242=LINE('',#5101,#498);
#243=LINE('',#5103,#499);
#244=LINE('',#5105,#500);
#245=LINE('',#5108,#501);
#246=LINE('',#5109,#502);
#247=LINE('',#5111,#503);
#248=LINE('',#5113,#504);
#249=LINE('',#5115,#505);
#250=LINE('',#5117,#506);
#251=LINE('',#5119,#507);
#252=LINE('',#5121,#508);
#253=LINE('',#5123,#509);
#254=LINE('',#5125,#510);
#255=LINE('',#5127,#511);
#256=LINE('',#5129,#512);
#257=LINE('',#5132,#513);
#258=LINE('',#5134,#514);
#259=LINE('',#5135,#515);
#260=LINE('',#5136,#516);
#261=LINE('',#5142,#517);
#262=LINE('',#5153,#518);
#263=LINE('',#5155,#519);
#264=LINE('',#5167,#520);
#265=LINE('',#5170,#521);
#266=LINE('',#5172,#522);
#267=LINE('',#5174,#523);
#268=LINE('',#5176,#524);
#269=LINE('',#5179,#525);
#270=LINE('',#5180,#526);
#271=LINE('',#5182,#527);
#272=LINE('',#5184,#528);
#273=LINE('',#5186,#529);
#274=LINE('',#5188,#530);
#275=LINE('',#5190,#531);
#276=LINE('',#5192,#532);
#277=LINE('',#5194,#533);
#278=LINE('',#5196,#534);
#279=LINE('',#5198,#535);
#280=LINE('',#5200,#536);
#281=LINE('',#5203,#537);
#282=LINE('',#5205,#538);
#283=LINE('',#5206,#539);
#284=LINE('',#5207,#540);
#285=LINE('',#5213,#541);
#286=LINE('',#5224,#542);
#287=LINE('',#5226,#543);
#288=LINE('',#5240,#544);
#289=LINE('',#5243,#545);
#290=LINE('',#5245,#546);
#291=LINE('',#5247,#547);
#292=LINE('',#5248,#548);
#293=LINE('',#5253,#549);
#294=LINE('',#5257,#550);
#295=LINE('',#5261,#551);
#296=LINE('',#5264,#552);
#297=LINE('',#5267,#553);
#298=LINE('',#5269,#554);
#299=LINE('',#5271,#555);
#300=LINE('',#5272,#556);
#301=LINE('',#5275,#557);
#302=LINE('',#5277,#558);
#303=LINE('',#5279,#559);
#304=LINE('',#5280,#560);
#305=LINE('',#5283,#561);
#306=LINE('',#5285,#562);
#307=LINE('',#5287,#563);
#308=LINE('',#5295,#564);
#309=LINE('',#5298,#565);
#310=LINE('',#5300,#566);
#311=LINE('',#5302,#567);
#312=LINE('',#5303,#568);
#313=LINE('',#5306,#569);
#314=LINE('',#5308,#570);
#315=LINE('',#5310,#571);
#316=LINE('',#5311,#572);
#317=LINE('',#5314,#573);
#318=LINE('',#5316,#574);
#319=LINE('',#5318,#575);
#320=LINE('',#5319,#576);
#321=LINE('',#5324,#577);
#322=LINE('',#5328,#578);
#323=LINE('',#5332,#579);
#324=LINE('',#5335,#580);
#325=LINE('',#5338,#581);
#326=LINE('',#5340,#582);
#327=LINE('',#5342,#583);
#328=LINE('',#5348,#584);
#329=LINE('',#5349,#585);
#330=LINE('',#5351,#586);
#331=LINE('',#5353,#587);
#332=LINE('',#5355,#588);
#333=LINE('',#5357,#589);
#334=LINE('',#5359,#590);
#335=LINE('',#5361,#591);
#336=LINE('',#5364,#592);
#337=LINE('',#5365,#593);
#338=LINE('',#5367,#594);
#339=LINE('',#5369,#595);
#340=LINE('',#5372,#596);
#341=LINE('',#5373,#597);
#342=LINE('',#5375,#598);
#343=LINE('',#5377,#599);
#344=LINE('',#5380,#600);
#345=LINE('',#5381,#601);
#346=LINE('',#5383,#602);
#347=LINE('',#5385,#603);
#348=LINE('',#5388,#604);
#349=LINE('',#5389,#605);
#350=LINE('',#5391,#606);
#351=LINE('',#5393,#607);
#352=LINE('',#5405,#608);
#353=LINE('',#5408,#609);
#354=LINE('',#5410,#610);
#355=LINE('',#5412,#611);
#356=LINE('',#5421,#612);
#357=LINE('',#5428,#613);
#358=LINE('',#5432,#614);
#359=LINE('',#5436,#615);
#360=LINE('',#5441,#616);
#361=LINE('',#5444,#617);
#362=LINE('',#5446,#618);
#363=LINE('',#5448,#619);
#364=LINE('',#5458,#620);
#365=LINE('',#5461,#621);
#366=LINE('',#5463,#622);
#367=LINE('',#5465,#623);
#368=LINE('',#5466,#624);
#369=LINE('',#5471,#625);
#370=LINE('',#5475,#626);
#371=LINE('',#5479,#627);
#372=LINE('',#5490,#628);
#373=LINE('',#5493,#629);
#374=LINE('',#5495,#630);
#375=LINE('',#5497,#631);
#376=LINE('',#5499,#632);
#377=LINE('',#5500,#633);
#378=LINE('',#5502,#634);
#379=LINE('',#5503,#635);
#380=LINE('',#5507,#636);
#381=LINE('',#5509,#637);
#382=LINE('',#5511,#638);
#383=LINE('',#5512,#639);
#384=LINE('',#5516,#640);
#385=LINE('',#5518,#641);
#386=LINE('',#5520,#642);
#387=LINE('',#5522,#643);
#388=LINE('',#5525,#644);
#389=LINE('',#5526,#645);
#390=LINE('',#5528,#646);
#391=LINE('',#5530,#647);
#392=LINE('',#5569,#648);
#393=LINE('',#5570,#649);
#394=LINE('',#5572,#650);
#395=LINE('',#5574,#651);
#396=VECTOR('',#3764,1.);
#397=VECTOR('',#3767,1.);
#398=VECTOR('',#3770,1.);
#399=VECTOR('',#3773,1.);
#400=VECTOR('',#3782,1.);
#401=VECTOR('',#3783,1.);
#402=VECTOR('',#3784,1.);
#403=VECTOR('',#3785,1.);
#404=VECTOR('',#3822,1.);
#405=VECTOR('',#3829,1.);
#406=VECTOR('',#3836,1.);
#407=VECTOR('',#3843,1.);
#408=VECTOR('',#3848,1.);
#409=VECTOR('',#3849,1.);
#410=VECTOR('',#3850,1.);
#411=VECTOR('',#3851,1.);
#412=VECTOR('',#3874,1.);
#413=VECTOR('',#3875,1.);
#414=VECTOR('',#3876,1.);
#415=VECTOR('',#3879,1.);
#416=VECTOR('',#3880,1.);
#417=VECTOR('',#3881,1.);
#418=VECTOR('',#3888,1.);
#419=VECTOR('',#3889,1.);
#420=VECTOR('',#3890,1.);
#421=VECTOR('',#3899,1.);
#422=VECTOR('',#3900,1.);
#423=VECTOR('',#3901,1.);
#424=VECTOR('',#3914,1.);
#425=VECTOR('',#3919,1.);
#426=VECTOR('',#3930,1.);
#427=VECTOR('',#3943,1.);
#428=VECTOR('',#3952,1.);
#429=VECTOR('',#3955,1.);
#430=VECTOR('',#3960,1.);
#431=VECTOR('',#3963,1.);
#432=VECTOR('',#3976,1.);
#433=VECTOR('',#3979,1.);
#434=VECTOR('',#3980,1.);
#435=VECTOR('',#3983,1.);
#436=VECTOR('',#3984,1.);
#437=VECTOR('',#3987,1.);
#438=VECTOR('',#3990,1.);
#439=VECTOR('',#3993,1.);
#440=VECTOR('',#3996,1.);
#441=VECTOR('',#3999,1.);
#442=VECTOR('',#4002,1.);
#443=VECTOR('',#4009,1.);
#444=VECTOR('',#4016,1.);
#445=VECTOR('',#4017,1.);
#446=VECTOR('',#4020,1.);
#447=VECTOR('',#4023,1.);
#448=VECTOR('',#4074,1.);
#449=VECTOR('',#4075,1.);
#450=VECTOR('',#4076,1.);
#451=VECTOR('',#4077,1.);
#452=VECTOR('',#4080,1.);
#453=VECTOR('',#4081,1.);
#454=VECTOR('',#4082,1.);
#455=VECTOR('',#4083,1.);
#456=VECTOR('',#4084,1.);
#457=VECTOR('',#4085,1.);
#458=VECTOR('',#4086,1.);
#459=VECTOR('',#4089,1.);
#460=VECTOR('',#4090,1.);
#461=VECTOR('',#4091,1.);
#462=VECTOR('',#4092,1.);
#463=VECTOR('',#4093,1.);
#464=VECTOR('',#4094,1.);
#465=VECTOR('',#4095,1.);
#466=VECTOR('',#4098,1.);
#467=VECTOR('',#4101,1.);
#468=VECTOR('',#4102,1.);
#469=VECTOR('',#4109,1.);
#470=VECTOR('',#4122,1.);
#471=VECTOR('',#4125,1.);
#472=VECTOR('',#4144,1.);
#473=VECTOR('',#4145,1.);
#474=VECTOR('',#4146,1.);
#475=VECTOR('',#4147,1.);
#476=VECTOR('',#4150,1.);
#477=VECTOR('',#4151,1.);
#478=VECTOR('',#4152,1.);
#479=VECTOR('',#4153,1.);
#480=VECTOR('',#4154,1.);
#481=VECTOR('',#4155,1.);
#482=VECTOR('',#4156,1.);
#483=VECTOR('',#4159,1.);
#484=VECTOR('',#4160,1.);
#485=VECTOR('',#4161,1.);
#486=VECTOR('',#4162,1.);
#487=VECTOR('',#4163,1.);
#488=VECTOR('',#4164,1.);
#489=VECTOR('',#4165,1.);
#490=VECTOR('',#4168,1.);
#491=VECTOR('',#4171,1.);
#492=VECTOR('',#4172,1.);
#493=VECTOR('',#4179,1.);
#494=VECTOR('',#4192,1.);
#495=VECTOR('',#4195,1.);
#496=VECTOR('',#4214,1.);
#497=VECTOR('',#4215,1.);
#498=VECTOR('',#4216,1.);
#499=VECTOR('',#4217,1.);
#500=VECTOR('',#4220,1.);
#501=VECTOR('',#4221,1.);
#502=VECTOR('',#4222,1.);
#503=VECTOR('',#4223,1.);
#504=VECTOR('',#4224,1.);
#505=VECTOR('',#4225,1.);
#506=VECTOR('',#4226,1.);
#507=VECTOR('',#4229,1.);
#508=VECTOR('',#4230,1.);
#509=VECTOR('',#4231,1.);
#510=VECTOR('',#4234,1.);
#511=VECTOR('',#4235,1.);
#512=VECTOR('',#4238,1.);
#513=VECTOR('',#4239,1.);
#514=VECTOR('',#4240,1.);
#515=VECTOR('',#4241,1.);
#516=VECTOR('',#4242,1.);
#517=VECTOR('',#4249,1.);
#518=VECTOR('',#4262,1.);
#519=VECTOR('',#4265,1.);
#520=VECTOR('',#4284,1.);
#521=VECTOR('',#4285,1.);
#522=VECTOR('',#4286,1.);
#523=VECTOR('',#4287,1.);
#524=VECTOR('',#4290,1.);
#525=VECTOR('',#4291,1.);
#526=VECTOR('',#4292,1.);
#527=VECTOR('',#4293,1.);
#528=VECTOR('',#4294,1.);
#529=VECTOR('',#4295,1.);
#530=VECTOR('',#4296,1.);
#531=VECTOR('',#4299,1.);
#532=VECTOR('',#4300,1.);
#533=VECTOR('',#4301,1.);
#534=VECTOR('',#4304,1.);
#535=VECTOR('',#4305,1.);
#536=VECTOR('',#4308,1.);
#537=VECTOR('',#4309,1.);
#538=VECTOR('',#4310,1.);
#539=VECTOR('',#4311,1.);
#540=VECTOR('',#4312,1.);
#541=VECTOR('',#4319,1.);
#542=VECTOR('',#4332,1.);
#543=VECTOR('',#4335,1.);
#544=VECTOR('',#4356,1.);
#545=VECTOR('',#4357,1.);
#546=VECTOR('',#4358,1.);
#547=VECTOR('',#4359,1.);
#548=VECTOR('',#4360,1.);
#549=VECTOR('',#4363,1.);
#550=VECTOR('',#4366,1.);
#551=VECTOR('',#4369,1.);
#552=VECTOR('',#4372,1.);
#553=VECTOR('',#4373,1.);
#554=VECTOR('',#4374,1.);
#555=VECTOR('',#4375,1.);
#556=VECTOR('',#4376,1.);
#557=VECTOR('',#4377,1.);
#558=VECTOR('',#4378,1.);
#559=VECTOR('',#4379,1.);
#560=VECTOR('',#4380,1.);
#561=VECTOR('',#4381,1.);
#562=VECTOR('',#4382,1.);
#563=VECTOR('',#4383,1.);
#564=VECTOR('',#4392,1.);
#565=VECTOR('',#4393,1.);
#566=VECTOR('',#4394,1.);
#567=VECTOR('',#4395,1.);
#568=VECTOR('',#4396,1.);
#569=VECTOR('',#4397,1.);
#570=VECTOR('',#4398,1.);
#571=VECTOR('',#4399,1.);
#572=VECTOR('',#4400,1.);
#573=VECTOR('',#4401,1.);
#574=VECTOR('',#4402,1.);
#575=VECTOR('',#4403,1.);
#576=VECTOR('',#4404,1.);
#577=VECTOR('',#4407,1.);
#578=VECTOR('',#4410,1.);
#579=VECTOR('',#4413,1.);
#580=VECTOR('',#4416,1.);
#581=VECTOR('',#4417,1.);
#582=VECTOR('',#4418,1.);
#583=VECTOR('',#4419,1.);
#584=VECTOR('',#4426,1.);
#585=VECTOR('',#4427,1.);
#586=VECTOR('',#4430,1.);
#587=VECTOR('',#4433,1.);
#588=VECTOR('',#4436,1.);
#589=VECTOR('',#4439,1.);
#590=VECTOR('',#4442,1.);
#591=VECTOR('',#4445,1.);
#592=VECTOR('',#4450,1.);
#593=VECTOR('',#4451,1.);
#594=VECTOR('',#4454,1.);
#595=VECTOR('',#4457,1.);
#596=VECTOR('',#4462,1.);
#597=VECTOR('',#4463,1.);
#598=VECTOR('',#4466,1.);
#599=VECTOR('',#4469,1.);
#600=VECTOR('',#4474,1.);
#601=VECTOR('',#4475,1.);
#602=VECTOR('',#4478,1.);
#603=VECTOR('',#4481,1.);
#604=VECTOR('',#4486,1.);
#605=VECTOR('',#4487,1.);
#606=VECTOR('',#4490,1.);
#607=VECTOR('',#4493,1.);
#608=VECTOR('',#4512,1.);
#609=VECTOR('',#4513,1.);
#610=VECTOR('',#4514,1.);
#611=VECTOR('',#4515,1.);
#612=VECTOR('',#4524,1.);
#613=VECTOR('',#4525,1.);
#614=VECTOR('',#4528,1.);
#615=VECTOR('',#4531,1.);
#616=VECTOR('',#4532,1.);
#617=VECTOR('',#4533,1.);
#618=VECTOR('',#4534,1.);
#619=VECTOR('',#4535,1.);
#620=VECTOR('',#4546,1.);
#621=VECTOR('',#4547,1.);
#622=VECTOR('',#4548,1.);
#623=VECTOR('',#4549,1.);
#624=VECTOR('',#4550,1.);
#625=VECTOR('',#4553,1.);
#626=VECTOR('',#4556,1.);
#627=VECTOR('',#4559,1.);
#628=VECTOR('',#4570,1.);
#629=VECTOR('',#4571,1.);
#630=VECTOR('',#4572,1.);
#631=VECTOR('',#4573,1.);
#632=VECTOR('',#4576,1.);
#633=VECTOR('',#4577,1.);
#634=VECTOR('',#4580,1.);
#635=VECTOR('',#4581,1.);
#636=VECTOR('',#4584,1.);
#637=VECTOR('',#4587,1.);
#638=VECTOR('',#4590,1.);
#639=VECTOR('',#4591,1.);
#640=VECTOR('',#4594,1.);
#641=VECTOR('',#4597,1.);
#642=VECTOR('',#4600,1.);
#643=VECTOR('',#4603,1.);
#644=VECTOR('',#4608,1.);
#645=VECTOR('',#4609,1.);
#646=VECTOR('',#4612,1.);
#647=VECTOR('',#4615,1.);
#648=VECTOR('',#4644,1.);
#649=VECTOR('',#4645,1.);
#650=VECTOR('',#4648,1.);
#651=VECTOR('',#4651,1.);
#652=ORIENTED_EDGE('',*,*,#1476,.T.);
#653=ORIENTED_EDGE('',*,*,#1477,.T.);
#654=ORIENTED_EDGE('',*,*,#1478,.T.);
#655=ORIENTED_EDGE('',*,*,#1479,.T.);
#656=ORIENTED_EDGE('',*,*,#1480,.T.);
#657=ORIENTED_EDGE('',*,*,#1481,.T.);
#658=ORIENTED_EDGE('',*,*,#1482,.T.);
#659=ORIENTED_EDGE('',*,*,#1483,.T.);
#660=ORIENTED_EDGE('',*,*,#1484,.T.);
#661=ORIENTED_EDGE('',*,*,#1485,.F.);
#662=ORIENTED_EDGE('',*,*,#1486,.T.);
#663=ORIENTED_EDGE('',*,*,#1487,.T.);
#664=ORIENTED_EDGE('',*,*,#1488,.T.);
#665=ORIENTED_EDGE('',*,*,#1489,.T.);
#666=ORIENTED_EDGE('',*,*,#1490,.T.);
#667=ORIENTED_EDGE('',*,*,#1491,.F.);
#668=ORIENTED_EDGE('',*,*,#1492,.T.);
#669=ORIENTED_EDGE('',*,*,#1493,.F.);
#670=ORIENTED_EDGE('',*,*,#1494,.F.);
#671=ORIENTED_EDGE('',*,*,#1495,.T.);
#672=ORIENTED_EDGE('',*,*,#1496,.F.);
#673=ORIENTED_EDGE('',*,*,#1497,.T.);
#674=ORIENTED_EDGE('',*,*,#1498,.T.);
#675=ORIENTED_EDGE('',*,*,#1499,.F.);
#676=ORIENTED_EDGE('',*,*,#1500,.F.);
#677=ORIENTED_EDGE('',*,*,#1501,.F.);
#678=ORIENTED_EDGE('',*,*,#1502,.F.);
#679=ORIENTED_EDGE('',*,*,#1503,.F.);
#680=ORIENTED_EDGE('',*,*,#1504,.F.);
#681=ORIENTED_EDGE('',*,*,#1505,.F.);
#682=ORIENTED_EDGE('',*,*,#1506,.F.);
#683=ORIENTED_EDGE('',*,*,#1507,.F.);
#684=ORIENTED_EDGE('',*,*,#1508,.T.);
#685=ORIENTED_EDGE('',*,*,#1509,.T.);
#686=ORIENTED_EDGE('',*,*,#1510,.F.);
#687=ORIENTED_EDGE('',*,*,#1511,.F.);
#688=ORIENTED_EDGE('',*,*,#1512,.T.);
#689=ORIENTED_EDGE('',*,*,#1513,.T.);
#690=ORIENTED_EDGE('',*,*,#1514,.F.);
#691=ORIENTED_EDGE('',*,*,#1515,.F.);
#692=ORIENTED_EDGE('',*,*,#1516,.F.);
#693=ORIENTED_EDGE('',*,*,#1517,.T.);
#694=ORIENTED_EDGE('',*,*,#1518,.F.);
#695=ORIENTED_EDGE('',*,*,#1519,.T.);
#696=ORIENTED_EDGE('',*,*,#1520,.F.);
#697=ORIENTED_EDGE('',*,*,#1521,.F.);
#698=ORIENTED_EDGE('',*,*,#1522,.F.);
#699=ORIENTED_EDGE('',*,*,#1523,.F.);
#700=ORIENTED_EDGE('',*,*,#1524,.F.);
#701=ORIENTED_EDGE('',*,*,#1525,.F.);
#702=ORIENTED_EDGE('',*,*,#1526,.F.);
#703=ORIENTED_EDGE('',*,*,#1527,.T.);
#704=ORIENTED_EDGE('',*,*,#1528,.F.);
#705=ORIENTED_EDGE('',*,*,#1529,.T.);
#706=ORIENTED_EDGE('',*,*,#1530,.F.);
#707=ORIENTED_EDGE('',*,*,#1531,.F.);
#708=ORIENTED_EDGE('',*,*,#1532,.F.);
#709=ORIENTED_EDGE('',*,*,#1533,.T.);
#710=ORIENTED_EDGE('',*,*,#1534,.T.);
#711=ORIENTED_EDGE('',*,*,#1535,.F.);
#712=ORIENTED_EDGE('',*,*,#1536,.T.);
#713=ORIENTED_EDGE('',*,*,#1537,.T.);
#714=ORIENTED_EDGE('',*,*,#1538,.F.);
#715=ORIENTED_EDGE('',*,*,#1539,.F.);
#716=ORIENTED_EDGE('',*,*,#1540,.F.);
#717=ORIENTED_EDGE('',*,*,#1541,.F.);
#718=ORIENTED_EDGE('',*,*,#1542,.T.);
#719=ORIENTED_EDGE('',*,*,#1543,.T.);
#720=ORIENTED_EDGE('',*,*,#1544,.F.);
#721=ORIENTED_EDGE('',*,*,#1545,.T.);
#722=ORIENTED_EDGE('',*,*,#1546,.F.);
#723=ORIENTED_EDGE('',*,*,#1547,.F.);
#724=ORIENTED_EDGE('',*,*,#1485,.T.);
#725=ORIENTED_EDGE('',*,*,#1548,.T.);
#726=ORIENTED_EDGE('',*,*,#1549,.T.);
#727=ORIENTED_EDGE('',*,*,#1550,.F.);
#728=ORIENTED_EDGE('',*,*,#1489,.F.);
#729=ORIENTED_EDGE('',*,*,#1551,.T.);
#730=ORIENTED_EDGE('',*,*,#1552,.T.);
#731=ORIENTED_EDGE('',*,*,#1553,.F.);
#732=ORIENTED_EDGE('',*,*,#1554,.T.);
#733=ORIENTED_EDGE('',*,*,#1555,.F.);
#734=ORIENTED_EDGE('',*,*,#1529,.F.);
#735=ORIENTED_EDGE('',*,*,#1556,.T.);
#736=ORIENTED_EDGE('',*,*,#1557,.F.);
#737=ORIENTED_EDGE('',*,*,#1558,.T.);
#738=ORIENTED_EDGE('',*,*,#1559,.T.);
#739=ORIENTED_EDGE('',*,*,#1560,.F.);
#740=ORIENTED_EDGE('',*,*,#1561,.F.);
#741=ORIENTED_EDGE('',*,*,#1521,.T.);
#742=ORIENTED_EDGE('',*,*,#1562,.T.);
#743=ORIENTED_EDGE('',*,*,#1563,.F.);
#744=ORIENTED_EDGE('',*,*,#1564,.F.);
#745=ORIENTED_EDGE('',*,*,#1565,.T.);
#746=ORIENTED_EDGE('',*,*,#1566,.T.);
#747=ORIENTED_EDGE('',*,*,#1546,.T.);
#748=ORIENTED_EDGE('',*,*,#1567,.F.);
#749=ORIENTED_EDGE('',*,*,#1568,.T.);
#750=ORIENTED_EDGE('',*,*,#1569,.F.);
#751=ORIENTED_EDGE('',*,*,#1549,.F.);
#752=ORIENTED_EDGE('',*,*,#1570,.F.);
#753=ORIENTED_EDGE('',*,*,#1571,.F.);
#754=ORIENTED_EDGE('',*,*,#1572,.F.);
#755=ORIENTED_EDGE('',*,*,#1573,.F.);
#756=ORIENTED_EDGE('',*,*,#1554,.F.);
#757=ORIENTED_EDGE('',*,*,#1574,.T.);
#758=ORIENTED_EDGE('',*,*,#1575,.F.);
#759=ORIENTED_EDGE('',*,*,#1576,.T.);
#760=ORIENTED_EDGE('',*,*,#1577,.T.);
#761=ORIENTED_EDGE('',*,*,#1578,.T.);
#762=ORIENTED_EDGE('',*,*,#1579,.T.);
#763=ORIENTED_EDGE('',*,*,#1580,.T.);
#764=ORIENTED_EDGE('',*,*,#1560,.T.);
#765=ORIENTED_EDGE('',*,*,#1581,.T.);
#766=ORIENTED_EDGE('',*,*,#1582,.F.);
#767=ORIENTED_EDGE('',*,*,#1583,.T.);
#768=ORIENTED_EDGE('',*,*,#1584,.F.);
#769=ORIENTED_EDGE('',*,*,#1585,.T.);
#770=ORIENTED_EDGE('',*,*,#1586,.T.);
#771=ORIENTED_EDGE('',*,*,#1587,.T.);
#772=ORIENTED_EDGE('',*,*,#1572,.T.);
#773=ORIENTED_EDGE('',*,*,#1588,.F.);
#774=ORIENTED_EDGE('',*,*,#1486,.F.);
#775=ORIENTED_EDGE('',*,*,#1547,.T.);
#776=ORIENTED_EDGE('',*,*,#1571,.T.);
#777=ORIENTED_EDGE('',*,*,#1589,.F.);
#778=ORIENTED_EDGE('',*,*,#1487,.F.);
#779=ORIENTED_EDGE('',*,*,#1588,.T.);
#780=ORIENTED_EDGE('',*,*,#1570,.T.);
#781=ORIENTED_EDGE('',*,*,#1551,.F.);
#782=ORIENTED_EDGE('',*,*,#1488,.F.);
#783=ORIENTED_EDGE('',*,*,#1589,.T.);
#784=ORIENTED_EDGE('',*,*,#1569,.T.);
#785=ORIENTED_EDGE('',*,*,#1590,.F.);
#786=ORIENTED_EDGE('',*,*,#1490,.F.);
#787=ORIENTED_EDGE('',*,*,#1550,.T.);
#788=ORIENTED_EDGE('',*,*,#1568,.F.);
#789=ORIENTED_EDGE('',*,*,#1591,.F.);
#790=ORIENTED_EDGE('',*,*,#1491,.T.);
#791=ORIENTED_EDGE('',*,*,#1590,.T.);
#792=ORIENTED_EDGE('',*,*,#1494,.T.);
#793=ORIENTED_EDGE('',*,*,#1565,.F.);
#794=ORIENTED_EDGE('',*,*,#1493,.T.);
#795=ORIENTED_EDGE('',*,*,#1566,.F.);
#796=ORIENTED_EDGE('',*,*,#1567,.T.);
#797=ORIENTED_EDGE('',*,*,#1548,.F.);
#798=ORIENTED_EDGE('',*,*,#1492,.F.);
#799=ORIENTED_EDGE('',*,*,#1591,.T.);
#800=ORIENTED_EDGE('',*,*,#1484,.F.);
#801=ORIENTED_EDGE('',*,*,#1573,.T.);
#802=ORIENTED_EDGE('',*,*,#1495,.F.);
#803=ORIENTED_EDGE('',*,*,#1564,.T.);
#804=ORIENTED_EDGE('',*,*,#1592,.T.);
#805=ORIENTED_EDGE('',*,*,#1522,.T.);
#806=ORIENTED_EDGE('',*,*,#1561,.T.);
#807=ORIENTED_EDGE('',*,*,#1580,.F.);
#808=ORIENTED_EDGE('',*,*,#1526,.T.);
#809=ORIENTED_EDGE('',*,*,#1593,.T.);
#810=ORIENTED_EDGE('',*,*,#1576,.F.);
#811=ORIENTED_EDGE('',*,*,#1594,.F.);
#812=ORIENTED_EDGE('',*,*,#1518,.T.);
#813=ORIENTED_EDGE('',*,*,#1595,.T.);
#814=ORIENTED_EDGE('',*,*,#1583,.F.);
#815=ORIENTED_EDGE('',*,*,#1596,.F.);
#816=ORIENTED_EDGE('',*,*,#1597,.T.);
#817=ORIENTED_EDGE('',*,*,#1530,.T.);
#818=ORIENTED_EDGE('',*,*,#1555,.T.);
#819=ORIENTED_EDGE('',*,*,#1587,.F.);
#820=ORIENTED_EDGE('',*,*,#1598,.T.);
#821=ORIENTED_EDGE('',*,*,#1574,.F.);
#822=ORIENTED_EDGE('',*,*,#1556,.F.);
#823=ORIENTED_EDGE('',*,*,#1528,.T.);
#824=ORIENTED_EDGE('',*,*,#1577,.F.);
#825=ORIENTED_EDGE('',*,*,#1593,.F.);
#826=ORIENTED_EDGE('',*,*,#1525,.T.);
#827=ORIENTED_EDGE('',*,*,#1599,.T.);
#828=ORIENTED_EDGE('',*,*,#1578,.F.);
#829=ORIENTED_EDGE('',*,*,#1599,.F.);
#830=ORIENTED_EDGE('',*,*,#1524,.T.);
#831=ORIENTED_EDGE('',*,*,#1600,.F.);
#832=ORIENTED_EDGE('',*,*,#1601,.T.);
#833=ORIENTED_EDGE('',*,*,#1581,.F.);
#834=ORIENTED_EDGE('',*,*,#1562,.F.);
#835=ORIENTED_EDGE('',*,*,#1520,.T.);
#836=ORIENTED_EDGE('',*,*,#1584,.T.);
#837=ORIENTED_EDGE('',*,*,#1595,.F.);
#838=ORIENTED_EDGE('',*,*,#1517,.F.);
#839=ORIENTED_EDGE('',*,*,#1602,.T.);
#840=ORIENTED_EDGE('',*,*,#1596,.T.);
#841=ORIENTED_EDGE('',*,*,#1582,.T.);
#842=ORIENTED_EDGE('',*,*,#1601,.F.);
#843=ORIENTED_EDGE('',*,*,#1519,.F.);
#844=ORIENTED_EDGE('',*,*,#1594,.T.);
#845=ORIENTED_EDGE('',*,*,#1575,.T.);
#846=ORIENTED_EDGE('',*,*,#1598,.F.);
#847=ORIENTED_EDGE('',*,*,#1527,.F.);
#848=ORIENTED_EDGE('',*,*,#1585,.F.);
#849=ORIENTED_EDGE('',*,*,#1602,.F.);
#850=ORIENTED_EDGE('',*,*,#1516,.T.);
#851=ORIENTED_EDGE('',*,*,#1603,.F.);
#852=ORIENTED_EDGE('',*,*,#1579,.F.);
#853=ORIENTED_EDGE('',*,*,#1600,.T.);
#854=ORIENTED_EDGE('',*,*,#1523,.T.);
#855=ORIENTED_EDGE('',*,*,#1592,.F.);
#856=ORIENTED_EDGE('',*,*,#1586,.F.);
#857=ORIENTED_EDGE('',*,*,#1603,.T.);
#858=ORIENTED_EDGE('',*,*,#1531,.T.);
#859=ORIENTED_EDGE('',*,*,#1597,.F.);
#860=ORIENTED_EDGE('',*,*,#1532,.T.);
#861=ORIENTED_EDGE('',*,*,#1604,.T.);
#862=ORIENTED_EDGE('',*,*,#1497,.F.);
#863=ORIENTED_EDGE('',*,*,#1605,.F.);
#864=ORIENTED_EDGE('',*,*,#1605,.T.);
#865=ORIENTED_EDGE('',*,*,#1496,.T.);
#866=ORIENTED_EDGE('',*,*,#1606,.F.);
#867=ORIENTED_EDGE('',*,*,#1533,.F.);
#868=ORIENTED_EDGE('',*,*,#1606,.T.);
#869=ORIENTED_EDGE('',*,*,#1499,.T.);
#870=ORIENTED_EDGE('',*,*,#1607,.F.);
#871=ORIENTED_EDGE('',*,*,#1534,.F.);
#872=ORIENTED_EDGE('',*,*,#1535,.T.);
#873=ORIENTED_EDGE('',*,*,#1607,.T.);
#874=ORIENTED_EDGE('',*,*,#1498,.F.);
#875=ORIENTED_EDGE('',*,*,#1604,.F.);
#876=ORIENTED_EDGE('',*,*,#1559,.F.);
#877=ORIENTED_EDGE('',*,*,#1552,.F.);
#878=ORIENTED_EDGE('',*,*,#1563,.T.);
#879=ORIENTED_EDGE('',*,*,#1553,.T.);
#880=ORIENTED_EDGE('',*,*,#1545,.F.);
#881=ORIENTED_EDGE('',*,*,#1557,.T.);
#882=ORIENTED_EDGE('',*,*,#1544,.T.);
#883=ORIENTED_EDGE('',*,*,#1558,.F.);
#884=ORIENTED_EDGE('',*,*,#1483,.F.);
#885=ORIENTED_EDGE('',*,*,#1515,.T.);
#886=ORIENTED_EDGE('',*,*,#1482,.F.);
#887=ORIENTED_EDGE('',*,*,#1514,.T.);
#888=ORIENTED_EDGE('',*,*,#1500,.T.);
#889=ORIENTED_EDGE('',*,*,#1513,.F.);
#890=ORIENTED_EDGE('',*,*,#1501,.T.);
#891=ORIENTED_EDGE('',*,*,#1536,.F.);
#892=ORIENTED_EDGE('',*,*,#1502,.T.);
#893=ORIENTED_EDGE('',*,*,#1512,.F.);
#894=ORIENTED_EDGE('',*,*,#1503,.T.);
#895=ORIENTED_EDGE('',*,*,#1537,.F.);
#896=ORIENTED_EDGE('',*,*,#1481,.F.);
#897=ORIENTED_EDGE('',*,*,#1511,.T.);
#898=ORIENTED_EDGE('',*,*,#1480,.F.);
#899=ORIENTED_EDGE('',*,*,#1510,.T.);
#900=ORIENTED_EDGE('',*,*,#1504,.T.);
#901=ORIENTED_EDGE('',*,*,#1509,.F.);
#902=ORIENTED_EDGE('',*,*,#1479,.F.);
#903=ORIENTED_EDGE('',*,*,#1538,.T.);
#904=ORIENTED_EDGE('',*,*,#1478,.F.);
#905=ORIENTED_EDGE('',*,*,#1539,.T.);
#906=ORIENTED_EDGE('',*,*,#1477,.F.);
#907=ORIENTED_EDGE('',*,*,#1540,.T.);
#908=ORIENTED_EDGE('',*,*,#1476,.F.);
#909=ORIENTED_EDGE('',*,*,#1541,.T.);
#910=ORIENTED_EDGE('',*,*,#1505,.T.);
#911=ORIENTED_EDGE('',*,*,#1542,.F.);
#912=ORIENTED_EDGE('',*,*,#1506,.T.);
#913=ORIENTED_EDGE('',*,*,#1508,.F.);
#914=ORIENTED_EDGE('',*,*,#1507,.T.);
#915=ORIENTED_EDGE('',*,*,#1543,.F.);
#916=ORIENTED_EDGE('',*,*,#1608,.T.);
#917=ORIENTED_EDGE('',*,*,#1609,.T.);
#918=ORIENTED_EDGE('',*,*,#1610,.F.);
#919=ORIENTED_EDGE('',*,*,#1611,.F.);
#920=ORIENTED_EDGE('',*,*,#1612,.F.);
#921=ORIENTED_EDGE('',*,*,#1613,.T.);
#922=ORIENTED_EDGE('',*,*,#1614,.T.);
#923=ORIENTED_EDGE('',*,*,#1615,.T.);
#924=ORIENTED_EDGE('',*,*,#1616,.T.);
#925=ORIENTED_EDGE('',*,*,#1617,.T.);
#926=ORIENTED_EDGE('',*,*,#1618,.F.);
#927=ORIENTED_EDGE('',*,*,#1619,.F.);
#928=ORIENTED_EDGE('',*,*,#1611,.T.);
#929=ORIENTED_EDGE('',*,*,#1620,.F.);
#930=ORIENTED_EDGE('',*,*,#1621,.F.);
#931=ORIENTED_EDGE('',*,*,#1622,.T.);
#932=ORIENTED_EDGE('',*,*,#1613,.F.);
#933=ORIENTED_EDGE('',*,*,#1623,.T.);
#934=ORIENTED_EDGE('',*,*,#1624,.T.);
#935=ORIENTED_EDGE('',*,*,#1625,.F.);
#936=ORIENTED_EDGE('',*,*,#1626,.F.);
#937=ORIENTED_EDGE('',*,*,#1627,.F.);
#938=ORIENTED_EDGE('',*,*,#1628,.F.);
#939=ORIENTED_EDGE('',*,*,#1623,.F.);
#940=ORIENTED_EDGE('',*,*,#1612,.T.);
#941=ORIENTED_EDGE('',*,*,#1619,.T.);
#942=ORIENTED_EDGE('',*,*,#1629,.T.);
#943=ORIENTED_EDGE('',*,*,#1617,.F.);
#944=ORIENTED_EDGE('',*,*,#1630,.F.);
#945=ORIENTED_EDGE('',*,*,#1625,.T.);
#946=ORIENTED_EDGE('',*,*,#1631,.T.);
#947=ORIENTED_EDGE('',*,*,#1632,.T.);
#948=ORIENTED_EDGE('',*,*,#1616,.F.);
#949=ORIENTED_EDGE('',*,*,#1633,.T.);
#950=ORIENTED_EDGE('',*,*,#1626,.T.);
#951=ORIENTED_EDGE('',*,*,#1630,.T.);
#952=ORIENTED_EDGE('',*,*,#1634,.T.);
#953=ORIENTED_EDGE('',*,*,#1635,.T.);
#954=ORIENTED_EDGE('',*,*,#1636,.T.);
#955=ORIENTED_EDGE('',*,*,#1637,.T.);
#956=ORIENTED_EDGE('',*,*,#1624,.F.);
#957=ORIENTED_EDGE('',*,*,#1628,.T.);
#958=ORIENTED_EDGE('',*,*,#1618,.T.);
#959=ORIENTED_EDGE('',*,*,#1629,.F.);
#960=ORIENTED_EDGE('',*,*,#1610,.T.);
#961=ORIENTED_EDGE('',*,*,#1622,.F.);
#962=ORIENTED_EDGE('',*,*,#1638,.F.);
#963=ORIENTED_EDGE('',*,*,#1620,.T.);
#964=ORIENTED_EDGE('',*,*,#1633,.F.);
#965=ORIENTED_EDGE('',*,*,#1615,.F.);
#966=ORIENTED_EDGE('',*,*,#1639,.T.);
#967=ORIENTED_EDGE('',*,*,#1627,.T.);
#968=ORIENTED_EDGE('',*,*,#1614,.F.);
#969=ORIENTED_EDGE('',*,*,#1638,.T.);
#970=ORIENTED_EDGE('',*,*,#1621,.T.);
#971=ORIENTED_EDGE('',*,*,#1639,.F.);
#972=ORIENTED_EDGE('',*,*,#1637,.F.);
#973=ORIENTED_EDGE('',*,*,#1609,.F.);
#974=ORIENTED_EDGE('',*,*,#1636,.F.);
#975=ORIENTED_EDGE('',*,*,#1608,.F.);
#976=ORIENTED_EDGE('',*,*,#1635,.F.);
#977=ORIENTED_EDGE('',*,*,#1632,.F.);
#978=ORIENTED_EDGE('',*,*,#1634,.F.);
#979=ORIENTED_EDGE('',*,*,#1631,.F.);
#980=ORIENTED_EDGE('',*,*,#1640,.T.);
#981=ORIENTED_EDGE('',*,*,#1641,.T.);
#982=ORIENTED_EDGE('',*,*,#1642,.F.);
#983=ORIENTED_EDGE('',*,*,#1643,.F.);
#984=ORIENTED_EDGE('',*,*,#1644,.F.);
#985=ORIENTED_EDGE('',*,*,#1645,.T.);
#986=ORIENTED_EDGE('',*,*,#1646,.T.);
#987=ORIENTED_EDGE('',*,*,#1647,.T.);
#988=ORIENTED_EDGE('',*,*,#1648,.T.);
#989=ORIENTED_EDGE('',*,*,#1649,.T.);
#990=ORIENTED_EDGE('',*,*,#1650,.F.);
#991=ORIENTED_EDGE('',*,*,#1651,.F.);
#992=ORIENTED_EDGE('',*,*,#1643,.T.);
#993=ORIENTED_EDGE('',*,*,#1652,.F.);
#994=ORIENTED_EDGE('',*,*,#1653,.F.);
#995=ORIENTED_EDGE('',*,*,#1654,.T.);
#996=ORIENTED_EDGE('',*,*,#1645,.F.);
#997=ORIENTED_EDGE('',*,*,#1655,.T.);
#998=ORIENTED_EDGE('',*,*,#1656,.T.);
#999=ORIENTED_EDGE('',*,*,#1657,.F.);
#1000=ORIENTED_EDGE('',*,*,#1658,.F.);
#1001=ORIENTED_EDGE('',*,*,#1659,.F.);
#1002=ORIENTED_EDGE('',*,*,#1660,.F.);
#1003=ORIENTED_EDGE('',*,*,#1655,.F.);
#1004=ORIENTED_EDGE('',*,*,#1644,.T.);
#1005=ORIENTED_EDGE('',*,*,#1651,.T.);
#1006=ORIENTED_EDGE('',*,*,#1661,.T.);
#1007=ORIENTED_EDGE('',*,*,#1649,.F.);
#1008=ORIENTED_EDGE('',*,*,#1662,.F.);
#1009=ORIENTED_EDGE('',*,*,#1657,.T.);
#1010=ORIENTED_EDGE('',*,*,#1663,.T.);
#1011=ORIENTED_EDGE('',*,*,#1664,.T.);
#1012=ORIENTED_EDGE('',*,*,#1648,.F.);
#1013=ORIENTED_EDGE('',*,*,#1665,.T.);
#1014=ORIENTED_EDGE('',*,*,#1658,.T.);
#1015=ORIENTED_EDGE('',*,*,#1662,.T.);
#1016=ORIENTED_EDGE('',*,*,#1666,.T.);
#1017=ORIENTED_EDGE('',*,*,#1667,.T.);
#1018=ORIENTED_EDGE('',*,*,#1668,.T.);
#1019=ORIENTED_EDGE('',*,*,#1669,.T.);
#1020=ORIENTED_EDGE('',*,*,#1656,.F.);
#1021=ORIENTED_EDGE('',*,*,#1660,.T.);
#1022=ORIENTED_EDGE('',*,*,#1650,.T.);
#1023=ORIENTED_EDGE('',*,*,#1661,.F.);
#1024=ORIENTED_EDGE('',*,*,#1642,.T.);
#1025=ORIENTED_EDGE('',*,*,#1654,.F.);
#1026=ORIENTED_EDGE('',*,*,#1670,.F.);
#1027=ORIENTED_EDGE('',*,*,#1652,.T.);
#1028=ORIENTED_EDGE('',*,*,#1665,.F.);
#1029=ORIENTED_EDGE('',*,*,#1647,.F.);
#1030=ORIENTED_EDGE('',*,*,#1671,.T.);
#1031=ORIENTED_EDGE('',*,*,#1659,.T.);
#1032=ORIENTED_EDGE('',*,*,#1646,.F.);
#1033=ORIENTED_EDGE('',*,*,#1670,.T.);
#1034=ORIENTED_EDGE('',*,*,#1653,.T.);
#1035=ORIENTED_EDGE('',*,*,#1671,.F.);
#1036=ORIENTED_EDGE('',*,*,#1669,.F.);
#1037=ORIENTED_EDGE('',*,*,#1641,.F.);
#1038=ORIENTED_EDGE('',*,*,#1668,.F.);
#1039=ORIENTED_EDGE('',*,*,#1640,.F.);
#1040=ORIENTED_EDGE('',*,*,#1667,.F.);
#1041=ORIENTED_EDGE('',*,*,#1664,.F.);
#1042=ORIENTED_EDGE('',*,*,#1666,.F.);
#1043=ORIENTED_EDGE('',*,*,#1663,.F.);
#1044=ORIENTED_EDGE('',*,*,#1672,.F.);
#1045=ORIENTED_EDGE('',*,*,#1673,.F.);
#1046=ORIENTED_EDGE('',*,*,#1674,.F.);
#1047=ORIENTED_EDGE('',*,*,#1675,.T.);
#1048=ORIENTED_EDGE('',*,*,#1676,.F.);
#1049=ORIENTED_EDGE('',*,*,#1677,.F.);
#1050=ORIENTED_EDGE('',*,*,#1678,.T.);
#1051=ORIENTED_EDGE('',*,*,#1679,.T.);
#1052=ORIENTED_EDGE('',*,*,#1677,.T.);
#1053=ORIENTED_EDGE('',*,*,#1680,.T.);
#1054=ORIENTED_EDGE('',*,*,#1681,.F.);
#1055=ORIENTED_EDGE('',*,*,#1682,.F.);
#1056=ORIENTED_EDGE('',*,*,#1683,.T.);
#1057=ORIENTED_EDGE('',*,*,#1684,.F.);
#1058=ORIENTED_EDGE('',*,*,#1685,.T.);
#1059=ORIENTED_EDGE('',*,*,#1686,.F.);
#1060=ORIENTED_EDGE('',*,*,#1687,.F.);
#1061=ORIENTED_EDGE('',*,*,#1682,.T.);
#1062=ORIENTED_EDGE('',*,*,#1688,.F.);
#1063=ORIENTED_EDGE('',*,*,#1680,.F.);
#1064=ORIENTED_EDGE('',*,*,#1676,.T.);
#1065=ORIENTED_EDGE('',*,*,#1689,.T.);
#1066=ORIENTED_EDGE('',*,*,#1690,.F.);
#1067=ORIENTED_EDGE('',*,*,#1691,.T.);
#1068=ORIENTED_EDGE('',*,*,#1692,.F.);
#1069=ORIENTED_EDGE('',*,*,#1686,.T.);
#1070=ORIENTED_EDGE('',*,*,#1693,.T.);
#1071=ORIENTED_EDGE('',*,*,#1689,.F.);
#1072=ORIENTED_EDGE('',*,*,#1675,.F.);
#1073=ORIENTED_EDGE('',*,*,#1694,.F.);
#1074=ORIENTED_EDGE('',*,*,#1695,.F.);
#1075=ORIENTED_EDGE('',*,*,#1696,.F.);
#1076=ORIENTED_EDGE('',*,*,#1692,.T.);
#1077=ORIENTED_EDGE('',*,*,#1697,.T.);
#1078=ORIENTED_EDGE('',*,*,#1683,.F.);
#1079=ORIENTED_EDGE('',*,*,#1687,.T.);
#1080=ORIENTED_EDGE('',*,*,#1698,.F.);
#1081=ORIENTED_EDGE('',*,*,#1699,.F.);
#1082=ORIENTED_EDGE('',*,*,#1700,.F.);
#1083=ORIENTED_EDGE('',*,*,#1701,.F.);
#1084=ORIENTED_EDGE('',*,*,#1685,.F.);
#1085=ORIENTED_EDGE('',*,*,#1681,.T.);
#1086=ORIENTED_EDGE('',*,*,#1688,.T.);
#1087=ORIENTED_EDGE('',*,*,#1693,.F.);
#1088=ORIENTED_EDGE('',*,*,#1674,.T.);
#1089=ORIENTED_EDGE('',*,*,#1679,.F.);
#1090=ORIENTED_EDGE('',*,*,#1702,.F.);
#1091=ORIENTED_EDGE('',*,*,#1694,.T.);
#1092=ORIENTED_EDGE('',*,*,#1697,.F.);
#1093=ORIENTED_EDGE('',*,*,#1691,.F.);
#1094=ORIENTED_EDGE('',*,*,#1703,.T.);
#1095=ORIENTED_EDGE('',*,*,#1684,.T.);
#1096=ORIENTED_EDGE('',*,*,#1690,.T.);
#1097=ORIENTED_EDGE('',*,*,#1702,.T.);
#1098=ORIENTED_EDGE('',*,*,#1678,.F.);
#1099=ORIENTED_EDGE('',*,*,#1703,.F.);
#1100=ORIENTED_EDGE('',*,*,#1701,.T.);
#1101=ORIENTED_EDGE('',*,*,#1673,.T.);
#1102=ORIENTED_EDGE('',*,*,#1700,.T.);
#1103=ORIENTED_EDGE('',*,*,#1672,.T.);
#1104=ORIENTED_EDGE('',*,*,#1699,.T.);
#1105=ORIENTED_EDGE('',*,*,#1696,.T.);
#1106=ORIENTED_EDGE('',*,*,#1698,.T.);
#1107=ORIENTED_EDGE('',*,*,#1695,.T.);
#1108=ORIENTED_EDGE('',*,*,#1704,.F.);
#1109=ORIENTED_EDGE('',*,*,#1705,.F.);
#1110=ORIENTED_EDGE('',*,*,#1706,.F.);
#1111=ORIENTED_EDGE('',*,*,#1707,.T.);
#1112=ORIENTED_EDGE('',*,*,#1708,.F.);
#1113=ORIENTED_EDGE('',*,*,#1709,.F.);
#1114=ORIENTED_EDGE('',*,*,#1710,.T.);
#1115=ORIENTED_EDGE('',*,*,#1711,.T.);
#1116=ORIENTED_EDGE('',*,*,#1709,.T.);
#1117=ORIENTED_EDGE('',*,*,#1712,.T.);
#1118=ORIENTED_EDGE('',*,*,#1713,.F.);
#1119=ORIENTED_EDGE('',*,*,#1714,.F.);
#1120=ORIENTED_EDGE('',*,*,#1715,.T.);
#1121=ORIENTED_EDGE('',*,*,#1716,.F.);
#1122=ORIENTED_EDGE('',*,*,#1717,.T.);
#1123=ORIENTED_EDGE('',*,*,#1718,.F.);
#1124=ORIENTED_EDGE('',*,*,#1719,.F.);
#1125=ORIENTED_EDGE('',*,*,#1714,.T.);
#1126=ORIENTED_EDGE('',*,*,#1720,.F.);
#1127=ORIENTED_EDGE('',*,*,#1712,.F.);
#1128=ORIENTED_EDGE('',*,*,#1708,.T.);
#1129=ORIENTED_EDGE('',*,*,#1721,.T.);
#1130=ORIENTED_EDGE('',*,*,#1722,.F.);
#1131=ORIENTED_EDGE('',*,*,#1723,.T.);
#1132=ORIENTED_EDGE('',*,*,#1724,.F.);
#1133=ORIENTED_EDGE('',*,*,#1718,.T.);
#1134=ORIENTED_EDGE('',*,*,#1725,.T.);
#1135=ORIENTED_EDGE('',*,*,#1721,.F.);
#1136=ORIENTED_EDGE('',*,*,#1707,.F.);
#1137=ORIENTED_EDGE('',*,*,#1726,.F.);
#1138=ORIENTED_EDGE('',*,*,#1727,.F.);
#1139=ORIENTED_EDGE('',*,*,#1728,.F.);
#1140=ORIENTED_EDGE('',*,*,#1724,.T.);
#1141=ORIENTED_EDGE('',*,*,#1729,.T.);
#1142=ORIENTED_EDGE('',*,*,#1715,.F.);
#1143=ORIENTED_EDGE('',*,*,#1719,.T.);
#1144=ORIENTED_EDGE('',*,*,#1730,.F.);
#1145=ORIENTED_EDGE('',*,*,#1731,.F.);
#1146=ORIENTED_EDGE('',*,*,#1732,.F.);
#1147=ORIENTED_EDGE('',*,*,#1733,.F.);
#1148=ORIENTED_EDGE('',*,*,#1717,.F.);
#1149=ORIENTED_EDGE('',*,*,#1713,.T.);
#1150=ORIENTED_EDGE('',*,*,#1720,.T.);
#1151=ORIENTED_EDGE('',*,*,#1725,.F.);
#1152=ORIENTED_EDGE('',*,*,#1729,.F.);
#1153=ORIENTED_EDGE('',*,*,#1723,.F.);
#1154=ORIENTED_EDGE('',*,*,#1734,.T.);
#1155=ORIENTED_EDGE('',*,*,#1716,.T.);
#1156=ORIENTED_EDGE('',*,*,#1706,.T.);
#1157=ORIENTED_EDGE('',*,*,#1711,.F.);
#1158=ORIENTED_EDGE('',*,*,#1735,.F.);
#1159=ORIENTED_EDGE('',*,*,#1726,.T.);
#1160=ORIENTED_EDGE('',*,*,#1734,.F.);
#1161=ORIENTED_EDGE('',*,*,#1722,.T.);
#1162=ORIENTED_EDGE('',*,*,#1735,.T.);
#1163=ORIENTED_EDGE('',*,*,#1710,.F.);
#1164=ORIENTED_EDGE('',*,*,#1733,.T.);
#1165=ORIENTED_EDGE('',*,*,#1705,.T.);
#1166=ORIENTED_EDGE('',*,*,#1732,.T.);
#1167=ORIENTED_EDGE('',*,*,#1704,.T.);
#1168=ORIENTED_EDGE('',*,*,#1731,.T.);
#1169=ORIENTED_EDGE('',*,*,#1728,.T.);
#1170=ORIENTED_EDGE('',*,*,#1730,.T.);
#1171=ORIENTED_EDGE('',*,*,#1727,.T.);
#1172=ORIENTED_EDGE('',*,*,#1736,.F.);
#1173=ORIENTED_EDGE('',*,*,#1737,.F.);
#1174=ORIENTED_EDGE('',*,*,#1738,.T.);
#1175=ORIENTED_EDGE('',*,*,#1739,.F.);
#1176=ORIENTED_EDGE('',*,*,#1740,.T.);
#1177=ORIENTED_EDGE('',*,*,#1741,.T.);
#1178=ORIENTED_EDGE('',*,*,#1742,.F.);
#1179=ORIENTED_EDGE('',*,*,#1743,.F.);
#1180=ORIENTED_EDGE('',*,*,#1744,.T.);
#1181=ORIENTED_EDGE('',*,*,#1745,.T.);
#1182=ORIENTED_EDGE('',*,*,#1746,.T.);
#1183=ORIENTED_EDGE('',*,*,#1747,.T.);
#1184=ORIENTED_EDGE('',*,*,#1748,.T.);
#1185=ORIENTED_EDGE('',*,*,#1749,.F.);
#1186=ORIENTED_EDGE('',*,*,#1750,.T.);
#1187=ORIENTED_EDGE('',*,*,#1751,.T.);
#1188=ORIENTED_EDGE('',*,*,#1752,.T.);
#1189=ORIENTED_EDGE('',*,*,#1753,.F.);
#1190=ORIENTED_EDGE('',*,*,#1754,.F.);
#1191=ORIENTED_EDGE('',*,*,#1755,.F.);
#1192=ORIENTED_EDGE('',*,*,#1756,.T.);
#1193=ORIENTED_EDGE('',*,*,#1757,.T.);
#1194=ORIENTED_EDGE('',*,*,#1758,.F.);
#1195=ORIENTED_EDGE('',*,*,#1759,.T.);
#1196=ORIENTED_EDGE('',*,*,#1760,.T.);
#1197=ORIENTED_EDGE('',*,*,#1761,.F.);
#1198=ORIENTED_EDGE('',*,*,#1762,.F.);
#1199=ORIENTED_EDGE('',*,*,#1763,.F.);
#1200=ORIENTED_EDGE('',*,*,#1764,.T.);
#1201=ORIENTED_EDGE('',*,*,#1765,.T.);
#1202=ORIENTED_EDGE('',*,*,#1766,.F.);
#1203=ORIENTED_EDGE('',*,*,#1767,.F.);
#1204=ORIENTED_EDGE('',*,*,#1768,.T.);
#1205=ORIENTED_EDGE('',*,*,#1769,.T.);
#1206=ORIENTED_EDGE('',*,*,#1770,.F.);
#1207=ORIENTED_EDGE('',*,*,#1771,.T.);
#1208=ORIENTED_EDGE('',*,*,#1772,.T.);
#1209=ORIENTED_EDGE('',*,*,#1773,.F.);
#1210=ORIENTED_EDGE('',*,*,#1774,.F.);
#1211=ORIENTED_EDGE('',*,*,#1775,.F.);
#1212=ORIENTED_EDGE('',*,*,#1776,.T.);
#1213=ORIENTED_EDGE('',*,*,#1777,.T.);
#1214=ORIENTED_EDGE('',*,*,#1778,.T.);
#1215=ORIENTED_EDGE('',*,*,#1779,.F.);
#1216=ORIENTED_EDGE('',*,*,#1780,.T.);
#1217=ORIENTED_EDGE('',*,*,#1781,.F.);
#1218=ORIENTED_EDGE('',*,*,#1782,.F.);
#1219=ORIENTED_EDGE('',*,*,#1783,.F.);
#1220=ORIENTED_EDGE('',*,*,#1784,.F.);
#1221=ORIENTED_EDGE('',*,*,#1785,.F.);
#1222=ORIENTED_EDGE('',*,*,#1786,.F.);
#1223=ORIENTED_EDGE('',*,*,#1787,.T.);
#1224=ORIENTED_EDGE('',*,*,#1788,.T.);
#1225=ORIENTED_EDGE('',*,*,#1789,.F.);
#1226=ORIENTED_EDGE('',*,*,#1790,.F.);
#1227=ORIENTED_EDGE('',*,*,#1791,.T.);
#1228=ORIENTED_EDGE('',*,*,#1778,.F.);
#1229=ORIENTED_EDGE('',*,*,#1792,.F.);
#1230=ORIENTED_EDGE('',*,*,#1743,.T.);
#1231=ORIENTED_EDGE('',*,*,#1793,.T.);
#1232=ORIENTED_EDGE('',*,*,#1785,.T.);
#1233=ORIENTED_EDGE('',*,*,#1794,.F.);
#1234=ORIENTED_EDGE('',*,*,#1744,.F.);
#1235=ORIENTED_EDGE('',*,*,#1792,.T.);
#1236=ORIENTED_EDGE('',*,*,#1784,.T.);
#1237=ORIENTED_EDGE('',*,*,#1795,.F.);
#1238=ORIENTED_EDGE('',*,*,#1745,.F.);
#1239=ORIENTED_EDGE('',*,*,#1794,.T.);
#1240=ORIENTED_EDGE('',*,*,#1783,.T.);
#1241=ORIENTED_EDGE('',*,*,#1796,.F.);
#1242=ORIENTED_EDGE('',*,*,#1746,.F.);
#1243=ORIENTED_EDGE('',*,*,#1795,.T.);
#1244=ORIENTED_EDGE('',*,*,#1782,.T.);
#1245=ORIENTED_EDGE('',*,*,#1797,.F.);
#1246=ORIENTED_EDGE('',*,*,#1747,.F.);
#1247=ORIENTED_EDGE('',*,*,#1796,.T.);
#1248=ORIENTED_EDGE('',*,*,#1781,.T.);
#1249=ORIENTED_EDGE('',*,*,#1798,.F.);
#1250=ORIENTED_EDGE('',*,*,#1748,.F.);
#1251=ORIENTED_EDGE('',*,*,#1797,.T.);
#1252=ORIENTED_EDGE('',*,*,#1780,.F.);
#1253=ORIENTED_EDGE('',*,*,#1799,.F.);
#1254=ORIENTED_EDGE('',*,*,#1749,.T.);
#1255=ORIENTED_EDGE('',*,*,#1798,.T.);
#1256=ORIENTED_EDGE('',*,*,#1779,.T.);
#1257=ORIENTED_EDGE('',*,*,#1793,.F.);
#1258=ORIENTED_EDGE('',*,*,#1750,.F.);
#1259=ORIENTED_EDGE('',*,*,#1799,.T.);
#1260=ORIENTED_EDGE('',*,*,#1774,.T.);
#1261=ORIENTED_EDGE('',*,*,#1800,.T.);
#1262=ORIENTED_EDGE('',*,*,#1752,.F.);
#1263=ORIENTED_EDGE('',*,*,#1801,.F.);
#1264=ORIENTED_EDGE('',*,*,#1775,.T.);
#1265=ORIENTED_EDGE('',*,*,#1801,.T.);
#1266=ORIENTED_EDGE('',*,*,#1751,.F.);
#1267=ORIENTED_EDGE('',*,*,#1802,.F.);
#1268=ORIENTED_EDGE('',*,*,#1802,.T.);
#1269=ORIENTED_EDGE('',*,*,#1754,.T.);
#1270=ORIENTED_EDGE('',*,*,#1803,.F.);
#1271=ORIENTED_EDGE('',*,*,#1776,.F.);
#1272=ORIENTED_EDGE('',*,*,#1803,.T.);
#1273=ORIENTED_EDGE('',*,*,#1753,.T.);
#1274=ORIENTED_EDGE('',*,*,#1800,.F.);
#1275=ORIENTED_EDGE('',*,*,#1777,.F.);
#1276=ORIENTED_EDGE('',*,*,#1786,.T.);
#1277=ORIENTED_EDGE('',*,*,#1804,.T.);
#1278=ORIENTED_EDGE('',*,*,#1756,.F.);
#1279=ORIENTED_EDGE('',*,*,#1805,.F.);
#1280=ORIENTED_EDGE('',*,*,#1805,.T.);
#1281=ORIENTED_EDGE('',*,*,#1755,.T.);
#1282=ORIENTED_EDGE('',*,*,#1806,.F.);
#1283=ORIENTED_EDGE('',*,*,#1787,.F.);
#1284=ORIENTED_EDGE('',*,*,#1806,.T.);
#1285=ORIENTED_EDGE('',*,*,#1758,.T.);
#1286=ORIENTED_EDGE('',*,*,#1807,.F.);
#1287=ORIENTED_EDGE('',*,*,#1788,.F.);
#1288=ORIENTED_EDGE('',*,*,#1789,.T.);
#1289=ORIENTED_EDGE('',*,*,#1807,.T.);
#1290=ORIENTED_EDGE('',*,*,#1757,.F.);
#1291=ORIENTED_EDGE('',*,*,#1804,.F.);
#1292=ORIENTED_EDGE('',*,*,#1808,.T.);
#1293=ORIENTED_EDGE('',*,*,#1739,.T.);
#1294=ORIENTED_EDGE('',*,*,#1809,.F.);
#1295=ORIENTED_EDGE('',*,*,#1771,.F.);
#1296=ORIENTED_EDGE('',*,*,#1809,.T.);
#1297=ORIENTED_EDGE('',*,*,#1742,.T.);
#1298=ORIENTED_EDGE('',*,*,#1810,.F.);
#1299=ORIENTED_EDGE('',*,*,#1772,.F.);
#1300=ORIENTED_EDGE('',*,*,#1773,.T.);
#1301=ORIENTED_EDGE('',*,*,#1810,.T.);
#1302=ORIENTED_EDGE('',*,*,#1741,.F.);
#1303=ORIENTED_EDGE('',*,*,#1811,.F.);
#1304=ORIENTED_EDGE('',*,*,#1770,.T.);
#1305=ORIENTED_EDGE('',*,*,#1811,.T.);
#1306=ORIENTED_EDGE('',*,*,#1740,.F.);
#1307=ORIENTED_EDGE('',*,*,#1808,.F.);
#1308=ORIENTED_EDGE('',*,*,#1766,.T.);
#1309=ORIENTED_EDGE('',*,*,#1812,.T.);
#1310=ORIENTED_EDGE('',*,*,#1760,.F.);
#1311=ORIENTED_EDGE('',*,*,#1813,.F.);
#1312=ORIENTED_EDGE('',*,*,#1767,.T.);
#1313=ORIENTED_EDGE('',*,*,#1813,.T.);
#1314=ORIENTED_EDGE('',*,*,#1759,.F.);
#1315=ORIENTED_EDGE('',*,*,#1814,.F.);
#1316=ORIENTED_EDGE('',*,*,#1814,.T.);
#1317=ORIENTED_EDGE('',*,*,#1762,.T.);
#1318=ORIENTED_EDGE('',*,*,#1815,.F.);
#1319=ORIENTED_EDGE('',*,*,#1768,.F.);
#1320=ORIENTED_EDGE('',*,*,#1815,.T.);
#1321=ORIENTED_EDGE('',*,*,#1761,.T.);
#1322=ORIENTED_EDGE('',*,*,#1812,.F.);
#1323=ORIENTED_EDGE('',*,*,#1769,.F.);
#1324=ORIENTED_EDGE('',*,*,#1738,.F.);
#1325=ORIENTED_EDGE('',*,*,#1790,.T.);
#1326=ORIENTED_EDGE('',*,*,#1763,.T.);
#1327=ORIENTED_EDGE('',*,*,#1791,.F.);
#1328=ORIENTED_EDGE('',*,*,#1737,.T.);
#1329=ORIENTED_EDGE('',*,*,#1765,.F.);
#1330=ORIENTED_EDGE('',*,*,#1736,.T.);
#1331=ORIENTED_EDGE('',*,*,#1764,.F.);
#1332=ORIENTED_EDGE('',*,*,#1816,.T.);
#1333=ORIENTED_EDGE('',*,*,#1817,.F.);
#1334=ORIENTED_EDGE('',*,*,#1818,.F.);
#1335=ORIENTED_EDGE('',*,*,#1819,.T.);
#1336=ORIENTED_EDGE('',*,*,#1820,.T.);
#1337=ORIENTED_EDGE('',*,*,#1821,.F.);
#1338=ORIENTED_EDGE('',*,*,#1822,.T.);
#1339=ORIENTED_EDGE('',*,*,#1823,.F.);
#1340=ORIENTED_EDGE('',*,*,#1824,.T.);
#1341=ORIENTED_EDGE('',*,*,#1825,.F.);
#1342=ORIENTED_EDGE('',*,*,#1826,.T.);
#1343=ORIENTED_EDGE('',*,*,#1827,.T.);
#1344=ORIENTED_EDGE('',*,*,#1828,.T.);
#1345=ORIENTED_EDGE('',*,*,#1829,.T.);
#1346=ORIENTED_EDGE('',*,*,#1830,.F.);
#1347=ORIENTED_EDGE('',*,*,#1831,.T.);
#1348=ORIENTED_EDGE('',*,*,#1832,.F.);
#1349=ORIENTED_EDGE('',*,*,#1833,.F.);
#1350=ORIENTED_EDGE('',*,*,#1834,.F.);
#1351=ORIENTED_EDGE('',*,*,#1835,.T.);
#1352=ORIENTED_EDGE('',*,*,#1836,.T.);
#1353=ORIENTED_EDGE('',*,*,#1837,.F.);
#1354=ORIENTED_EDGE('',*,*,#1838,.F.);
#1355=ORIENTED_EDGE('',*,*,#1839,.F.);
#1356=ORIENTED_EDGE('',*,*,#1840,.T.);
#1357=ORIENTED_EDGE('',*,*,#1841,.F.);
#1358=ORIENTED_EDGE('',*,*,#1842,.F.);
#1359=ORIENTED_EDGE('',*,*,#1843,.T.);
#1360=ORIENTED_EDGE('',*,*,#1844,.T.);
#1361=ORIENTED_EDGE('',*,*,#1845,.F.);
#1362=ORIENTED_EDGE('',*,*,#1846,.T.);
#1363=ORIENTED_EDGE('',*,*,#1847,.F.);
#1364=ORIENTED_EDGE('',*,*,#1848,.T.);
#1365=ORIENTED_EDGE('',*,*,#1849,.F.);
#1366=ORIENTED_EDGE('',*,*,#1850,.F.);
#1367=ORIENTED_EDGE('',*,*,#1851,.F.);
#1368=ORIENTED_EDGE('',*,*,#1852,.F.);
#1369=ORIENTED_EDGE('',*,*,#1853,.F.);
#1370=ORIENTED_EDGE('',*,*,#1854,.F.);
#1371=ORIENTED_EDGE('',*,*,#1855,.T.);
#1372=ORIENTED_EDGE('',*,*,#1856,.T.);
#1373=ORIENTED_EDGE('',*,*,#1857,.T.);
#1374=ORIENTED_EDGE('',*,*,#1858,.F.);
#1375=ORIENTED_EDGE('',*,*,#1859,.T.);
#1376=ORIENTED_EDGE('',*,*,#1860,.T.);
#1377=ORIENTED_EDGE('',*,*,#1861,.F.);
#1378=ORIENTED_EDGE('',*,*,#1846,.F.);
#1379=ORIENTED_EDGE('',*,*,#1862,.F.);
#1380=ORIENTED_EDGE('',*,*,#1832,.T.);
#1381=ORIENTED_EDGE('',*,*,#1863,.T.);
#1382=ORIENTED_EDGE('',*,*,#1853,.T.);
#1383=ORIENTED_EDGE('',*,*,#1864,.F.);
#1384=ORIENTED_EDGE('',*,*,#1865,.F.);
#1385=ORIENTED_EDGE('',*,*,#1866,.F.);
#1386=ORIENTED_EDGE('',*,*,#1867,.T.);
#1387=ORIENTED_EDGE('',*,*,#1862,.T.);
#1388=ORIENTED_EDGE('',*,*,#1852,.T.);
#1389=ORIENTED_EDGE('',*,*,#1868,.F.);
#1390=ORIENTED_EDGE('',*,*,#1826,.F.);
#1391=ORIENTED_EDGE('',*,*,#1864,.T.);
#1392=ORIENTED_EDGE('',*,*,#1851,.T.);
#1393=ORIENTED_EDGE('',*,*,#1869,.F.);
#1394=ORIENTED_EDGE('',*,*,#1870,.F.);
#1395=ORIENTED_EDGE('',*,*,#1871,.F.);
#1396=ORIENTED_EDGE('',*,*,#1872,.T.);
#1397=ORIENTED_EDGE('',*,*,#1868,.T.);
#1398=ORIENTED_EDGE('',*,*,#1850,.T.);
#1399=ORIENTED_EDGE('',*,*,#1873,.F.);
#1400=ORIENTED_EDGE('',*,*,#1828,.F.);
#1401=ORIENTED_EDGE('',*,*,#1869,.T.);
#1402=ORIENTED_EDGE('',*,*,#1849,.T.);
#1403=ORIENTED_EDGE('',*,*,#1874,.F.);
#1404=ORIENTED_EDGE('',*,*,#1829,.F.);
#1405=ORIENTED_EDGE('',*,*,#1873,.T.);
#1406=ORIENTED_EDGE('',*,*,#1848,.F.);
#1407=ORIENTED_EDGE('',*,*,#1875,.F.);
#1408=ORIENTED_EDGE('',*,*,#1830,.T.);
#1409=ORIENTED_EDGE('',*,*,#1874,.T.);
#1410=ORIENTED_EDGE('',*,*,#1847,.T.);
#1411=ORIENTED_EDGE('',*,*,#1863,.F.);
#1412=ORIENTED_EDGE('',*,*,#1831,.F.);
#1413=ORIENTED_EDGE('',*,*,#1875,.T.);
#1414=ORIENTED_EDGE('',*,*,#1842,.T.);
#1415=ORIENTED_EDGE('',*,*,#1876,.T.);
#1416=ORIENTED_EDGE('',*,*,#1819,.F.);
#1417=ORIENTED_EDGE('',*,*,#1877,.F.);
#1418=ORIENTED_EDGE('',*,*,#1877,.T.);
#1419=ORIENTED_EDGE('',*,*,#1818,.T.);
#1420=ORIENTED_EDGE('',*,*,#1878,.F.);
#1421=ORIENTED_EDGE('',*,*,#1843,.F.);
#1422=ORIENTED_EDGE('',*,*,#1878,.T.);
#1423=ORIENTED_EDGE('',*,*,#1821,.T.);
#1424=ORIENTED_EDGE('',*,*,#1879,.F.);
#1425=ORIENTED_EDGE('',*,*,#1844,.F.);
#1426=ORIENTED_EDGE('',*,*,#1845,.T.);
#1427=ORIENTED_EDGE('',*,*,#1879,.T.);
#1428=ORIENTED_EDGE('',*,*,#1820,.F.);
#1429=ORIENTED_EDGE('',*,*,#1876,.F.);
#1430=ORIENTED_EDGE('',*,*,#1854,.T.);
#1431=ORIENTED_EDGE('',*,*,#1880,.F.);
#1432=ORIENTED_EDGE('',*,*,#1855,.F.);
#1433=ORIENTED_EDGE('',*,*,#1881,.T.);
#1434=ORIENTED_EDGE('',*,*,#1822,.F.);
#1435=ORIENTED_EDGE('',*,*,#1841,.T.);
#1436=ORIENTED_EDGE('',*,*,#1817,.T.);
#1437=ORIENTED_EDGE('',*,*,#1840,.F.);
#1438=ORIENTED_EDGE('',*,*,#1823,.T.);
#1439=ORIENTED_EDGE('',*,*,#1856,.F.);
#1440=ORIENTED_EDGE('',*,*,#1824,.F.);
#1441=ORIENTED_EDGE('',*,*,#1839,.T.);
#1442=ORIENTED_EDGE('',*,*,#1816,.F.);
#1443=ORIENTED_EDGE('',*,*,#1838,.T.);
#1444=ORIENTED_EDGE('',*,*,#1825,.T.);
#1445=ORIENTED_EDGE('',*,*,#1857,.F.);
#1446=ORIENTED_EDGE('',*,*,#1833,.T.);
#1447=ORIENTED_EDGE('',*,*,#1867,.F.);
#1448=ORIENTED_EDGE('',*,*,#1882,.F.);
#1449=ORIENTED_EDGE('',*,*,#1865,.T.);
#1450=ORIENTED_EDGE('',*,*,#1881,.F.);
#1451=ORIENTED_EDGE('',*,*,#1866,.T.);
#1452=ORIENTED_EDGE('',*,*,#1882,.T.);
#1453=ORIENTED_EDGE('',*,*,#1827,.F.);
#1454=ORIENTED_EDGE('',*,*,#1872,.F.);
#1455=ORIENTED_EDGE('',*,*,#1883,.T.);
#1456=ORIENTED_EDGE('',*,*,#1870,.T.);
#1457=ORIENTED_EDGE('',*,*,#1883,.F.);
#1458=ORIENTED_EDGE('',*,*,#1871,.T.);
#1459=ORIENTED_EDGE('',*,*,#1880,.T.);
#1460=ORIENTED_EDGE('',*,*,#1858,.T.);
#1461=ORIENTED_EDGE('',*,*,#1884,.T.);
#1462=ORIENTED_EDGE('',*,*,#1835,.F.);
#1463=ORIENTED_EDGE('',*,*,#1885,.F.);
#1464=ORIENTED_EDGE('',*,*,#1885,.T.);
#1465=ORIENTED_EDGE('',*,*,#1834,.T.);
#1466=ORIENTED_EDGE('',*,*,#1886,.F.);
#1467=ORIENTED_EDGE('',*,*,#1859,.F.);
#1468=ORIENTED_EDGE('',*,*,#1886,.T.);
#1469=ORIENTED_EDGE('',*,*,#1837,.T.);
#1470=ORIENTED_EDGE('',*,*,#1887,.F.);
#1471=ORIENTED_EDGE('',*,*,#1860,.F.);
#1472=ORIENTED_EDGE('',*,*,#1861,.T.);
#1473=ORIENTED_EDGE('',*,*,#1887,.T.);
#1474=ORIENTED_EDGE('',*,*,#1836,.F.);
#1475=ORIENTED_EDGE('',*,*,#1884,.F.);
#1476=EDGE_CURVE('',#1888,#1888,#2196,.T.);
#1477=EDGE_CURVE('',#1889,#1889,#2197,.T.);
#1478=EDGE_CURVE('',#1890,#1890,#2198,.T.);
#1479=EDGE_CURVE('',#1891,#1891,#2199,.T.);
#1480=EDGE_CURVE('',#1892,#1892,#2200,.T.);
#1481=EDGE_CURVE('',#1893,#1893,#2201,.T.);
#1482=EDGE_CURVE('',#1894,#1894,#2202,.T.);
#1483=EDGE_CURVE('',#1895,#1895,#2203,.T.);
#1484=EDGE_CURVE('',#1896,#1896,#2204,.T.);
#1485=EDGE_CURVE('',#1897,#1898,#140,.T.);
#1486=EDGE_CURVE('',#1897,#1899,#2205,.T.);
#1487=EDGE_CURVE('',#1899,#1900,#141,.T.);
#1488=EDGE_CURVE('',#1900,#1901,#2206,.T.);
#1489=EDGE_CURVE('',#1901,#1902,#142,.T.);
#1490=EDGE_CURVE('',#1902,#1903,#2207,.T.);
#1491=EDGE_CURVE('',#1904,#1903,#143,.T.);
#1492=EDGE_CURVE('',#1904,#1898,#2208,.T.);
#1493=EDGE_CURVE('',#1905,#1905,#2209,.T.);
#1494=EDGE_CURVE('',#1906,#1906,#2210,.T.);
#1495=EDGE_CURVE('',#1907,#1907,#2211,.T.);
#1496=EDGE_CURVE('',#1908,#1909,#144,.T.);
#1497=EDGE_CURVE('',#1908,#1910,#145,.T.);
#1498=EDGE_CURVE('',#1910,#1911,#146,.T.);
#1499=EDGE_CURVE('',#1909,#1911,#147,.T.);
#1500=EDGE_CURVE('',#1912,#1912,#2212,.T.);
#1501=EDGE_CURVE('',#1913,#1913,#2213,.T.);
#1502=EDGE_CURVE('',#1914,#1914,#2214,.T.);
#1503=EDGE_CURVE('',#1915,#1915,#2215,.T.);
#1504=EDGE_CURVE('',#1916,#1916,#2216,.T.);
#1505=EDGE_CURVE('',#1917,#1917,#2217,.T.);
#1506=EDGE_CURVE('',#1918,#1918,#2218,.T.);
#1507=EDGE_CURVE('',#1919,#1919,#2219,.T.);
#1508=EDGE_CURVE('',#1920,#1920,#2220,.T.);
#1509=EDGE_CURVE('',#1921,#1921,#2221,.T.);
#1510=EDGE_CURVE('',#1922,#1922,#2222,.F.);
#1511=EDGE_CURVE('',#1923,#1923,#2223,.F.);
#1512=EDGE_CURVE('',#1924,#1924,#2224,.T.);
#1513=EDGE_CURVE('',#1925,#1925,#2225,.T.);
#1514=EDGE_CURVE('',#1926,#1926,#2226,.F.);
#1515=EDGE_CURVE('',#1927,#1927,#2227,.F.);
#1516=EDGE_CURVE('',#1928,#1929,#2228,.T.);
#1517=EDGE_CURVE('',#1928,#1930,#148,.T.);
#1518=EDGE_CURVE('',#1931,#1930,#2229,.T.);
#1519=EDGE_CURVE('',#1931,#1932,#2230,.T.);
#1520=EDGE_CURVE('',#1933,#1932,#2231,.T.);
#1521=EDGE_CURVE('',#1934,#1933,#149,.T.);
#1522=EDGE_CURVE('',#1935,#1934,#2232,.T.);
#1523=EDGE_CURVE('',#1936,#1935,#2233,.F.);
#1524=EDGE_CURVE('',#1937,#1936,#2234,.T.);
#1525=EDGE_CURVE('',#1938,#1937,#150,.T.);
#1526=EDGE_CURVE('',#1939,#1938,#2235,.T.);
#1527=EDGE_CURVE('',#1939,#1940,#2236,.T.);
#1528=EDGE_CURVE('',#1941,#1940,#2237,.T.);
#1529=EDGE_CURVE('',#1941,#1942,#151,.T.);
#1530=EDGE_CURVE('',#1943,#1942,#2238,.T.);
#1531=EDGE_CURVE('',#1929,#1943,#2239,.F.);
#1532=EDGE_CURVE('',#1944,#1945,#152,.T.);
#1533=EDGE_CURVE('',#1944,#1946,#153,.T.);
#1534=EDGE_CURVE('',#1946,#1947,#154,.T.);
#1535=EDGE_CURVE('',#1945,#1947,#155,.T.);
#1536=EDGE_CURVE('',#1948,#1948,#2240,.T.);
#1537=EDGE_CURVE('',#1949,#1949,#2241,.T.);
#1538=EDGE_CURVE('',#1950,#1950,#2242,.F.);
#1539=EDGE_CURVE('',#1951,#1951,#2243,.F.);
#1540=EDGE_CURVE('',#1952,#1952,#2244,.F.);
#1541=EDGE_CURVE('',#1953,#1953,#2245,.F.);
#1542=EDGE_CURVE('',#1954,#1954,#2246,.T.);
#1543=EDGE_CURVE('',#1955,#1955,#2247,.T.);
#1544=EDGE_CURVE('',#1956,#1956,#2248,.T.);
#1545=EDGE_CURVE('',#1957,#1957,#2249,.F.);
#1546=EDGE_CURVE('',#1958,#1959,#156,.T.);
#1547=EDGE_CURVE('',#1897,#1958,#157,.T.);
#1548=EDGE_CURVE('',#1898,#1959,#158,.T.);
#1549=EDGE_CURVE('',#1960,#1961,#159,.T.);
#1550=EDGE_CURVE('',#1902,#1961,#160,.T.);
#1551=EDGE_CURVE('',#1901,#1960,#161,.T.);
#1552=EDGE_CURVE('',#1962,#1962,#2250,.T.);
#1553=EDGE_CURVE('',#1963,#1963,#2251,.T.);
#1554=EDGE_CURVE('',#1964,#1965,#162,.T.);
#1555=EDGE_CURVE('',#1942,#1965,#163,.F.);
#1556=EDGE_CURVE('',#1941,#1964,#164,.T.);
#1557=EDGE_CURVE('',#1966,#1966,#2252,.F.);
#1558=EDGE_CURVE('',#1967,#1967,#2253,.T.);
#1559=EDGE_CURVE('',#1968,#1968,#2254,.F.);
#1560=EDGE_CURVE('',#1969,#1970,#165,.T.);
#1561=EDGE_CURVE('',#1934,#1969,#166,.F.);
#1562=EDGE_CURVE('',#1933,#1970,#167,.T.);
#1563=EDGE_CURVE('',#1971,#1971,#2255,.T.);
#1564=EDGE_CURVE('',#1972,#1972,#2256,.T.);
#1565=EDGE_CURVE('',#1973,#1973,#2257,.T.);
#1566=EDGE_CURVE('',#1974,#1974,#2258,.T.);
#1567=EDGE_CURVE('',#1975,#1959,#2259,.T.);
#1568=EDGE_CURVE('',#1975,#1976,#168,.T.);
#1569=EDGE_CURVE('',#1961,#1976,#2260,.T.);
#1570=EDGE_CURVE('',#1977,#1960,#2261,.T.);
#1571=EDGE_CURVE('',#1978,#1977,#169,.T.);
#1572=EDGE_CURVE('',#1958,#1978,#2262,.T.);
#1573=EDGE_CURVE('',#1979,#1979,#2263,.T.);
#1574=EDGE_CURVE('',#1964,#1980,#2264,.T.);
#1575=EDGE_CURVE('',#1981,#1980,#2265,.T.);
#1576=EDGE_CURVE('',#1981,#1982,#2266,.T.);
#1577=EDGE_CURVE('',#1982,#1983,#170,.T.);
#1578=EDGE_CURVE('',#1983,#1984,#2267,.T.);
#1579=EDGE_CURVE('',#1984,#1985,#2268,.F.);
#1580=EDGE_CURVE('',#1985,#1969,#2269,.T.);
#1581=EDGE_CURVE('',#1970,#1986,#2270,.T.);
#1582=EDGE_CURVE('',#1987,#1986,#2271,.T.);
#1583=EDGE_CURVE('',#1987,#1988,#2272,.T.);
#1584=EDGE_CURVE('',#1989,#1988,#171,.T.);
#1585=EDGE_CURVE('',#1989,#1990,#2273,.T.);
#1586=EDGE_CURVE('',#1990,#1991,#2274,.F.);
#1587=EDGE_CURVE('',#1991,#1965,#2275,.T.);
#1588=EDGE_CURVE('',#1899,#1978,#172,.T.);
#1589=EDGE_CURVE('',#1900,#1977,#173,.T.);
#1590=EDGE_CURVE('',#1903,#1976,#174,.T.);
#1591=EDGE_CURVE('',#1904,#1975,#175,.T.);
#1592=EDGE_CURVE('',#1985,#1935,#176,.F.);
#1593=EDGE_CURVE('',#1938,#1982,#177,.T.);
#1594=EDGE_CURVE('',#1939,#1981,#178,.T.);
#1595=EDGE_CURVE('',#1930,#1988,#179,.T.);
#1596=EDGE_CURVE('',#1931,#1987,#180,.T.);
#1597=EDGE_CURVE('',#1991,#1943,#181,.F.);
#1598=EDGE_CURVE('',#1940,#1980,#182,.T.);
#1599=EDGE_CURVE('',#1937,#1983,#183,.T.);
#1600=EDGE_CURVE('',#1984,#1936,#184,.F.);
#1601=EDGE_CURVE('',#1932,#1986,#185,.T.);
#1602=EDGE_CURVE('',#1928,#1989,#186,.T.);
#1603=EDGE_CURVE('',#1990,#1929,#187,.F.);
#1604=EDGE_CURVE('',#1945,#1910,#188,.T.);
#1605=EDGE_CURVE('',#1944,#1908,#189,.T.);
#1606=EDGE_CURVE('',#1946,#1909,#190,.T.);
#1607=EDGE_CURVE('',#1947,#1911,#191,.T.);
#1608=EDGE_CURVE('',#1992,#1992,#2276,.T.);
#1609=EDGE_CURVE('',#1993,#1993,#2277,.T.);
#1610=EDGE_CURVE('',#1994,#1995,#192,.T.);
#1611=EDGE_CURVE('',#1996,#1994,#193,.T.);
#1612=EDGE_CURVE('',#1997,#1996,#194,.T.);
#1613=EDGE_CURVE('',#1997,#1995,#195,.T.);
#1614=EDGE_CURVE('',#1998,#1999,#196,.T.);
#1615=EDGE_CURVE('',#1999,#2000,#197,.T.);
#1616=EDGE_CURVE('',#2000,#2001,#198,.T.);
#1617=EDGE_CURVE('',#2001,#2002,#199,.T.);
#1618=EDGE_CURVE('',#2003,#2002,#200,.T.);
#1619=EDGE_CURVE('',#1996,#2003,#201,.T.);
#1620=EDGE_CURVE('',#1998,#1994,#202,.T.);
#1621=EDGE_CURVE('',#2004,#2005,#203,.T.);
#1622=EDGE_CURVE('',#2004,#1995,#204,.T.);
#1623=EDGE_CURVE('',#1997,#2006,#205,.T.);
#1624=EDGE_CURVE('',#2006,#2007,#206,.T.);
#1625=EDGE_CURVE('',#2008,#2007,#207,.T.);
#1626=EDGE_CURVE('',#2009,#2008,#208,.T.);
#1627=EDGE_CURVE('',#2005,#2009,#209,.T.);
#1628=EDGE_CURVE('',#2006,#2003,#210,.T.);
#1629=EDGE_CURVE('',#2007,#2002,#211,.T.);
#1630=EDGE_CURVE('',#2008,#2001,#212,.T.);
#1631=EDGE_CURVE('',#2010,#2010,#2278,.T.);
#1632=EDGE_CURVE('',#2011,#2011,#2279,.T.);
#1633=EDGE_CURVE('',#2000,#2009,#213,.T.);
#1634=EDGE_CURVE('',#2012,#2012,#2280,.F.);
#1635=EDGE_CURVE('',#2013,#2013,#2281,.F.);
#1636=EDGE_CURVE('',#2014,#2014,#2282,.F.);
#1637=EDGE_CURVE('',#2015,#2015,#2283,.F.);
#1638=EDGE_CURVE('',#1998,#2004,#214,.T.);
#1639=EDGE_CURVE('',#1999,#2005,#215,.T.);
#1640=EDGE_CURVE('',#2016,#2016,#2284,.T.);
#1641=EDGE_CURVE('',#2017,#2017,#2285,.T.);
#1642=EDGE_CURVE('',#2018,#2019,#216,.T.);
#1643=EDGE_CURVE('',#2020,#2018,#217,.T.);
#1644=EDGE_CURVE('',#2021,#2020,#218,.T.);
#1645=EDGE_CURVE('',#2021,#2019,#219,.T.);
#1646=EDGE_CURVE('',#2022,#2023,#220,.T.);
#1647=EDGE_CURVE('',#2023,#2024,#221,.T.);
#1648=EDGE_CURVE('',#2024,#2025,#222,.T.);
#1649=EDGE_CURVE('',#2025,#2026,#223,.T.);
#1650=EDGE_CURVE('',#2027,#2026,#224,.T.);
#1651=EDGE_CURVE('',#2020,#2027,#225,.T.);
#1652=EDGE_CURVE('',#2022,#2018,#226,.T.);
#1653=EDGE_CURVE('',#2028,#2029,#227,.T.);
#1654=EDGE_CURVE('',#2028,#2019,#228,.T.);
#1655=EDGE_CURVE('',#2021,#2030,#229,.T.);
#1656=EDGE_CURVE('',#2030,#2031,#230,.T.);
#1657=EDGE_CURVE('',#2032,#2031,#231,.T.);
#1658=EDGE_CURVE('',#2033,#2032,#232,.T.);
#1659=EDGE_CURVE('',#2029,#2033,#233,.T.);
#1660=EDGE_CURVE('',#2030,#2027,#234,.T.);
#1661=EDGE_CURVE('',#2031,#2026,#235,.T.);
#1662=EDGE_CURVE('',#2032,#2025,#236,.T.);
#1663=EDGE_CURVE('',#2034,#2034,#2286,.T.);
#1664=EDGE_CURVE('',#2035,#2035,#2287,.T.);
#1665=EDGE_CURVE('',#2024,#2033,#237,.T.);
#1666=EDGE_CURVE('',#2036,#2036,#2288,.F.);
#1667=EDGE_CURVE('',#2037,#2037,#2289,.F.);
#1668=EDGE_CURVE('',#2038,#2038,#2290,.F.);
#1669=EDGE_CURVE('',#2039,#2039,#2291,.F.);
#1670=EDGE_CURVE('',#2022,#2028,#238,.T.);
#1671=EDGE_CURVE('',#2023,#2029,#239,.T.);
#1672=EDGE_CURVE('',#2040,#2040,#2292,.T.);
#1673=EDGE_CURVE('',#2041,#2041,#2293,.T.);
#1674=EDGE_CURVE('',#2042,#2043,#240,.T.);
#1675=EDGE_CURVE('',#2042,#2044,#241,.T.);
#1676=EDGE_CURVE('',#2045,#2044,#242,.T.);
#1677=EDGE_CURVE('',#2043,#2045,#243,.T.);
#1678=EDGE_CURVE('',#2046,#2047,#244,.T.);
#1679=EDGE_CURVE('',#2047,#2043,#245,.T.);
#1680=EDGE_CURVE('',#2045,#2048,#246,.T.);
#1681=EDGE_CURVE('',#2049,#2048,#247,.T.);
#1682=EDGE_CURVE('',#2050,#2049,#248,.T.);
#1683=EDGE_CURVE('',#2050,#2051,#249,.T.);
#1684=EDGE_CURVE('',#2046,#2051,#250,.T.);
#1685=EDGE_CURVE('',#2049,#2052,#251,.T.);
#1686=EDGE_CURVE('',#2053,#2052,#252,.T.);
#1687=EDGE_CURVE('',#2050,#2053,#253,.T.);
#1688=EDGE_CURVE('',#2048,#2054,#254,.T.);
#1689=EDGE_CURVE('',#2044,#2054,#255,.T.);
#1690=EDGE_CURVE('',#2055,#2056,#256,.T.);
#1691=EDGE_CURVE('',#2055,#2057,#257,.T.);
#1692=EDGE_CURVE('',#2053,#2057,#258,.T.);
#1693=EDGE_CURVE('',#2052,#2054,#259,.T.);
#1694=EDGE_CURVE('',#2056,#2042,#260,.T.);
#1695=EDGE_CURVE('',#2058,#2058,#2294,.T.);
#1696=EDGE_CURVE('',#2059,#2059,#2295,.T.);
#1697=EDGE_CURVE('',#2057,#2051,#261,.T.);
#1698=EDGE_CURVE('',#2060,#2060,#2296,.T.);
#1699=EDGE_CURVE('',#2061,#2061,#2297,.T.);
#1700=EDGE_CURVE('',#2062,#2062,#2298,.T.);
#1701=EDGE_CURVE('',#2063,#2063,#2299,.T.);
#1702=EDGE_CURVE('',#2056,#2047,#262,.T.);
#1703=EDGE_CURVE('',#2055,#2046,#263,.T.);
#1704=EDGE_CURVE('',#2064,#2064,#2300,.T.);
#1705=EDGE_CURVE('',#2065,#2065,#2301,.T.);
#1706=EDGE_CURVE('',#2066,#2067,#264,.T.);
#1707=EDGE_CURVE('',#2066,#2068,#265,.T.);
#1708=EDGE_CURVE('',#2069,#2068,#266,.T.);
#1709=EDGE_CURVE('',#2067,#2069,#267,.T.);
#1710=EDGE_CURVE('',#2070,#2071,#268,.T.);
#1711=EDGE_CURVE('',#2071,#2067,#269,.T.);
#1712=EDGE_CURVE('',#2069,#2072,#270,.T.);
#1713=EDGE_CURVE('',#2073,#2072,#271,.T.);
#1714=EDGE_CURVE('',#2074,#2073,#272,.T.);
#1715=EDGE_CURVE('',#2074,#2075,#273,.T.);
#1716=EDGE_CURVE('',#2070,#2075,#274,.T.);
#1717=EDGE_CURVE('',#2073,#2076,#275,.T.);
#1718=EDGE_CURVE('',#2077,#2076,#276,.T.);
#1719=EDGE_CURVE('',#2074,#2077,#277,.T.);
#1720=EDGE_CURVE('',#2072,#2078,#278,.T.);
#1721=EDGE_CURVE('',#2068,#2078,#279,.T.);
#1722=EDGE_CURVE('',#2079,#2080,#280,.T.);
#1723=EDGE_CURVE('',#2079,#2081,#281,.T.);
#1724=EDGE_CURVE('',#2077,#2081,#282,.T.);
#1725=EDGE_CURVE('',#2076,#2078,#283,.T.);
#1726=EDGE_CURVE('',#2080,#2066,#284,.T.);
#1727=EDGE_CURVE('',#2082,#2082,#2302,.T.);
#1728=EDGE_CURVE('',#2083,#2083,#2303,.T.);
#1729=EDGE_CURVE('',#2081,#2075,#285,.T.);
#1730=EDGE_CURVE('',#2084,#2084,#2304,.T.);
#1731=EDGE_CURVE('',#2085,#2085,#2305,.T.);
#1732=EDGE_CURVE('',#2086,#2086,#2306,.T.);
#1733=EDGE_CURVE('',#2087,#2087,#2307,.T.);
#1734=EDGE_CURVE('',#2079,#2070,#286,.T.);
#1735=EDGE_CURVE('',#2080,#2071,#287,.T.);
#1736=EDGE_CURVE('',#2088,#2088,#2308,.T.);
#1737=EDGE_CURVE('',#2089,#2089,#2309,.T.);
#1738=EDGE_CURVE('',#2090,#2090,#2310,.F.);
#1739=EDGE_CURVE('',#2091,#2092,#288,.T.);
#1740=EDGE_CURVE('',#2091,#2093,#289,.T.);
#1741=EDGE_CURVE('',#2093,#2094,#290,.T.);
#1742=EDGE_CURVE('',#2092,#2094,#291,.T.);
#1743=EDGE_CURVE('',#2095,#2096,#292,.T.);
#1744=EDGE_CURVE('',#2095,#2097,#2311,.T.);
#1745=EDGE_CURVE('',#2097,#2098,#293,.T.);
#1746=EDGE_CURVE('',#2098,#2099,#2312,.T.);
#1747=EDGE_CURVE('',#2099,#2100,#294,.T.);
#1748=EDGE_CURVE('',#2100,#2101,#2313,.T.);
#1749=EDGE_CURVE('',#2102,#2101,#295,.T.);
#1750=EDGE_CURVE('',#2102,#2096,#2314,.T.);
#1751=EDGE_CURVE('',#2103,#2104,#296,.T.);
#1752=EDGE_CURVE('',#2104,#2105,#297,.T.);
#1753=EDGE_CURVE('',#2106,#2105,#298,.T.);
#1754=EDGE_CURVE('',#2103,#2106,#299,.T.);
#1755=EDGE_CURVE('',#2107,#2108,#300,.T.);
#1756=EDGE_CURVE('',#2107,#2109,#301,.T.);
#1757=EDGE_CURVE('',#2109,#2110,#302,.T.);
#1758=EDGE_CURVE('',#2108,#2110,#303,.T.);
#1759=EDGE_CURVE('',#2111,#2112,#304,.T.);
#1760=EDGE_CURVE('',#2112,#2113,#305,.T.);
#1761=EDGE_CURVE('',#2114,#2113,#306,.T.);
#1762=EDGE_CURVE('',#2111,#2114,#307,.T.);
#1763=EDGE_CURVE('',#2115,#2115,#2315,.T.);
#1764=EDGE_CURVE('',#2116,#2116,#2316,.T.);
#1765=EDGE_CURVE('',#2117,#2117,#2317,.T.);
#1766=EDGE_CURVE('',#2118,#2119,#308,.T.);
#1767=EDGE_CURVE('',#2120,#2118,#309,.T.);
#1768=EDGE_CURVE('',#2120,#2121,#310,.T.);
#1769=EDGE_CURVE('',#2121,#2119,#311,.T.);
#1770=EDGE_CURVE('',#2122,#2123,#312,.T.);
#1771=EDGE_CURVE('',#2122,#2124,#313,.T.);
#1772=EDGE_CURVE('',#2124,#2125,#314,.T.);
#1773=EDGE_CURVE('',#2123,#2125,#315,.T.);
#1774=EDGE_CURVE('',#2126,#2127,#316,.T.);
#1775=EDGE_CURVE('',#2128,#2126,#317,.T.);
#1776=EDGE_CURVE('',#2128,#2129,#318,.T.);
#1777=EDGE_CURVE('',#2129,#2127,#319,.T.);
#1778=EDGE_CURVE('',#2130,#2131,#320,.T.);
#1779=EDGE_CURVE('',#2132,#2131,#2318,.T.);
#1780=EDGE_CURVE('',#2132,#2133,#321,.T.);
#1781=EDGE_CURVE('',#2134,#2133,#2319,.T.);
#1782=EDGE_CURVE('',#2135,#2134,#322,.T.);
#1783=EDGE_CURVE('',#2136,#2135,#2320,.T.);
#1784=EDGE_CURVE('',#2137,#2136,#323,.T.);
#1785=EDGE_CURVE('',#2130,#2137,#2321,.T.);
#1786=EDGE_CURVE('',#2138,#2139,#324,.T.);
#1787=EDGE_CURVE('',#2138,#2140,#325,.T.);
#1788=EDGE_CURVE('',#2140,#2141,#326,.T.);
#1789=EDGE_CURVE('',#2139,#2141,#327,.T.);
#1790=EDGE_CURVE('',#2142,#2142,#2322,.F.);
#1791=EDGE_CURVE('',#2143,#2143,#2323,.T.);
#1792=EDGE_CURVE('',#2095,#2130,#328,.T.);
#1793=EDGE_CURVE('',#2096,#2131,#329,.T.);
#1794=EDGE_CURVE('',#2097,#2137,#330,.T.);
#1795=EDGE_CURVE('',#2098,#2136,#331,.T.);
#1796=EDGE_CURVE('',#2099,#2135,#332,.T.);
#1797=EDGE_CURVE('',#2100,#2134,#333,.T.);
#1798=EDGE_CURVE('',#2101,#2133,#334,.T.);
#1799=EDGE_CURVE('',#2102,#2132,#335,.T.);
#1800=EDGE_CURVE('',#2127,#2105,#336,.T.);
#1801=EDGE_CURVE('',#2126,#2104,#337,.T.);
#1802=EDGE_CURVE('',#2128,#2103,#338,.T.);
#1803=EDGE_CURVE('',#2129,#2106,#339,.T.);
#1804=EDGE_CURVE('',#2139,#2109,#340,.T.);
#1805=EDGE_CURVE('',#2138,#2107,#341,.T.);
#1806=EDGE_CURVE('',#2140,#2108,#342,.T.);
#1807=EDGE_CURVE('',#2141,#2110,#343,.T.);
#1808=EDGE_CURVE('',#2122,#2091,#344,.T.);
#1809=EDGE_CURVE('',#2124,#2092,#345,.T.);
#1810=EDGE_CURVE('',#2125,#2094,#346,.T.);
#1811=EDGE_CURVE('',#2123,#2093,#347,.T.);
#1812=EDGE_CURVE('',#2119,#2113,#348,.T.);
#1813=EDGE_CURVE('',#2118,#2112,#349,.T.);
#1814=EDGE_CURVE('',#2120,#2111,#350,.T.);
#1815=EDGE_CURVE('',#2121,#2114,#351,.T.);
#1816=EDGE_CURVE('',#2144,#2144,#2324,.T.);
#1817=EDGE_CURVE('',#2145,#2145,#2325,.T.);
#1818=EDGE_CURVE('',#2146,#2147,#352,.T.);
#1819=EDGE_CURVE('',#2146,#2148,#353,.T.);
#1820=EDGE_CURVE('',#2148,#2149,#354,.T.);
#1821=EDGE_CURVE('',#2147,#2149,#355,.T.);
#1822=EDGE_CURVE('',#2150,#2150,#2326,.T.);
#1823=EDGE_CURVE('',#2151,#2151,#2327,.T.);
#1824=EDGE_CURVE('',#2152,#2152,#2328,.T.);
#1825=EDGE_CURVE('',#2153,#2153,#2329,.T.);
#1826=EDGE_CURVE('',#2154,#2155,#356,.T.);
#1827=EDGE_CURVE('',#2155,#2156,#18,.T.);
#1828=EDGE_CURVE('',#2156,#2157,#357,.T.);
#1829=EDGE_CURVE('',#2157,#2158,#2330,.T.);
#1830=EDGE_CURVE('',#2159,#2158,#358,.T.);
#1831=EDGE_CURVE('',#2159,#2160,#2331,.T.);
#1832=EDGE_CURVE('',#2161,#2160,#359,.T.);
#1833=EDGE_CURVE('',#2154,#2161,#19,.T.);
#1834=EDGE_CURVE('',#2162,#2163,#360,.T.);
#1835=EDGE_CURVE('',#2162,#2164,#361,.T.);
#1836=EDGE_CURVE('',#2164,#2165,#362,.T.);
#1837=EDGE_CURVE('',#2163,#2165,#363,.T.);
#1838=EDGE_CURVE('',#2166,#2166,#2332,.F.);
#1839=EDGE_CURVE('',#2167,#2167,#2333,.F.);
#1840=EDGE_CURVE('',#2168,#2168,#2334,.T.);
#1841=EDGE_CURVE('',#2169,#2169,#2335,.F.);
#1842=EDGE_CURVE('',#2170,#2171,#364,.T.);
#1843=EDGE_CURVE('',#2170,#2172,#365,.T.);
#1844=EDGE_CURVE('',#2172,#2173,#366,.T.);
#1845=EDGE_CURVE('',#2171,#2173,#367,.T.);
#1846=EDGE_CURVE('',#2174,#2175,#368,.T.);
#1847=EDGE_CURVE('',#2176,#2175,#2336,.T.);
#1848=EDGE_CURVE('',#2176,#2177,#369,.T.);
#1849=EDGE_CURVE('',#2178,#2177,#2337,.T.);
#1850=EDGE_CURVE('',#2179,#2178,#370,.T.);
#1851=EDGE_CURVE('',#2180,#2179,#2338,.T.);
#1852=EDGE_CURVE('',#2181,#2180,#371,.T.);
#1853=EDGE_CURVE('',#2174,#2181,#2339,.T.);
#1854=EDGE_CURVE('',#2182,#2182,#2340,.F.);
#1855=EDGE_CURVE('',#2183,#2183,#2341,.T.);
#1856=EDGE_CURVE('',#2184,#2184,#2342,.T.);
#1857=EDGE_CURVE('',#2185,#2185,#2343,.T.);
#1858=EDGE_CURVE('',#2186,#2187,#372,.T.);
#1859=EDGE_CURVE('',#2186,#2188,#373,.T.);
#1860=EDGE_CURVE('',#2188,#2189,#374,.T.);
#1861=EDGE_CURVE('',#2187,#2189,#375,.T.);
#1862=EDGE_CURVE('',#2161,#2174,#376,.T.);
#1863=EDGE_CURVE('',#2160,#2175,#377,.T.);
#1864=EDGE_CURVE('',#2154,#2181,#378,.T.);
#1865=EDGE_CURVE('',#2190,#2154,#379,.T.);
#1866=EDGE_CURVE('',#2191,#2190,#2344,.T.);
#1867=EDGE_CURVE('',#2191,#2161,#380,.T.);
#1868=EDGE_CURVE('',#2155,#2180,#381,.T.);
#1869=EDGE_CURVE('',#2156,#2179,#382,.T.);
#1870=EDGE_CURVE('',#2192,#2156,#383,.T.);
#1871=EDGE_CURVE('',#2193,#2192,#2345,.T.);
#1872=EDGE_CURVE('',#2193,#2155,#384,.T.);
#1873=EDGE_CURVE('',#2157,#2178,#385,.T.);
#1874=EDGE_CURVE('',#2158,#2177,#386,.T.);
#1875=EDGE_CURVE('',#2159,#2176,#387,.T.);
#1876=EDGE_CURVE('',#2171,#2148,#388,.T.);
#1877=EDGE_CURVE('',#2170,#2146,#389,.T.);
#1878=EDGE_CURVE('',#2172,#2147,#390,.T.);
#1879=EDGE_CURVE('',#2173,#2149,#391,.T.);
#1880=EDGE_CURVE('',#2194,#2194,#2346,.T.);
#1881=EDGE_CURVE('',#2195,#2195,#2347,.T.);
#1882=EDGE_CURVE('',#2190,#2191,#20,.T.);
#1883=EDGE_CURVE('',#2193,#2192,#21,.T.);
#1884=EDGE_CURVE('',#2187,#2164,#392,.T.);
#1885=EDGE_CURVE('',#2186,#2162,#393,.T.);
#1886=EDGE_CURVE('',#2188,#2163,#394,.T.);
#1887=EDGE_CURVE('',#2189,#2165,#395,.T.);
#1888=VERTEX_POINT('',#4659);
#1889=VERTEX_POINT('',#4661);
#1890=VERTEX_POINT('',#4663);
#1891=VERTEX_POINT('',#4665);
#1892=VERTEX_POINT('',#4667);
#1893=VERTEX_POINT('',#4669);
#1894=VERTEX_POINT('',#4671);
#1895=VERTEX_POINT('',#4673);
#1896=VERTEX_POINT('',#4675);
#1897=VERTEX_POINT('',#4677);
#1898=VERTEX_POINT('',#4678);
#1899=VERTEX_POINT('',#4680);
#1900=VERTEX_POINT('',#4682);
#1901=VERTEX_POINT('',#4684);
#1902=VERTEX_POINT('',#4686);
#1903=VERTEX_POINT('',#4688);
#1904=VERTEX_POINT('',#4690);
#1905=VERTEX_POINT('',#4693);
#1906=VERTEX_POINT('',#4695);
#1907=VERTEX_POINT('',#4697);
#1908=VERTEX_POINT('',#4699);
#1909=VERTEX_POINT('',#4700);
#1910=VERTEX_POINT('',#4702);
#1911=VERTEX_POINT('',#4704);
#1912=VERTEX_POINT('',#4707);
#1913=VERTEX_POINT('',#4709);
#1914=VERTEX_POINT('',#4711);
#1915=VERTEX_POINT('',#4713);
#1916=VERTEX_POINT('',#4715);
#1917=VERTEX_POINT('',#4717);
#1918=VERTEX_POINT('',#4719);
#1919=VERTEX_POINT('',#4721);
#1920=VERTEX_POINT('',#4724);
#1921=VERTEX_POINT('',#4726);
#1922=VERTEX_POINT('',#4728);
#1923=VERTEX_POINT('',#4730);
#1924=VERTEX_POINT('',#4732);
#1925=VERTEX_POINT('',#4734);
#1926=VERTEX_POINT('',#4736);
#1927=VERTEX_POINT('',#4738);
#1928=VERTEX_POINT('',#4740);
#1929=VERTEX_POINT('',#4741);
#1930=VERTEX_POINT('',#4743);
#1931=VERTEX_POINT('',#4745);
#1932=VERTEX_POINT('',#4747);
#1933=VERTEX_POINT('',#4749);
#1934=VERTEX_POINT('',#4751);
#1935=VERTEX_POINT('',#4753);
#1936=VERTEX_POINT('',#4755);
#1937=VERTEX_POINT('',#4757);
#1938=VERTEX_POINT('',#4759);
#1939=VERTEX_POINT('',#4761);
#1940=VERTEX_POINT('',#4763);
#1941=VERTEX_POINT('',#4765);
#1942=VERTEX_POINT('',#4767);
#1943=VERTEX_POINT('',#4769);
#1944=VERTEX_POINT('',#4772);
#1945=VERTEX_POINT('',#4773);
#1946=VERTEX_POINT('',#4775);
#1947=VERTEX_POINT('',#4777);
#1948=VERTEX_POINT('',#4780);
#1949=VERTEX_POINT('',#4782);
#1950=VERTEX_POINT('',#4784);
#1951=VERTEX_POINT('',#4786);
#1952=VERTEX_POINT('',#4788);
#1953=VERTEX_POINT('',#4790);
#1954=VERTEX_POINT('',#4792);
#1955=VERTEX_POINT('',#4794);
#1956=VERTEX_POINT('',#4797);
#1957=VERTEX_POINT('',#4799);
#1958=VERTEX_POINT('',#4801);
#1959=VERTEX_POINT('',#4802);
#1960=VERTEX_POINT('',#4807);
#1961=VERTEX_POINT('',#4808);
#1962=VERTEX_POINT('',#4812);
#1963=VERTEX_POINT('',#4814);
#1964=VERTEX_POINT('',#4817);
#1965=VERTEX_POINT('',#4818);
#1966=VERTEX_POINT('',#4822);
#1967=VERTEX_POINT('',#4824);
#1968=VERTEX_POINT('',#4827);
#1969=VERTEX_POINT('',#4829);
#1970=VERTEX_POINT('',#4830);
#1971=VERTEX_POINT('',#4834);
#1972=VERTEX_POINT('',#4837);
#1973=VERTEX_POINT('',#4839);
#1974=VERTEX_POINT('',#4841);
#1975=VERTEX_POINT('',#4843);
#1976=VERTEX_POINT('',#4845);
#1977=VERTEX_POINT('',#4848);
#1978=VERTEX_POINT('',#4850);
#1979=VERTEX_POINT('',#4853);
#1980=VERTEX_POINT('',#4855);
#1981=VERTEX_POINT('',#4857);
#1982=VERTEX_POINT('',#4859);
#1983=VERTEX_POINT('',#4861);
#1984=VERTEX_POINT('',#4863);
#1985=VERTEX_POINT('',#4865);
#1986=VERTEX_POINT('',#4868);
#1987=VERTEX_POINT('',#4870);
#1988=VERTEX_POINT('',#4872);
#1989=VERTEX_POINT('',#4874);
#1990=VERTEX_POINT('',#4876);
#1991=VERTEX_POINT('',#4878);
#1992=VERTEX_POINT('',#4951);
#1993=VERTEX_POINT('',#4953);
#1994=VERTEX_POINT('',#4955);
#1995=VERTEX_POINT('',#4956);
#1996=VERTEX_POINT('',#4958);
#1997=VERTEX_POINT('',#4960);
#1998=VERTEX_POINT('',#4964);
#1999=VERTEX_POINT('',#4965);
#2000=VERTEX_POINT('',#4967);
#2001=VERTEX_POINT('',#4969);
#2002=VERTEX_POINT('',#4971);
#2003=VERTEX_POINT('',#4973);
#2004=VERTEX_POINT('',#4978);
#2005=VERTEX_POINT('',#4979);
#2006=VERTEX_POINT('',#4982);
#2007=VERTEX_POINT('',#4984);
#2008=VERTEX_POINT('',#4986);
#2009=VERTEX_POINT('',#4988);
#2010=VERTEX_POINT('',#4997);
#2011=VERTEX_POINT('',#4999);
#2012=VERTEX_POINT('',#5003);
#2013=VERTEX_POINT('',#5005);
#2014=VERTEX_POINT('',#5007);
#2015=VERTEX_POINT('',#5009);
#2016=VERTEX_POINT('',#5022);
#2017=VERTEX_POINT('',#5024);
#2018=VERTEX_POINT('',#5026);
#2019=VERTEX_POINT('',#5027);
#2020=VERTEX_POINT('',#5029);
#2021=VERTEX_POINT('',#5031);
#2022=VERTEX_POINT('',#5035);
#2023=VERTEX_POINT('',#5036);
#2024=VERTEX_POINT('',#5038);
#2025=VERTEX_POINT('',#5040);
#2026=VERTEX_POINT('',#5042);
#2027=VERTEX_POINT('',#5044);
#2028=VERTEX_POINT('',#5049);
#2029=VERTEX_POINT('',#5050);
#2030=VERTEX_POINT('',#5053);
#2031=VERTEX_POINT('',#5055);
#2032=VERTEX_POINT('',#5057);
#2033=VERTEX_POINT('',#5059);
#2034=VERTEX_POINT('',#5068);
#2035=VERTEX_POINT('',#5070);
#2036=VERTEX_POINT('',#5074);
#2037=VERTEX_POINT('',#5076);
#2038=VERTEX_POINT('',#5078);
#2039=VERTEX_POINT('',#5080);
#2040=VERTEX_POINT('',#5093);
#2041=VERTEX_POINT('',#5095);
#2042=VERTEX_POINT('',#5097);
#2043=VERTEX_POINT('',#5098);
#2044=VERTEX_POINT('',#5100);
#2045=VERTEX_POINT('',#5102);
#2046=VERTEX_POINT('',#5106);
#2047=VERTEX_POINT('',#5107);
#2048=VERTEX_POINT('',#5110);
#2049=VERTEX_POINT('',#5112);
#2050=VERTEX_POINT('',#5114);
#2051=VERTEX_POINT('',#5116);
#2052=VERTEX_POINT('',#5120);
#2053=VERTEX_POINT('',#5122);
#2054=VERTEX_POINT('',#5126);
#2055=VERTEX_POINT('',#5130);
#2056=VERTEX_POINT('',#5131);
#2057=VERTEX_POINT('',#5133);
#2058=VERTEX_POINT('',#5139);
#2059=VERTEX_POINT('',#5141);
#2060=VERTEX_POINT('',#5145);
#2061=VERTEX_POINT('',#5147);
#2062=VERTEX_POINT('',#5149);
#2063=VERTEX_POINT('',#5151);
#2064=VERTEX_POINT('',#5164);
#2065=VERTEX_POINT('',#5166);
#2066=VERTEX_POINT('',#5168);
#2067=VERTEX_POINT('',#5169);
#2068=VERTEX_POINT('',#5171);
#2069=VERTEX_POINT('',#5173);
#2070=VERTEX_POINT('',#5177);
#2071=VERTEX_POINT('',#5178);
#2072=VERTEX_POINT('',#5181);
#2073=VERTEX_POINT('',#5183);
#2074=VERTEX_POINT('',#5185);
#2075=VERTEX_POINT('',#5187);
#2076=VERTEX_POINT('',#5191);
#2077=VERTEX_POINT('',#5193);
#2078=VERTEX_POINT('',#5197);
#2079=VERTEX_POINT('',#5201);
#2080=VERTEX_POINT('',#5202);
#2081=VERTEX_POINT('',#5204);
#2082=VERTEX_POINT('',#5210);
#2083=VERTEX_POINT('',#5212);
#2084=VERTEX_POINT('',#5216);
#2085=VERTEX_POINT('',#5218);
#2086=VERTEX_POINT('',#5220);
#2087=VERTEX_POINT('',#5222);
#2088=VERTEX_POINT('',#5235);
#2089=VERTEX_POINT('',#5237);
#2090=VERTEX_POINT('',#5239);
#2091=VERTEX_POINT('',#5241);
#2092=VERTEX_POINT('',#5242);
#2093=VERTEX_POINT('',#5244);
#2094=VERTEX_POINT('',#5246);
#2095=VERTEX_POINT('',#5249);
#2096=VERTEX_POINT('',#5250);
#2097=VERTEX_POINT('',#5252);
#2098=VERTEX_POINT('',#5254);
#2099=VERTEX_POINT('',#5256);
#2100=VERTEX_POINT('',#5258);
#2101=VERTEX_POINT('',#5260);
#2102=VERTEX_POINT('',#5262);
#2103=VERTEX_POINT('',#5265);
#2104=VERTEX_POINT('',#5266);
#2105=VERTEX_POINT('',#5268);
#2106=VERTEX_POINT('',#5270);
#2107=VERTEX_POINT('',#5273);
#2108=VERTEX_POINT('',#5274);
#2109=VERTEX_POINT('',#5276);
#2110=VERTEX_POINT('',#5278);
#2111=VERTEX_POINT('',#5281);
#2112=VERTEX_POINT('',#5282);
#2113=VERTEX_POINT('',#5284);
#2114=VERTEX_POINT('',#5286);
#2115=VERTEX_POINT('',#5289);
#2116=VERTEX_POINT('',#5292);
#2117=VERTEX_POINT('',#5294);
#2118=VERTEX_POINT('',#5296);
#2119=VERTEX_POINT('',#5297);
#2120=VERTEX_POINT('',#5299);
#2121=VERTEX_POINT('',#5301);
#2122=VERTEX_POINT('',#5304);
#2123=VERTEX_POINT('',#5305);
#2124=VERTEX_POINT('',#5307);
#2125=VERTEX_POINT('',#5309);
#2126=VERTEX_POINT('',#5312);
#2127=VERTEX_POINT('',#5313);
#2128=VERTEX_POINT('',#5315);
#2129=VERTEX_POINT('',#5317);
#2130=VERTEX_POINT('',#5320);
#2131=VERTEX_POINT('',#5321);
#2132=VERTEX_POINT('',#5323);
#2133=VERTEX_POINT('',#5325);
#2134=VERTEX_POINT('',#5327);
#2135=VERTEX_POINT('',#5329);
#2136=VERTEX_POINT('',#5331);
#2137=VERTEX_POINT('',#5333);
#2138=VERTEX_POINT('',#5336);
#2139=VERTEX_POINT('',#5337);
#2140=VERTEX_POINT('',#5339);
#2141=VERTEX_POINT('',#5341);
#2142=VERTEX_POINT('',#5344);
#2143=VERTEX_POINT('',#5346);
#2144=VERTEX_POINT('',#5402);
#2145=VERTEX_POINT('',#5404);
#2146=VERTEX_POINT('',#5406);
#2147=VERTEX_POINT('',#5407);
#2148=VERTEX_POINT('',#5409);
#2149=VERTEX_POINT('',#5411);
#2150=VERTEX_POINT('',#5414);
#2151=VERTEX_POINT('',#5416);
#2152=VERTEX_POINT('',#5418);
#2153=VERTEX_POINT('',#5420);
#2154=VERTEX_POINT('',#5422);
#2155=VERTEX_POINT('',#5423);
#2156=VERTEX_POINT('',#5427);
#2157=VERTEX_POINT('',#5429);
#2158=VERTEX_POINT('',#5431);
#2159=VERTEX_POINT('',#5433);
#2160=VERTEX_POINT('',#5435);
#2161=VERTEX_POINT('',#5437);
#2162=VERTEX_POINT('',#5442);
#2163=VERTEX_POINT('',#5443);
#2164=VERTEX_POINT('',#5445);
#2165=VERTEX_POINT('',#5447);
#2166=VERTEX_POINT('',#5451);
#2167=VERTEX_POINT('',#5453);
#2168=VERTEX_POINT('',#5455);
#2169=VERTEX_POINT('',#5457);
#2170=VERTEX_POINT('',#5459);
#2171=VERTEX_POINT('',#5460);
#2172=VERTEX_POINT('',#5462);
#2173=VERTEX_POINT('',#5464);
#2174=VERTEX_POINT('',#5467);
#2175=VERTEX_POINT('',#5468);
#2176=VERTEX_POINT('',#5470);
#2177=VERTEX_POINT('',#5472);
#2178=VERTEX_POINT('',#5474);
#2179=VERTEX_POINT('',#5476);
#2180=VERTEX_POINT('',#5478);
#2181=VERTEX_POINT('',#5480);
#2182=VERTEX_POINT('',#5483);
#2183=VERTEX_POINT('',#5485);
#2184=VERTEX_POINT('',#5487);
#2185=VERTEX_POINT('',#5489);
#2186=VERTEX_POINT('',#5491);
#2187=VERTEX_POINT('',#5492);
#2188=VERTEX_POINT('',#5494);
#2189=VERTEX_POINT('',#5496);
#2190=VERTEX_POINT('',#5504);
#2191=VERTEX_POINT('',#5506);
#2192=VERTEX_POINT('',#5513);
#2193=VERTEX_POINT('',#5515);
#2194=VERTEX_POINT('',#5534);
#2195=VERTEX_POINT('',#5537);
#2196=CIRCLE('',#3415,0.003);
#2197=CIRCLE('',#3416,0.003);
#2198=CIRCLE('',#3417,0.003);
#2199=CIRCLE('',#3418,0.003);
#2200=CIRCLE('',#3419,0.003);
#2201=CIRCLE('',#3420,0.003);
#2202=CIRCLE('',#3421,0.003);
#2203=CIRCLE('',#3422,0.003);
#2204=CIRCLE('',#3423,0.001524);
#2205=CIRCLE('',#3424,0.00858494342779874);
#2206=CIRCLE('',#3425,0.0085849434277987);
#2207=CIRCLE('',#3426,0.00858494342779873);
#2208=CIRCLE('',#3427,0.00858494342779873);
#2209=CIRCLE('',#3428,0.001524);
#2210=CIRCLE('',#3429,0.001524);
#2211=CIRCLE('',#3430,0.001524);
#2212=CIRCLE('',#3431,0.003);
#2213=CIRCLE('',#3432,0.003);
#2214=CIRCLE('',#3433,0.003);
#2215=CIRCLE('',#3434,0.003);
#2216=CIRCLE('',#3435,0.003);
#2217=CIRCLE('',#3436,0.003);
#2218=CIRCLE('',#3437,0.003);
#2219=CIRCLE('',#3438,0.003);
#2220=CIRCLE('',#3440,0.003);
#2221=CIRCLE('',#3441,0.003);
#2222=CIRCLE('',#3442,0.003);
#2223=CIRCLE('',#3443,0.003);
#2224=CIRCLE('',#3444,0.003);
#2225=CIRCLE('',#3445,0.003);
#2226=CIRCLE('',#3446,0.003);
#2227=CIRCLE('',#3447,0.003);
#2228=CIRCLE('',#3448,0.00604494342779873);
#2229=CIRCLE('',#3449,0.00604494342779873);
#2230=CIRCLE('',#3450,0.004064);
#2231=CIRCLE('',#3451,0.00604494342779873);
#2232=CIRCLE('',#3452,0.0060449434277987);
#2233=CIRCLE('',#3453,0.004064);
#2234=CIRCLE('',#3454,0.0060449434277987);
#2235=CIRCLE('',#3455,0.00604494342779873);
#2236=CIRCLE('',#3456,0.004064);
#2237=CIRCLE('',#3457,0.00604494342779873);
#2238=CIRCLE('',#3458,0.00604494342779873);
#2239=CIRCLE('',#3459,0.004064);
#2240=CIRCLE('',#3460,0.003);
#2241=CIRCLE('',#3461,0.003);
#2242=CIRCLE('',#3462,0.003);
#2243=CIRCLE('',#3463,0.003);
#2244=CIRCLE('',#3464,0.003);
#2245=CIRCLE('',#3465,0.003);
#2246=CIRCLE('',#3466,0.003);
#2247=CIRCLE('',#3467,0.003);
#2248=CIRCLE('',#3469,0.00406410002129516);
#2249=CIRCLE('',#3470,0.00406410002129516);
#2250=CIRCLE('',#3472,0.00406410002129516);
#2251=CIRCLE('',#3473,0.00406410002129516);
#2252=CIRCLE('',#3475,0.00406410002129516);
#2253=CIRCLE('',#3476,0.00406410002129516);
#2254=CIRCLE('',#3478,0.00406410002129516);
#2255=CIRCLE('',#3479,0.00406410002129516);
#2256=CIRCLE('',#3481,0.001524);
#2257=CIRCLE('',#3482,0.001524);
#2258=CIRCLE('',#3483,0.001524);
#2259=CIRCLE('',#3484,0.00858494342779873);
#2260=CIRCLE('',#3485,0.00858494342779873);
#2261=CIRCLE('',#3486,0.0085849434277987);
#2262=CIRCLE('',#3487,0.00858494342779874);
#2263=CIRCLE('',#3488,0.001524);
#2264=CIRCLE('',#3489,0.00604494342779873);
#2265=CIRCLE('',#3490,0.004064);
#2266=CIRCLE('',#3491,0.00604494342779873);
#2267=CIRCLE('',#3492,0.0060449434277987);
#2268=CIRCLE('',#3493,0.004064);
#2269=CIRCLE('',#3494,0.0060449434277987);
#2270=CIRCLE('',#3495,0.00604494342779873);
#2271=CIRCLE('',#3496,0.004064);
#2272=CIRCLE('',#3497,0.00604494342779873);
#2273=CIRCLE('',#3498,0.00604494342779873);
#2274=CIRCLE('',#3499,0.004064);
#2275=CIRCLE('',#3500,0.00604494342779873);
#2276=CIRCLE('',#3551,0.003);
#2277=CIRCLE('',#3552,0.003);
#2278=CIRCLE('',#3558,0.003);
#2279=CIRCLE('',#3559,0.003);
#2280=CIRCLE('',#3561,0.003);
#2281=CIRCLE('',#3562,0.003);
#2282=CIRCLE('',#3563,0.003);
#2283=CIRCLE('',#3564,0.003);
#2284=CIRCLE('',#3574,0.003);
#2285=CIRCLE('',#3575,0.003);
#2286=CIRCLE('',#3581,0.003);
#2287=CIRCLE('',#3582,0.003);
#2288=CIRCLE('',#3584,0.003);
#2289=CIRCLE('',#3585,0.003);
#2290=CIRCLE('',#3586,0.003);
#2291=CIRCLE('',#3587,0.003);
#2292=CIRCLE('',#3597,0.003);
#2293=CIRCLE('',#3598,0.003);
#2294=CIRCLE('',#3604,0.003);
#2295=CIRCLE('',#3605,0.003);
#2296=CIRCLE('',#3607,0.003);
#2297=CIRCLE('',#3608,0.003);
#2298=CIRCLE('',#3609,0.003);
#2299=CIRCLE('',#3610,0.003);
#2300=CIRCLE('',#3620,0.003);
#2301=CIRCLE('',#3621,0.003);
#2302=CIRCLE('',#3627,0.003);
#2303=CIRCLE('',#3628,0.003);
#2304=CIRCLE('',#3630,0.003);
#2305=CIRCLE('',#3631,0.003);
#2306=CIRCLE('',#3632,0.003);
#2307=CIRCLE('',#3633,0.003);
#2308=CIRCLE('',#3643,0.001524);
#2309=CIRCLE('',#3644,0.001524);
#2310=CIRCLE('',#3645,0.001524);
#2311=CIRCLE('',#3646,0.00858494342779874);
#2312=CIRCLE('',#3647,0.0085849434277987);
#2313=CIRCLE('',#3648,0.00858494342779873);
#2314=CIRCLE('',#3649,0.00858494342779873);
#2315=CIRCLE('',#3650,0.001524);
#2316=CIRCLE('',#3652,0.001524);
#2317=CIRCLE('',#3653,0.001524);
#2318=CIRCLE('',#3654,0.00858494342779873);
#2319=CIRCLE('',#3655,0.00858494342779873);
#2320=CIRCLE('',#3656,0.0085849434277987);
#2321=CIRCLE('',#3657,0.00858494342779874);
#2322=CIRCLE('',#3658,0.001524);
#2323=CIRCLE('',#3659,0.001524);
#2324=CIRCLE('',#3690,0.00254);
#2325=CIRCLE('',#3691,0.001524);
#2326=CIRCLE('',#3692,0.001524);
#2327=CIRCLE('',#3693,0.00254);
#2328=CIRCLE('',#3694,0.00254);
#2329=CIRCLE('',#3695,0.00254);
#2330=CIRCLE('',#3696,0.00858494342779873);
#2331=CIRCLE('',#3697,0.00858494342779873);
#2332=CIRCLE('',#3699,0.00254);
#2333=CIRCLE('',#3700,0.00254);
#2334=CIRCLE('',#3701,0.001524);
#2335=CIRCLE('',#3702,0.001524);
#2336=CIRCLE('',#3703,0.00858494342779873);
#2337=CIRCLE('',#3704,0.00858494342779873);
#2338=CIRCLE('',#3705,0.0085849434277987);
#2339=CIRCLE('',#3706,0.00858494342779874);
#2340=CIRCLE('',#3707,0.001524);
#2341=CIRCLE('',#3708,0.001524);
#2342=CIRCLE('',#3709,0.00254);
#2343=CIRCLE('',#3710,0.00254);
#2344=CIRCLE('',#3713,0.00858494342779874);
#2345=CIRCLE('',#3716,0.0085849434277987);
#2346=CIRCLE('',#3726,0.001524);
#2347=CIRCLE('',#3728,0.001524);
#2348=EDGE_LOOP('',(#652));
#2349=EDGE_LOOP('',(#653));
#2350=EDGE_LOOP('',(#654));
#2351=EDGE_LOOP('',(#655));
#2352=EDGE_LOOP('',(#656));
#2353=EDGE_LOOP('',(#657));
#2354=EDGE_LOOP('',(#658));
#2355=EDGE_LOOP('',(#659));
#2356=EDGE_LOOP('',(#660));
#2357=EDGE_LOOP('',(#661,#662,#663,#664,#665,#666,#667,#668));
#2358=EDGE_LOOP('',(#669));
#2359=EDGE_LOOP('',(#670));
#2360=EDGE_LOOP('',(#671));
#2361=EDGE_LOOP('',(#672,#673,#674,#675));
#2362=EDGE_LOOP('',(#676));
#2363=EDGE_LOOP('',(#677));
#2364=EDGE_LOOP('',(#678));
#2365=EDGE_LOOP('',(#679));
#2366=EDGE_LOOP('',(#680));
#2367=EDGE_LOOP('',(#681));
#2368=EDGE_LOOP('',(#682));
#2369=EDGE_LOOP('',(#683));
#2370=EDGE_LOOP('',(#684));
#2371=EDGE_LOOP('',(#685));
#2372=EDGE_LOOP('',(#686));
#2373=EDGE_LOOP('',(#687));
#2374=EDGE_LOOP('',(#688));
#2375=EDGE_LOOP('',(#689));
#2376=EDGE_LOOP('',(#690));
#2377=EDGE_LOOP('',(#691));
#2378=EDGE_LOOP('',(#692,#693,#694,#695,#696,#697,#698,#699,#700,#701,#702,
#703,#704,#705,#706,#707));
#2379=EDGE_LOOP('',(#708,#709,#710,#711));
#2380=EDGE_LOOP('',(#712));
#2381=EDGE_LOOP('',(#713));
#2382=EDGE_LOOP('',(#714));
#2383=EDGE_LOOP('',(#715));
#2384=EDGE_LOOP('',(#716));
#2385=EDGE_LOOP('',(#717));
#2386=EDGE_LOOP('',(#718));
#2387=EDGE_LOOP('',(#719));
#2388=EDGE_LOOP('',(#720));
#2389=EDGE_LOOP('',(#721));
#2390=EDGE_LOOP('',(#722,#723,#724,#725));
#2391=EDGE_LOOP('',(#726,#727,#728,#729));
#2392=EDGE_LOOP('',(#730));
#2393=EDGE_LOOP('',(#731));
#2394=EDGE_LOOP('',(#732,#733,#734,#735));
#2395=EDGE_LOOP('',(#736));
#2396=EDGE_LOOP('',(#737));
#2397=EDGE_LOOP('',(#738));
#2398=EDGE_LOOP('',(#739,#740,#741,#742));
#2399=EDGE_LOOP('',(#743));
#2400=EDGE_LOOP('',(#744));
#2401=EDGE_LOOP('',(#745));
#2402=EDGE_LOOP('',(#746));
#2403=EDGE_LOOP('',(#747,#748,#749,#750,#751,#752,#753,#754));
#2404=EDGE_LOOP('',(#755));
#2405=EDGE_LOOP('',(#756,#757,#758,#759,#760,#761,#762,#763,#764,#765,#766,
#767,#768,#769,#770,#771));
#2406=EDGE_LOOP('',(#772,#773,#774,#775));
#2407=EDGE_LOOP('',(#776,#777,#778,#779));
#2408=EDGE_LOOP('',(#780,#781,#782,#783));
#2409=EDGE_LOOP('',(#784,#785,#786,#787));
#2410=EDGE_LOOP('',(#788,#789,#790,#791));
#2411=EDGE_LOOP('',(#792));
#2412=EDGE_LOOP('',(#793));
#2413=EDGE_LOOP('',(#794));
#2414=EDGE_LOOP('',(#795));
#2415=EDGE_LOOP('',(#796,#797,#798,#799));
#2416=EDGE_LOOP('',(#800));
#2417=EDGE_LOOP('',(#801));
#2418=EDGE_LOOP('',(#802));
#2419=EDGE_LOOP('',(#803));
#2420=EDGE_LOOP('',(#804,#805,#806,#807));
#2421=EDGE_LOOP('',(#808,#809,#810,#811));
#2422=EDGE_LOOP('',(#812,#813,#814,#815));
#2423=EDGE_LOOP('',(#816,#817,#818,#819));
#2424=EDGE_LOOP('',(#820,#821,#822,#823));
#2425=EDGE_LOOP('',(#824,#825,#826,#827));
#2426=EDGE_LOOP('',(#828,#829,#830,#831));
#2427=EDGE_LOOP('',(#832,#833,#834,#835));
#2428=EDGE_LOOP('',(#836,#837,#838,#839));
#2429=EDGE_LOOP('',(#840,#841,#842,#843));
#2430=EDGE_LOOP('',(#844,#845,#846,#847));
#2431=EDGE_LOOP('',(#848,#849,#850,#851));
#2432=EDGE_LOOP('',(#852,#853,#854,#855));
#2433=EDGE_LOOP('',(#856,#857,#858,#859));
#2434=EDGE_LOOP('',(#860,#861,#862,#863));
#2435=EDGE_LOOP('',(#864,#865,#866,#867));
#2436=EDGE_LOOP('',(#868,#869,#870,#871));
#2437=EDGE_LOOP('',(#872,#873,#874,#875));
#2438=EDGE_LOOP('',(#876));
#2439=EDGE_LOOP('',(#877));
#2440=EDGE_LOOP('',(#878));
#2441=EDGE_LOOP('',(#879));
#2442=EDGE_LOOP('',(#880));
#2443=EDGE_LOOP('',(#881));
#2444=EDGE_LOOP('',(#882));
#2445=EDGE_LOOP('',(#883));
#2446=EDGE_LOOP('',(#884));
#2447=EDGE_LOOP('',(#885));
#2448=EDGE_LOOP('',(#886));
#2449=EDGE_LOOP('',(#887));
#2450=EDGE_LOOP('',(#888));
#2451=EDGE_LOOP('',(#889));
#2452=EDGE_LOOP('',(#890));
#2453=EDGE_LOOP('',(#891));
#2454=EDGE_LOOP('',(#892));
#2455=EDGE_LOOP('',(#893));
#2456=EDGE_LOOP('',(#894));
#2457=EDGE_LOOP('',(#895));
#2458=EDGE_LOOP('',(#896));
#2459=EDGE_LOOP('',(#897));
#2460=EDGE_LOOP('',(#898));
#2461=EDGE_LOOP('',(#899));
#2462=EDGE_LOOP('',(#900));
#2463=EDGE_LOOP('',(#901));
#2464=EDGE_LOOP('',(#902));
#2465=EDGE_LOOP('',(#903));
#2466=EDGE_LOOP('',(#904));
#2467=EDGE_LOOP('',(#905));
#2468=EDGE_LOOP('',(#906));
#2469=EDGE_LOOP('',(#907));
#2470=EDGE_LOOP('',(#908));
#2471=EDGE_LOOP('',(#909));
#2472=EDGE_LOOP('',(#910));
#2473=EDGE_LOOP('',(#911));
#2474=EDGE_LOOP('',(#912));
#2475=EDGE_LOOP('',(#913));
#2476=EDGE_LOOP('',(#914));
#2477=EDGE_LOOP('',(#915));
#2478=EDGE_LOOP('',(#916));
#2479=EDGE_LOOP('',(#917));
#2480=EDGE_LOOP('',(#918,#919,#920,#921));
#2481=EDGE_LOOP('',(#922,#923,#924,#925,#926,#927,#928,#929));
#2482=EDGE_LOOP('',(#930,#931,#932,#933,#934,#935,#936,#937));
#2483=EDGE_LOOP('',(#938,#939,#940,#941));
#2484=EDGE_LOOP('',(#942,#943,#944,#945));
#2485=EDGE_LOOP('',(#946));
#2486=EDGE_LOOP('',(#947));
#2487=EDGE_LOOP('',(#948,#949,#950,#951));
#2488=EDGE_LOOP('',(#952));
#2489=EDGE_LOOP('',(#953));
#2490=EDGE_LOOP('',(#954));
#2491=EDGE_LOOP('',(#955));
#2492=EDGE_LOOP('',(#956,#957,#958,#959));
#2493=EDGE_LOOP('',(#960,#961,#962,#963));
#2494=EDGE_LOOP('',(#964,#965,#966,#967));
#2495=EDGE_LOOP('',(#968,#969,#970,#971));
#2496=EDGE_LOOP('',(#972));
#2497=EDGE_LOOP('',(#973));
#2498=EDGE_LOOP('',(#974));
#2499=EDGE_LOOP('',(#975));
#2500=EDGE_LOOP('',(#976));
#2501=EDGE_LOOP('',(#977));
#2502=EDGE_LOOP('',(#978));
#2503=EDGE_LOOP('',(#979));
#2504=EDGE_LOOP('',(#980));
#2505=EDGE_LOOP('',(#981));
#2506=EDGE_LOOP('',(#982,#983,#984,#985));
#2507=EDGE_LOOP('',(#986,#987,#988,#989,#990,#991,#992,#993));
#2508=EDGE_LOOP('',(#994,#995,#996,#997,#998,#999,#1000,#1001));
#2509=EDGE_LOOP('',(#1002,#1003,#1004,#1005));
#2510=EDGE_LOOP('',(#1006,#1007,#1008,#1009));
#2511=EDGE_LOOP('',(#1010));
#2512=EDGE_LOOP('',(#1011));
#2513=EDGE_LOOP('',(#1012,#1013,#1014,#1015));
#2514=EDGE_LOOP('',(#1016));
#2515=EDGE_LOOP('',(#1017));
#2516=EDGE_LOOP('',(#1018));
#2517=EDGE_LOOP('',(#1019));
#2518=EDGE_LOOP('',(#1020,#1021,#1022,#1023));
#2519=EDGE_LOOP('',(#1024,#1025,#1026,#1027));
#2520=EDGE_LOOP('',(#1028,#1029,#1030,#1031));
#2521=EDGE_LOOP('',(#1032,#1033,#1034,#1035));
#2522=EDGE_LOOP('',(#1036));
#2523=EDGE_LOOP('',(#1037));
#2524=EDGE_LOOP('',(#1038));
#2525=EDGE_LOOP('',(#1039));
#2526=EDGE_LOOP('',(#1040));
#2527=EDGE_LOOP('',(#1041));
#2528=EDGE_LOOP('',(#1042));
#2529=EDGE_LOOP('',(#1043));
#2530=EDGE_LOOP('',(#1044));
#2531=EDGE_LOOP('',(#1045));
#2532=EDGE_LOOP('',(#1046,#1047,#1048,#1049));
#2533=EDGE_LOOP('',(#1050,#1051,#1052,#1053,#1054,#1055,#1056,#1057));
#2534=EDGE_LOOP('',(#1058,#1059,#1060,#1061));
#2535=EDGE_LOOP('',(#1062,#1063,#1064,#1065));
#2536=EDGE_LOOP('',(#1066,#1067,#1068,#1069,#1070,#1071,#1072,#1073));
#2537=EDGE_LOOP('',(#1074));
#2538=EDGE_LOOP('',(#1075));
#2539=EDGE_LOOP('',(#1076,#1077,#1078,#1079));
#2540=EDGE_LOOP('',(#1080));
#2541=EDGE_LOOP('',(#1081));
#2542=EDGE_LOOP('',(#1082));
#2543=EDGE_LOOP('',(#1083));
#2544=EDGE_LOOP('',(#1084,#1085,#1086,#1087));
#2545=EDGE_LOOP('',(#1088,#1089,#1090,#1091));
#2546=EDGE_LOOP('',(#1092,#1093,#1094,#1095));
#2547=EDGE_LOOP('',(#1096,#1097,#1098,#1099));
#2548=EDGE_LOOP('',(#1100));
#2549=EDGE_LOOP('',(#1101));
#2550=EDGE_LOOP('',(#1102));
#2551=EDGE_LOOP('',(#1103));
#2552=EDGE_LOOP('',(#1104));
#2553=EDGE_LOOP('',(#1105));
#2554=EDGE_LOOP('',(#1106));
#2555=EDGE_LOOP('',(#1107));
#2556=EDGE_LOOP('',(#1108));
#2557=EDGE_LOOP('',(#1109));
#2558=EDGE_LOOP('',(#1110,#1111,#1112,#1113));
#2559=EDGE_LOOP('',(#1114,#1115,#1116,#1117,#1118,#1119,#1120,#1121));
#2560=EDGE_LOOP('',(#1122,#1123,#1124,#1125));
#2561=EDGE_LOOP('',(#1126,#1127,#1128,#1129));
#2562=EDGE_LOOP('',(#1130,#1131,#1132,#1133,#1134,#1135,#1136,#1137));
#2563=EDGE_LOOP('',(#1138));
#2564=EDGE_LOOP('',(#1139));
#2565=EDGE_LOOP('',(#1140,#1141,#1142,#1143));
#2566=EDGE_LOOP('',(#1144));
#2567=EDGE_LOOP('',(#1145));
#2568=EDGE_LOOP('',(#1146));
#2569=EDGE_LOOP('',(#1147));
#2570=EDGE_LOOP('',(#1148,#1149,#1150,#1151));
#2571=EDGE_LOOP('',(#1152,#1153,#1154,#1155));
#2572=EDGE_LOOP('',(#1156,#1157,#1158,#1159));
#2573=EDGE_LOOP('',(#1160,#1161,#1162,#1163));
#2574=EDGE_LOOP('',(#1164));
#2575=EDGE_LOOP('',(#1165));
#2576=EDGE_LOOP('',(#1166));
#2577=EDGE_LOOP('',(#1167));
#2578=EDGE_LOOP('',(#1168));
#2579=EDGE_LOOP('',(#1169));
#2580=EDGE_LOOP('',(#1170));
#2581=EDGE_LOOP('',(#1171));
#2582=EDGE_LOOP('',(#1172));
#2583=EDGE_LOOP('',(#1173));
#2584=EDGE_LOOP('',(#1174));
#2585=EDGE_LOOP('',(#1175,#1176,#1177,#1178));
#2586=EDGE_LOOP('',(#1179,#1180,#1181,#1182,#1183,#1184,#1185,#1186));
#2587=EDGE_LOOP('',(#1187,#1188,#1189,#1190));
#2588=EDGE_LOOP('',(#1191,#1192,#1193,#1194));
#2589=EDGE_LOOP('',(#1195,#1196,#1197,#1198));
#2590=EDGE_LOOP('',(#1199));
#2591=EDGE_LOOP('',(#1200));
#2592=EDGE_LOOP('',(#1201));
#2593=EDGE_LOOP('',(#1202,#1203,#1204,#1205));
#2594=EDGE_LOOP('',(#1206,#1207,#1208,#1209));
#2595=EDGE_LOOP('',(#1210,#1211,#1212,#1213));
#2596=EDGE_LOOP('',(#1214,#1215,#1216,#1217,#1218,#1219,#1220,#1221));
#2597=EDGE_LOOP('',(#1222,#1223,#1224,#1225));
#2598=EDGE_LOOP('',(#1226));
#2599=EDGE_LOOP('',(#1227));
#2600=EDGE_LOOP('',(#1228,#1229,#1230,#1231));
#2601=EDGE_LOOP('',(#1232,#1233,#1234,#1235));
#2602=EDGE_LOOP('',(#1236,#1237,#1238,#1239));
#2603=EDGE_LOOP('',(#1240,#1241,#1242,#1243));
#2604=EDGE_LOOP('',(#1244,#1245,#1246,#1247));
#2605=EDGE_LOOP('',(#1248,#1249,#1250,#1251));
#2606=EDGE_LOOP('',(#1252,#1253,#1254,#1255));
#2607=EDGE_LOOP('',(#1256,#1257,#1258,#1259));
#2608=EDGE_LOOP('',(#1260,#1261,#1262,#1263));
#2609=EDGE_LOOP('',(#1264,#1265,#1266,#1267));
#2610=EDGE_LOOP('',(#1268,#1269,#1270,#1271));
#2611=EDGE_LOOP('',(#1272,#1273,#1274,#1275));
#2612=EDGE_LOOP('',(#1276,#1277,#1278,#1279));
#2613=EDGE_LOOP('',(#1280,#1281,#1282,#1283));
#2614=EDGE_LOOP('',(#1284,#1285,#1286,#1287));
#2615=EDGE_LOOP('',(#1288,#1289,#1290,#1291));
#2616=EDGE_LOOP('',(#1292,#1293,#1294,#1295));
#2617=EDGE_LOOP('',(#1296,#1297,#1298,#1299));
#2618=EDGE_LOOP('',(#1300,#1301,#1302,#1303));
#2619=EDGE_LOOP('',(#1304,#1305,#1306,#1307));
#2620=EDGE_LOOP('',(#1308,#1309,#1310,#1311));
#2621=EDGE_LOOP('',(#1312,#1313,#1314,#1315));
#2622=EDGE_LOOP('',(#1316,#1317,#1318,#1319));
#2623=EDGE_LOOP('',(#1320,#1321,#1322,#1323));
#2624=EDGE_LOOP('',(#1324));
#2625=EDGE_LOOP('',(#1325));
#2626=EDGE_LOOP('',(#1326));
#2627=EDGE_LOOP('',(#1327));
#2628=EDGE_LOOP('',(#1328));
#2629=EDGE_LOOP('',(#1329));
#2630=EDGE_LOOP('',(#1330));
#2631=EDGE_LOOP('',(#1331));
#2632=EDGE_LOOP('',(#1332));
#2633=EDGE_LOOP('',(#1333));
#2634=EDGE_LOOP('',(#1334,#1335,#1336,#1337));
#2635=EDGE_LOOP('',(#1338));
#2636=EDGE_LOOP('',(#1339));
#2637=EDGE_LOOP('',(#1340));
#2638=EDGE_LOOP('',(#1341));
#2639=EDGE_LOOP('',(#1342,#1343,#1344,#1345,#1346,#1347,#1348,#1349));
#2640=EDGE_LOOP('',(#1350,#1351,#1352,#1353));
#2641=EDGE_LOOP('',(#1354));
#2642=EDGE_LOOP('',(#1355));
#2643=EDGE_LOOP('',(#1356));
#2644=EDGE_LOOP('',(#1357));
#2645=EDGE_LOOP('',(#1358,#1359,#1360,#1361));
#2646=EDGE_LOOP('',(#1362,#1363,#1364,#1365,#1366,#1367,#1368,#1369));
#2647=EDGE_LOOP('',(#1370));
#2648=EDGE_LOOP('',(#1371));
#2649=EDGE_LOOP('',(#1372));
#2650=EDGE_LOOP('',(#1373));
#2651=EDGE_LOOP('',(#1374,#1375,#1376,#1377));
#2652=EDGE_LOOP('',(#1378,#1379,#1380,#1381));
#2653=EDGE_LOOP('',(#1382,#1383,#1384,#1385,#1386,#1387));
#2654=EDGE_LOOP('',(#1388,#1389,#1390,#1391));
#2655=EDGE_LOOP('',(#1392,#1393,#1394,#1395,#1396,#1397));
#2656=EDGE_LOOP('',(#1398,#1399,#1400,#1401));
#2657=EDGE_LOOP('',(#1402,#1403,#1404,#1405));
#2658=EDGE_LOOP('',(#1406,#1407,#1408,#1409));
#2659=EDGE_LOOP('',(#1410,#1411,#1412,#1413));
#2660=EDGE_LOOP('',(#1414,#1415,#1416,#1417));
#2661=EDGE_LOOP('',(#1418,#1419,#1420,#1421));
#2662=EDGE_LOOP('',(#1422,#1423,#1424,#1425));
#2663=EDGE_LOOP('',(#1426,#1427,#1428,#1429));
#2664=EDGE_LOOP('',(#1430));
#2665=EDGE_LOOP('',(#1431));
#2666=EDGE_LOOP('',(#1432));
#2667=EDGE_LOOP('',(#1433));
#2668=EDGE_LOOP('',(#1434));
#2669=EDGE_LOOP('',(#1435));
#2670=EDGE_LOOP('',(#1436));
#2671=EDGE_LOOP('',(#1437));
#2672=EDGE_LOOP('',(#1438));
#2673=EDGE_LOOP('',(#1439));
#2674=EDGE_LOOP('',(#1440));
#2675=EDGE_LOOP('',(#1441));
#2676=EDGE_LOOP('',(#1442));
#2677=EDGE_LOOP('',(#1443));
#2678=EDGE_LOOP('',(#1444));
#2679=EDGE_LOOP('',(#1445));
#2680=EDGE_LOOP('',(#1446,#1447,#1448,#1449));
#2681=EDGE_LOOP('',(#1450));
#2682=EDGE_LOOP('',(#1451,#1452));
#2683=EDGE_LOOP('',(#1453,#1454,#1455,#1456));
#2684=EDGE_LOOP('',(#1457,#1458));
#2685=EDGE_LOOP('',(#1459));
#2686=EDGE_LOOP('',(#1460,#1461,#1462,#1463));
#2687=EDGE_LOOP('',(#1464,#1465,#1466,#1467));
#2688=EDGE_LOOP('',(#1468,#1469,#1470,#1471));
#2689=EDGE_LOOP('',(#1472,#1473,#1474,#1475));
#2690=FACE_BOUND('',#2348,.T.);
#2691=FACE_BOUND('',#2349,.T.);
#2692=FACE_BOUND('',#2350,.T.);
#2693=FACE_BOUND('',#2351,.T.);
#2694=FACE_BOUND('',#2352,.T.);
#2695=FACE_BOUND('',#2353,.T.);
#2696=FACE_BOUND('',#2354,.T.);
#2697=FACE_BOUND('',#2355,.T.);
#2698=FACE_BOUND('',#2356,.T.);
#2699=FACE_BOUND('',#2357,.T.);
#2700=FACE_BOUND('',#2358,.T.);
#2701=FACE_BOUND('',#2359,.T.);
#2702=FACE_BOUND('',#2360,.T.);
#2703=FACE_BOUND('',#2361,.T.);
#2704=FACE_BOUND('',#2362,.T.);
#2705=FACE_BOUND('',#2363,.T.);
#2706=FACE_BOUND('',#2364,.T.);
#2707=FACE_BOUND('',#2365,.T.);
#2708=FACE_BOUND('',#2366,.T.);
#2709=FACE_BOUND('',#2367,.T.);
#2710=FACE_BOUND('',#2368,.T.);
#2711=FACE_BOUND('',#2369,.T.);
#2712=FACE_BOUND('',#2370,.T.);
#2713=FACE_BOUND('',#2371,.T.);
#2714=FACE_BOUND('',#2372,.T.);
#2715=FACE_BOUND('',#2373,.T.);
#2716=FACE_BOUND('',#2374,.T.);
#2717=FACE_BOUND('',#2375,.T.);
#2718=FACE_BOUND('',#2376,.T.);
#2719=FACE_BOUND('',#2377,.T.);
#2720=FACE_BOUND('',#2378,.T.);
#2721=FACE_BOUND('',#2379,.T.);
#2722=FACE_BOUND('',#2380,.T.);
#2723=FACE_BOUND('',#2381,.T.);
#2724=FACE_BOUND('',#2382,.T.);
#2725=FACE_BOUND('',#2383,.T.);
#2726=FACE_BOUND('',#2384,.T.);
#2727=FACE_BOUND('',#2385,.T.);
#2728=FACE_BOUND('',#2386,.T.);
#2729=FACE_BOUND('',#2387,.T.);
#2730=FACE_BOUND('',#2388,.T.);
#2731=FACE_BOUND('',#2389,.T.);
#2732=FACE_BOUND('',#2390,.T.);
#2733=FACE_BOUND('',#2391,.T.);
#2734=FACE_BOUND('',#2392,.T.);
#2735=FACE_BOUND('',#2393,.T.);
#2736=FACE_BOUND('',#2394,.T.);
#2737=FACE_BOUND('',#2395,.T.);
#2738=FACE_BOUND('',#2396,.T.);
#2739=FACE_BOUND('',#2397,.T.);
#2740=FACE_BOUND('',#2398,.T.);
#2741=FACE_BOUND('',#2399,.T.);
#2742=FACE_BOUND('',#2400,.T.);
#2743=FACE_BOUND('',#2401,.T.);
#2744=FACE_BOUND('',#2402,.T.);
#2745=FACE_BOUND('',#2403,.T.);
#2746=FACE_BOUND('',#2404,.T.);
#2747=FACE_BOUND('',#2405,.T.);
#2748=FACE_BOUND('',#2406,.T.);
#2749=FACE_BOUND('',#2407,.T.);
#2750=FACE_BOUND('',#2408,.T.);
#2751=FACE_BOUND('',#2409,.T.);
#2752=FACE_BOUND('',#2410,.T.);
#2753=FACE_BOUND('',#2411,.T.);
#2754=FACE_BOUND('',#2412,.T.);
#2755=FACE_BOUND('',#2413,.T.);
#2756=FACE_BOUND('',#2414,.T.);
#2757=FACE_BOUND('',#2415,.T.);
#2758=FACE_BOUND('',#2416,.T.);
#2759=FACE_BOUND('',#2417,.T.);
#2760=FACE_BOUND('',#2418,.T.);
#2761=FACE_BOUND('',#2419,.T.);
#2762=FACE_BOUND('',#2420,.T.);
#2763=FACE_BOUND('',#2421,.T.);
#2764=FACE_BOUND('',#2422,.T.);
#2765=FACE_BOUND('',#2423,.T.);
#2766=FACE_BOUND('',#2424,.T.);
#2767=FACE_BOUND('',#2425,.T.);
#2768=FACE_BOUND('',#2426,.T.);
#2769=FACE_BOUND('',#2427,.T.);
#2770=FACE_BOUND('',#2428,.T.);
#2771=FACE_BOUND('',#2429,.T.);
#2772=FACE_BOUND('',#2430,.T.);
#2773=FACE_BOUND('',#2431,.T.);
#2774=FACE_BOUND('',#2432,.T.);
#2775=FACE_BOUND('',#2433,.T.);
#2776=FACE_BOUND('',#2434,.T.);
#2777=FACE_BOUND('',#2435,.T.);
#2778=FACE_BOUND('',#2436,.T.);
#2779=FACE_BOUND('',#2437,.T.);
#2780=FACE_BOUND('',#2438,.T.);
#2781=FACE_BOUND('',#2439,.T.);
#2782=FACE_BOUND('',#2440,.T.);
#2783=FACE_BOUND('',#2441,.T.);
#2784=FACE_BOUND('',#2442,.T.);
#2785=FACE_BOUND('',#2443,.T.);
#2786=FACE_BOUND('',#2444,.T.);
#2787=FACE_BOUND('',#2445,.T.);
#2788=FACE_BOUND('',#2446,.T.);
#2789=FACE_BOUND('',#2447,.T.);
#2790=FACE_BOUND('',#2448,.T.);
#2791=FACE_BOUND('',#2449,.T.);
#2792=FACE_BOUND('',#2450,.T.);
#2793=FACE_BOUND('',#2451,.T.);
#2794=FACE_BOUND('',#2452,.T.);
#2795=FACE_BOUND('',#2453,.T.);
#2796=FACE_BOUND('',#2454,.T.);
#2797=FACE_BOUND('',#2455,.T.);
#2798=FACE_BOUND('',#2456,.T.);
#2799=FACE_BOUND('',#2457,.T.);
#2800=FACE_BOUND('',#2458,.T.);
#2801=FACE_BOUND('',#2459,.T.);
#2802=FACE_BOUND('',#2460,.T.);
#2803=FACE_BOUND('',#2461,.T.);
#2804=FACE_BOUND('',#2462,.T.);
#2805=FACE_BOUND('',#2463,.T.);
#2806=FACE_BOUND('',#2464,.T.);
#2807=FACE_BOUND('',#2465,.T.);
#2808=FACE_BOUND('',#2466,.T.);
#2809=FACE_BOUND('',#2467,.T.);
#2810=FACE_BOUND('',#2468,.T.);
#2811=FACE_BOUND('',#2469,.T.);
#2812=FACE_BOUND('',#2470,.T.);
#2813=FACE_BOUND('',#2471,.T.);
#2814=FACE_BOUND('',#2472,.T.);
#2815=FACE_BOUND('',#2473,.T.);
#2816=FACE_BOUND('',#2474,.T.);
#2817=FACE_BOUND('',#2475,.T.);
#2818=FACE_BOUND('',#2476,.T.);
#2819=FACE_BOUND('',#2477,.T.);
#2820=FACE_BOUND('',#2478,.T.);
#2821=FACE_BOUND('',#2479,.T.);
#2822=FACE_BOUND('',#2480,.T.);
#2823=FACE_BOUND('',#2481,.T.);
#2824=FACE_BOUND('',#2482,.T.);
#2825=FACE_BOUND('',#2483,.T.);
#2826=FACE_BOUND('',#2484,.T.);
#2827=FACE_BOUND('',#2485,.T.);
#2828=FACE_BOUND('',#2486,.T.);
#2829=FACE_BOUND('',#2487,.T.);
#2830=FACE_BOUND('',#2488,.T.);
#2831=FACE_BOUND('',#2489,.T.);
#2832=FACE_BOUND('',#2490,.T.);
#2833=FACE_BOUND('',#2491,.T.);
#2834=FACE_BOUND('',#2492,.T.);
#2835=FACE_BOUND('',#2493,.T.);
#2836=FACE_BOUND('',#2494,.T.);
#2837=FACE_BOUND('',#2495,.T.);
#2838=FACE_BOUND('',#2496,.T.);
#2839=FACE_BOUND('',#2497,.T.);
#2840=FACE_BOUND('',#2498,.T.);
#2841=FACE_BOUND('',#2499,.T.);
#2842=FACE_BOUND('',#2500,.T.);
#2843=FACE_BOUND('',#2501,.T.);
#2844=FACE_BOUND('',#2502,.T.);
#2845=FACE_BOUND('',#2503,.T.);
#2846=FACE_BOUND('',#2504,.T.);
#2847=FACE_BOUND('',#2505,.T.);
#2848=FACE_BOUND('',#2506,.T.);
#2849=FACE_BOUND('',#2507,.T.);
#2850=FACE_BOUND('',#2508,.T.);
#2851=FACE_BOUND('',#2509,.T.);
#2852=FACE_BOUND('',#2510,.T.);
#2853=FACE_BOUND('',#2511,.T.);
#2854=FACE_BOUND('',#2512,.T.);
#2855=FACE_BOUND('',#2513,.T.);
#2856=FACE_BOUND('',#2514,.T.);
#2857=FACE_BOUND('',#2515,.T.);
#2858=FACE_BOUND('',#2516,.T.);
#2859=FACE_BOUND('',#2517,.T.);
#2860=FACE_BOUND('',#2518,.T.);
#2861=FACE_BOUND('',#2519,.T.);
#2862=FACE_BOUND('',#2520,.T.);
#2863=FACE_BOUND('',#2521,.T.);
#2864=FACE_BOUND('',#2522,.T.);
#2865=FACE_BOUND('',#2523,.T.);
#2866=FACE_BOUND('',#2524,.T.);
#2867=FACE_BOUND('',#2525,.T.);
#2868=FACE_BOUND('',#2526,.T.);
#2869=FACE_BOUND('',#2527,.T.);
#2870=FACE_BOUND('',#2528,.T.);
#2871=FACE_BOUND('',#2529,.T.);
#2872=FACE_BOUND('',#2530,.T.);
#2873=FACE_BOUND('',#2531,.T.);
#2874=FACE_BOUND('',#2532,.T.);
#2875=FACE_BOUND('',#2533,.T.);
#2876=FACE_BOUND('',#2534,.T.);
#2877=FACE_BOUND('',#2535,.T.);
#2878=FACE_BOUND('',#2536,.T.);
#2879=FACE_BOUND('',#2537,.T.);
#2880=FACE_BOUND('',#2538,.T.);
#2881=FACE_BOUND('',#2539,.T.);
#2882=FACE_BOUND('',#2540,.T.);
#2883=FACE_BOUND('',#2541,.T.);
#2884=FACE_BOUND('',#2542,.T.);
#2885=FACE_BOUND('',#2543,.T.);
#2886=FACE_BOUND('',#2544,.T.);
#2887=FACE_BOUND('',#2545,.T.);
#2888=FACE_BOUND('',#2546,.T.);
#2889=FACE_BOUND('',#2547,.T.);
#2890=FACE_BOUND('',#2548,.T.);
#2891=FACE_BOUND('',#2549,.T.);
#2892=FACE_BOUND('',#2550,.T.);
#2893=FACE_BOUND('',#2551,.T.);
#2894=FACE_BOUND('',#2552,.T.);
#2895=FACE_BOUND('',#2553,.T.);
#2896=FACE_BOUND('',#2554,.T.);
#2897=FACE_BOUND('',#2555,.T.);
#2898=FACE_BOUND('',#2556,.T.);
#2899=FACE_BOUND('',#2557,.T.);
#2900=FACE_BOUND('',#2558,.T.);
#2901=FACE_BOUND('',#2559,.T.);
#2902=FACE_BOUND('',#2560,.T.);
#2903=FACE_BOUND('',#2561,.T.);
#2904=FACE_BOUND('',#2562,.T.);
#2905=FACE_BOUND('',#2563,.T.);
#2906=FACE_BOUND('',#2564,.T.);
#2907=FACE_BOUND('',#2565,.T.);
#2908=FACE_BOUND('',#2566,.T.);
#2909=FACE_BOUND('',#2567,.T.);
#2910=FACE_BOUND('',#2568,.T.);
#2911=FACE_BOUND('',#2569,.T.);
#2912=FACE_BOUND('',#2570,.T.);
#2913=FACE_BOUND('',#2571,.T.);
#2914=FACE_BOUND('',#2572,.T.);
#2915=FACE_BOUND('',#2573,.T.);
#2916=FACE_BOUND('',#2574,.T.);
#2917=FACE_BOUND('',#2575,.T.);
#2918=FACE_BOUND('',#2576,.T.);
#2919=FACE_BOUND('',#2577,.T.);
#2920=FACE_BOUND('',#2578,.T.);
#2921=FACE_BOUND('',#2579,.T.);
#2922=FACE_BOUND('',#2580,.T.);
#2923=FACE_BOUND('',#2581,.T.);
#2924=FACE_BOUND('',#2582,.T.);
#2925=FACE_BOUND('',#2583,.T.);
#2926=FACE_BOUND('',#2584,.T.);
#2927=FACE_BOUND('',#2585,.T.);
#2928=FACE_BOUND('',#2586,.T.);
#2929=FACE_BOUND('',#2587,.T.);
#2930=FACE_BOUND('',#2588,.T.);
#2931=FACE_BOUND('',#2589,.T.);
#2932=FACE_BOUND('',#2590,.T.);
#2933=FACE_BOUND('',#2591,.T.);
#2934=FACE_BOUND('',#2592,.T.);
#2935=FACE_BOUND('',#2593,.T.);
#2936=FACE_BOUND('',#2594,.T.);
#2937=FACE_BOUND('',#2595,.T.);
#2938=FACE_BOUND('',#2596,.T.);
#2939=FACE_BOUND('',#2597,.T.);
#2940=FACE_BOUND('',#2598,.T.);
#2941=FACE_BOUND('',#2599,.T.);
#2942=FACE_BOUND('',#2600,.T.);
#2943=FACE_BOUND('',#2601,.T.);
#2944=FACE_BOUND('',#2602,.T.);
#2945=FACE_BOUND('',#2603,.T.);
#2946=FACE_BOUND('',#2604,.T.);
#2947=FACE_BOUND('',#2605,.T.);
#2948=FACE_BOUND('',#2606,.T.);
#2949=FACE_BOUND('',#2607,.T.);
#2950=FACE_BOUND('',#2608,.T.);
#2951=FACE_BOUND('',#2609,.T.);
#2952=FACE_BOUND('',#2610,.T.);
#2953=FACE_BOUND('',#2611,.T.);
#2954=FACE_BOUND('',#2612,.T.);
#2955=FACE_BOUND('',#2613,.T.);
#2956=FACE_BOUND('',#2614,.T.);
#2957=FACE_BOUND('',#2615,.T.);
#2958=FACE_BOUND('',#2616,.T.);
#2959=FACE_BOUND('',#2617,.T.);
#2960=FACE_BOUND('',#2618,.T.);
#2961=FACE_BOUND('',#2619,.T.);
#2962=FACE_BOUND('',#2620,.T.);
#2963=FACE_BOUND('',#2621,.T.);
#2964=FACE_BOUND('',#2622,.T.);
#2965=FACE_BOUND('',#2623,.T.);
#2966=FACE_BOUND('',#2624,.T.);
#2967=FACE_BOUND('',#2625,.T.);
#2968=FACE_BOUND('',#2626,.T.);
#2969=FACE_BOUND('',#2627,.T.);
#2970=FACE_BOUND('',#2628,.T.);
#2971=FACE_BOUND('',#2629,.T.);
#2972=FACE_BOUND('',#2630,.T.);
#2973=FACE_BOUND('',#2631,.T.);
#2974=FACE_BOUND('',#2632,.T.);
#2975=FACE_BOUND('',#2633,.T.);
#2976=FACE_BOUND('',#2634,.T.);
#2977=FACE_BOUND('',#2635,.T.);
#2978=FACE_BOUND('',#2636,.T.);
#2979=FACE_BOUND('',#2637,.T.);
#2980=FACE_BOUND('',#2638,.T.);
#2981=FACE_BOUND('',#2639,.T.);
#2982=FACE_BOUND('',#2640,.T.);
#2983=FACE_BOUND('',#2641,.T.);
#2984=FACE_BOUND('',#2642,.T.);
#2985=FACE_BOUND('',#2643,.T.);
#2986=FACE_BOUND('',#2644,.T.);
#2987=FACE_BOUND('',#2645,.T.);
#2988=FACE_BOUND('',#2646,.T.);
#2989=FACE_BOUND('',#2647,.T.);
#2990=FACE_BOUND('',#2648,.T.);
#2991=FACE_BOUND('',#2649,.T.);
#2992=FACE_BOUND('',#2650,.T.);
#2993=FACE_BOUND('',#2651,.T.);
#2994=FACE_BOUND('',#2652,.T.);
#2995=FACE_BOUND('',#2653,.T.);
#2996=FACE_BOUND('',#2654,.T.);
#2997=FACE_BOUND('',#2655,.T.);
#2998=FACE_BOUND('',#2656,.T.);
#2999=FACE_BOUND('',#2657,.T.);
#3000=FACE_BOUND('',#2658,.T.);
#3001=FACE_BOUND('',#2659,.T.);
#3002=FACE_BOUND('',#2660,.T.);
#3003=FACE_BOUND('',#2661,.T.);
#3004=FACE_BOUND('',#2662,.T.);
#3005=FACE_BOUND('',#2663,.T.);
#3006=FACE_BOUND('',#2664,.T.);
#3007=FACE_BOUND('',#2665,.T.);
#3008=FACE_BOUND('',#2666,.T.);
#3009=FACE_BOUND('',#2667,.T.);
#3010=FACE_BOUND('',#2668,.T.);
#3011=FACE_BOUND('',#2669,.T.);
#3012=FACE_BOUND('',#2670,.T.);
#3013=FACE_BOUND('',#2671,.T.);
#3014=FACE_BOUND('',#2672,.T.);
#3015=FACE_BOUND('',#2673,.T.);
#3016=FACE_BOUND('',#2674,.T.);
#3017=FACE_BOUND('',#2675,.T.);
#3018=FACE_BOUND('',#2676,.T.);
#3019=FACE_BOUND('',#2677,.T.);
#3020=FACE_BOUND('',#2678,.T.);
#3021=FACE_BOUND('',#2679,.T.);
#3022=FACE_BOUND('',#2680,.T.);
#3023=FACE_BOUND('',#2681,.T.);
#3024=FACE_BOUND('',#2682,.T.);
#3025=FACE_BOUND('',#2683,.T.);
#3026=FACE_BOUND('',#2684,.T.);
#3027=FACE_BOUND('',#2685,.T.);
#3028=FACE_BOUND('',#2686,.T.);
#3029=FACE_BOUND('',#2687,.T.);
#3030=FACE_BOUND('',#2688,.T.);
#3031=FACE_BOUND('',#2689,.T.);
#3032=PLANE('',#3414);
#3033=PLANE('',#3439);
#3034=PLANE('',#3468);
#3035=PLANE('',#3471);
#3036=PLANE('',#3474);
#3037=PLANE('',#3477);
#3038=PLANE('',#3480);
#3039=PLANE('',#3502);
#3040=PLANE('',#3505);
#3041=PLANE('',#3516);
#3042=PLANE('',#3519);
#3043=PLANE('',#3525);
#3044=PLANE('',#3526);
#3045=PLANE('',#3527);
#3046=PLANE('',#3528);
#3047=PLANE('',#3550);
#3048=PLANE('',#3553);
#3049=PLANE('',#3554);
#3050=PLANE('',#3555);
#3051=PLANE('',#3556);
#3052=PLANE('',#3557);
#3053=PLANE('',#3560);
#3054=PLANE('',#3565);
#3055=PLANE('',#3566);
#3056=PLANE('',#3567);
#3057=PLANE('',#3573);
#3058=PLANE('',#3576);
#3059=PLANE('',#3577);
#3060=PLANE('',#3578);
#3061=PLANE('',#3579);
#3062=PLANE('',#3580);
#3063=PLANE('',#3583);
#3064=PLANE('',#3588);
#3065=PLANE('',#3589);
#3066=PLANE('',#3590);
#3067=PLANE('',#3596);
#3068=PLANE('',#3599);
#3069=PLANE('',#3600);
#3070=PLANE('',#3601);
#3071=PLANE('',#3602);
#3072=PLANE('',#3603);
#3073=PLANE('',#3606);
#3074=PLANE('',#3611);
#3075=PLANE('',#3612);
#3076=PLANE('',#3613);
#3077=PLANE('',#3619);
#3078=PLANE('',#3622);
#3079=PLANE('',#3623);
#3080=PLANE('',#3624);
#3081=PLANE('',#3625);
#3082=PLANE('',#3626);
#3083=PLANE('',#3629);
#3084=PLANE('',#3634);
#3085=PLANE('',#3635);
#3086=PLANE('',#3636);
#3087=PLANE('',#3642);
#3088=PLANE('',#3651);
#3089=PLANE('',#3660);
#3090=PLANE('',#3662);
#3091=PLANE('',#3664);
#3092=PLANE('',#3666);
#3093=PLANE('',#3668);
#3094=PLANE('',#3669);
#3095=PLANE('',#3670);
#3096=PLANE('',#3671);
#3097=PLANE('',#3672);
#3098=PLANE('',#3673);
#3099=PLANE('',#3674);
#3100=PLANE('',#3675);
#3101=PLANE('',#3676);
#3102=PLANE('',#3677);
#3103=PLANE('',#3678);
#3104=PLANE('',#3679);
#3105=PLANE('',#3680);
#3106=PLANE('',#3681);
#3107=PLANE('',#3682);
#3108=PLANE('',#3683);
#3109=PLANE('',#3689);
#3110=PLANE('',#3698);
#3111=PLANE('',#3711);
#3112=PLANE('',#3714);
#3113=PLANE('',#3717);
#3114=PLANE('',#3719);
#3115=PLANE('',#3721);
#3116=PLANE('',#3722);
#3117=PLANE('',#3723);
#3118=PLANE('',#3724);
#3119=PLANE('',#3735);
#3120=PLANE('',#3736);
#3121=PLANE('',#3737);
#3122=PLANE('',#3738);
#3123=PLANE('',#3739);
#3124=PLANE('',#3740);
#3125=ADVANCED_FACE('',(#2690,#2691,#2692,#2693,#2694,#2695,#2696,#2697,
#2698,#2699,#2700,#2701,#2702,#2703,#2704,#2705,#2706,#2707,#2708,#2709,
#2710,#2711),#3032,.T.);
#3126=ADVANCED_FACE('',(#2712,#2713,#2714,#2715,#2716,#2717,#2718,#2719,
#2720,#2721,#2722,#2723,#2724,#2725,#2726,#2727,#2728,#2729),#3033,.F.);
#3127=ADVANCED_FACE('',(#2730,#2731,#2732),#3034,.T.);
#3128=ADVANCED_FACE('',(#2733,#2734,#2735),#3035,.F.);
#3129=ADVANCED_FACE('',(#2736,#2737,#2738),#3036,.F.);
#3130=ADVANCED_FACE('',(#2739,#2740,#2741),#3037,.T.);
#3131=ADVANCED_FACE('',(#2742,#2743,#2744,#2745,#2746,#2747),#3038,.F.);
#3132=ADVANCED_FACE('',(#2748),#64,.T.);
#3133=ADVANCED_FACE('',(#2749),#3039,.F.);
#3134=ADVANCED_FACE('',(#2750),#65,.T.);
#3135=ADVANCED_FACE('',(#2751),#66,.T.);
#3136=ADVANCED_FACE('',(#2752),#3040,.T.);
#3137=ADVANCED_FACE('',(#2753,#2754),#67,.F.);
#3138=ADVANCED_FACE('',(#2755,#2756),#68,.F.);
#3139=ADVANCED_FACE('',(#2757),#69,.T.);
#3140=ADVANCED_FACE('',(#2758,#2759),#70,.F.);
#3141=ADVANCED_FACE('',(#2760,#2761),#71,.F.);
#3142=ADVANCED_FACE('',(#2762),#72,.F.);
#3143=ADVANCED_FACE('',(#2763),#73,.F.);
#3144=ADVANCED_FACE('',(#2764),#74,.F.);
#3145=ADVANCED_FACE('',(#2765),#75,.F.);
#3146=ADVANCED_FACE('',(#2766),#76,.F.);
#3147=ADVANCED_FACE('',(#2767),#3041,.T.);
#3148=ADVANCED_FACE('',(#2768),#77,.F.);
#3149=ADVANCED_FACE('',(#2769),#78,.F.);
#3150=ADVANCED_FACE('',(#2770),#3042,.F.);
#3151=ADVANCED_FACE('',(#2771),#79,.T.);
#3152=ADVANCED_FACE('',(#2772),#80,.T.);
#3153=ADVANCED_FACE('',(#2773),#81,.F.);
#3154=ADVANCED_FACE('',(#2774),#82,.T.);
#3155=ADVANCED_FACE('',(#2775),#83,.T.);
#3156=ADVANCED_FACE('',(#2776),#3043,.T.);
#3157=ADVANCED_FACE('',(#2777),#3044,.F.);
#3158=ADVANCED_FACE('',(#2778),#3045,.F.);
#3159=ADVANCED_FACE('',(#2779),#3046,.T.);
#3160=ADVANCED_FACE('',(#2780,#2781),#84,.F.);
#3161=ADVANCED_FACE('',(#2782,#2783),#85,.F.);
#3162=ADVANCED_FACE('',(#2784,#2785),#86,.F.);
#3163=ADVANCED_FACE('',(#2786,#2787),#87,.F.);
#3164=ADVANCED_FACE('',(#2788,#2789),#88,.F.);
#3165=ADVANCED_FACE('',(#2790,#2791),#89,.F.);
#3166=ADVANCED_FACE('',(#2792,#2793),#90,.F.);
#3167=ADVANCED_FACE('',(#2794,#2795),#91,.F.);
#3168=ADVANCED_FACE('',(#2796,#2797),#92,.F.);
#3169=ADVANCED_FACE('',(#2798,#2799),#93,.F.);
#3170=ADVANCED_FACE('',(#2800,#2801),#94,.F.);
#3171=ADVANCED_FACE('',(#2802,#2803),#95,.F.);
#3172=ADVANCED_FACE('',(#2804,#2805),#96,.F.);
#3173=ADVANCED_FACE('',(#2806,#2807),#97,.F.);
#3174=ADVANCED_FACE('',(#2808,#2809),#98,.F.);
#3175=ADVANCED_FACE('',(#2810,#2811),#99,.F.);
#3176=ADVANCED_FACE('',(#2812,#2813),#100,.F.);
#3177=ADVANCED_FACE('',(#2814,#2815),#101,.F.);
#3178=ADVANCED_FACE('',(#2816,#2817),#102,.F.);
#3179=ADVANCED_FACE('',(#2818,#2819),#103,.F.);
#3180=ADVANCED_FACE('',(#2820,#2821,#2822),#3047,.F.);
#3181=ADVANCED_FACE('',(#2823),#3048,.T.);
#3182=ADVANCED_FACE('',(#2824),#3049,.F.);
#3183=ADVANCED_FACE('',(#2825),#3050,.T.);
#3184=ADVANCED_FACE('',(#2826),#3051,.F.);
#3185=ADVANCED_FACE('',(#2827,#2828,#2829),#3052,.F.);
#3186=ADVANCED_FACE('',(#2830,#2831,#2832,#2833,#2834),#3053,.T.);
#3187=ADVANCED_FACE('',(#2835),#3054,.F.);
#3188=ADVANCED_FACE('',(#2836),#3055,.T.);
#3189=ADVANCED_FACE('',(#2837),#3056,.T.);
#3190=ADVANCED_FACE('',(#2838,#2839),#104,.F.);
#3191=ADVANCED_FACE('',(#2840,#2841),#105,.F.);
#3192=ADVANCED_FACE('',(#2842,#2843),#106,.F.);
#3193=ADVANCED_FACE('',(#2844,#2845),#107,.F.);
#3194=ADVANCED_FACE('',(#2846,#2847,#2848),#3057,.F.);
#3195=ADVANCED_FACE('',(#2849),#3058,.T.);
#3196=ADVANCED_FACE('',(#2850),#3059,.F.);
#3197=ADVANCED_FACE('',(#2851),#3060,.T.);
#3198=ADVANCED_FACE('',(#2852),#3061,.F.);
#3199=ADVANCED_FACE('',(#2853,#2854,#2855),#3062,.F.);
#3200=ADVANCED_FACE('',(#2856,#2857,#2858,#2859,#2860),#3063,.T.);
#3201=ADVANCED_FACE('',(#2861),#3064,.F.);
#3202=ADVANCED_FACE('',(#2862),#3065,.T.);
#3203=ADVANCED_FACE('',(#2863),#3066,.T.);
#3204=ADVANCED_FACE('',(#2864,#2865),#108,.F.);
#3205=ADVANCED_FACE('',(#2866,#2867),#109,.F.);
#3206=ADVANCED_FACE('',(#2868,#2869),#110,.F.);
#3207=ADVANCED_FACE('',(#2870,#2871),#111,.F.);
#3208=ADVANCED_FACE('',(#2872,#2873,#2874),#3067,.F.);
#3209=ADVANCED_FACE('',(#2875),#3068,.T.);
#3210=ADVANCED_FACE('',(#2876),#3069,.F.);
#3211=ADVANCED_FACE('',(#2877),#3070,.T.);
#3212=ADVANCED_FACE('',(#2878),#3071,.F.);
#3213=ADVANCED_FACE('',(#2879,#2880,#2881),#3072,.F.);
#3214=ADVANCED_FACE('',(#2882,#2883,#2884,#2885,#2886),#3073,.T.);
#3215=ADVANCED_FACE('',(#2887),#3074,.F.);
#3216=ADVANCED_FACE('',(#2888),#3075,.T.);
#3217=ADVANCED_FACE('',(#2889),#3076,.T.);
#3218=ADVANCED_FACE('',(#2890,#2891),#112,.F.);
#3219=ADVANCED_FACE('',(#2892,#2893),#113,.F.);
#3220=ADVANCED_FACE('',(#2894,#2895),#114,.F.);
#3221=ADVANCED_FACE('',(#2896,#2897),#115,.F.);
#3222=ADVANCED_FACE('',(#2898,#2899,#2900),#3077,.F.);
#3223=ADVANCED_FACE('',(#2901),#3078,.T.);
#3224=ADVANCED_FACE('',(#2902),#3079,.F.);
#3225=ADVANCED_FACE('',(#2903),#3080,.T.);
#3226=ADVANCED_FACE('',(#2904),#3081,.F.);
#3227=ADVANCED_FACE('',(#2905,#2906,#2907),#3082,.F.);
#3228=ADVANCED_FACE('',(#2908,#2909,#2910,#2911,#2912),#3083,.T.);
#3229=ADVANCED_FACE('',(#2913),#3084,.T.);
#3230=ADVANCED_FACE('',(#2914),#3085,.F.);
#3231=ADVANCED_FACE('',(#2915),#3086,.T.);
#3232=ADVANCED_FACE('',(#2916,#2917),#116,.F.);
#3233=ADVANCED_FACE('',(#2918,#2919),#117,.F.);
#3234=ADVANCED_FACE('',(#2920,#2921),#118,.F.);
#3235=ADVANCED_FACE('',(#2922,#2923),#119,.F.);
#3236=ADVANCED_FACE('',(#2924,#2925,#2926,#2927,#2928,#2929,#2930,#2931,
#2932),#3087,.T.);
#3237=ADVANCED_FACE('',(#2933,#2934,#2935,#2936,#2937,#2938,#2939,#2940,
#2941),#3088,.F.);
#3238=ADVANCED_FACE('',(#2942),#3089,.T.);
#3239=ADVANCED_FACE('',(#2943),#120,.T.);
#3240=ADVANCED_FACE('',(#2944),#3090,.F.);
#3241=ADVANCED_FACE('',(#2945),#121,.T.);
#3242=ADVANCED_FACE('',(#2946),#3091,.F.);
#3243=ADVANCED_FACE('',(#2947),#122,.T.);
#3244=ADVANCED_FACE('',(#2948),#3092,.T.);
#3245=ADVANCED_FACE('',(#2949),#123,.T.);
#3246=ADVANCED_FACE('',(#2950),#3093,.T.);
#3247=ADVANCED_FACE('',(#2951),#3094,.T.);
#3248=ADVANCED_FACE('',(#2952),#3095,.F.);
#3249=ADVANCED_FACE('',(#2953),#3096,.F.);
#3250=ADVANCED_FACE('',(#2954),#3097,.T.);
#3251=ADVANCED_FACE('',(#2955),#3098,.F.);
#3252=ADVANCED_FACE('',(#2956),#3099,.F.);
#3253=ADVANCED_FACE('',(#2957),#3100,.T.);
#3254=ADVANCED_FACE('',(#2958),#3101,.F.);
#3255=ADVANCED_FACE('',(#2959),#3102,.F.);
#3256=ADVANCED_FACE('',(#2960),#3103,.T.);
#3257=ADVANCED_FACE('',(#2961),#3104,.T.);
#3258=ADVANCED_FACE('',(#2962),#3105,.T.);
#3259=ADVANCED_FACE('',(#2963),#3106,.T.);
#3260=ADVANCED_FACE('',(#2964),#3107,.F.);
#3261=ADVANCED_FACE('',(#2965),#3108,.F.);
#3262=ADVANCED_FACE('',(#2966,#2967),#124,.F.);
#3263=ADVANCED_FACE('',(#2968,#2969),#125,.F.);
#3264=ADVANCED_FACE('',(#2970,#2971),#126,.F.);
#3265=ADVANCED_FACE('',(#2972,#2973),#127,.F.);
#3266=ADVANCED_FACE('',(#2974,#2975,#2976,#2977,#2978,#2979,#2980,#2981,
#2982),#3109,.T.);
#3267=ADVANCED_FACE('',(#2983,#2984,#2985,#2986,#2987,#2988,#2989,#2990,
#2991,#2992,#2993),#3110,.F.);
#3268=ADVANCED_FACE('',(#2994),#3111,.T.);
#3269=ADVANCED_FACE('',(#2995),#128,.T.);
#3270=ADVANCED_FACE('',(#2996),#3112,.F.);
#3271=ADVANCED_FACE('',(#2997),#129,.T.);
#3272=ADVANCED_FACE('',(#2998),#3113,.F.);
#3273=ADVANCED_FACE('',(#2999),#130,.T.);
#3274=ADVANCED_FACE('',(#3000),#3114,.T.);
#3275=ADVANCED_FACE('',(#3001),#131,.T.);
#3276=ADVANCED_FACE('',(#3002),#3115,.T.);
#3277=ADVANCED_FACE('',(#3003),#3116,.F.);
#3278=ADVANCED_FACE('',(#3004),#3117,.F.);
#3279=ADVANCED_FACE('',(#3005),#3118,.T.);
#3280=ADVANCED_FACE('',(#3006,#3007),#132,.F.);
#3281=ADVANCED_FACE('',(#3008,#3009),#133,.F.);
#3282=ADVANCED_FACE('',(#3010,#3011),#134,.F.);
#3283=ADVANCED_FACE('',(#3012,#3013),#135,.F.);
#3284=ADVANCED_FACE('',(#3014,#3015),#136,.F.);
#3285=ADVANCED_FACE('',(#3016,#3017),#137,.F.);
#3286=ADVANCED_FACE('',(#3018,#3019),#138,.F.);
#3287=ADVANCED_FACE('',(#3020,#3021),#139,.F.);
#3288=ADVANCED_FACE('',(#3022),#10,.F.);
#3289=ADVANCED_FACE('',(#3023,#3024),#3119,.T.);
#3290=ADVANCED_FACE('',(#3025),#11,.T.);
#3291=ADVANCED_FACE('',(#3026,#3027),#3120,.T.);
#3292=ADVANCED_FACE('',(#3028),#3121,.T.);
#3293=ADVANCED_FACE('',(#3029),#3122,.F.);
#3294=ADVANCED_FACE('',(#3030),#3123,.F.);
#3295=ADVANCED_FACE('',(#3031),#3124,.T.);
#3296=CLOSED_SHELL('',(#3125,#3126,#3127,#3128,#3129,#3130,#3131,#3132,
#3133,#3134,#3135,#3136,#3137,#3138,#3139,#3140,#3141,#3142,#3143,#3144,
#3145,#3146,#3147,#3148,#3149,#3150,#3151,#3152,#3153,#3154,#3155,#3156,
#3157,#3158,#3159,#3160,#3161,#3162,#3163,#3164,#3165,#3166,#3167,#3168,
#3169,#3170,#3171,#3172,#3173,#3174,#3175,#3176,#3177,#3178,#3179));
#3297=CLOSED_SHELL('',(#3180,#3181,#3182,#3183,#3184,#3185,#3186,#3187,
#3188,#3189,#3190,#3191,#3192,#3193));
#3298=CLOSED_SHELL('',(#3194,#3195,#3196,#3197,#3198,#3199,#3200,#3201,
#3202,#3203,#3204,#3205,#3206,#3207));
#3299=CLOSED_SHELL('',(#3208,#3209,#3210,#3211,#3212,#3213,#3214,#3215,
#3216,#3217,#3218,#3219,#3220,#3221));
#3300=CLOSED_SHELL('',(#3222,#3223,#3224,#3225,#3226,#3227,#3228,#3229,
#3230,#3231,#3232,#3233,#3234,#3235));
#3301=CLOSED_SHELL('',(#3236,#3237,#3238,#3239,#3240,#3241,#3242,#3243,
#3244,#3245,#3246,#3247,#3248,#3249,#3250,#3251,#3252,#3253,#3254,#3255,
#3256,#3257,#3258,#3259,#3260,#3261,#3262,#3263,#3264,#3265));
#3302=CLOSED_SHELL('',(#3266,#3267,#3268,#3269,#3270,#3271,#3272,#3273,
#3274,#3275,#3276,#3277,#3278,#3279,#3280,#3281,#3282,#3283,#3284,#3285,
#3286,#3287,#3288,#3289,#3290,#3291,#3292,#3293,#3294,#3295));
#3303=STYLED_ITEM('',(#3310),#3390);
#3304=STYLED_ITEM('',(#3311),#3391);
#3305=STYLED_ITEM('',(#3312),#3392);
#3306=STYLED_ITEM('',(#3313),#3393);
#3307=STYLED_ITEM('',(#3314),#3394);
#3308=STYLED_ITEM('',(#3315),#3395);
#3309=STYLED_ITEM('',(#3316),#3396);
#3310=PRESENTATION_STYLE_ASSIGNMENT((#3323));
#3311=PRESENTATION_STYLE_ASSIGNMENT((#3324));
#3312=PRESENTATION_STYLE_ASSIGNMENT((#3325));
#3313=PRESENTATION_STYLE_ASSIGNMENT((#3326));
#3314=PRESENTATION_STYLE_ASSIGNMENT((#3327));
#3315=PRESENTATION_STYLE_ASSIGNMENT((#3328));
#3316=PRESENTATION_STYLE_ASSIGNMENT((#3329));
#3317=PRESENTATION_STYLE_ASSIGNMENT((#3330));
#3318=PRESENTATION_STYLE_ASSIGNMENT((#3331));
#3319=PRESENTATION_STYLE_ASSIGNMENT((#3332));
#3320=PRESENTATION_STYLE_ASSIGNMENT((#3333));
#3321=PRESENTATION_STYLE_ASSIGNMENT((#3334));
#3322=PRESENTATION_STYLE_ASSIGNMENT((#3335));
#3323=SURFACE_STYLE_USAGE(.BOTH.,#3336);
#3324=SURFACE_STYLE_USAGE(.BOTH.,#3337);
#3325=SURFACE_STYLE_USAGE(.BOTH.,#3338);
#3326=SURFACE_STYLE_USAGE(.BOTH.,#3339);
#3327=SURFACE_STYLE_USAGE(.BOTH.,#3340);
#3328=SURFACE_STYLE_USAGE(.BOTH.,#3341);
#3329=SURFACE_STYLE_USAGE(.BOTH.,#3342);
#3330=SURFACE_STYLE_USAGE(.BOTH.,#3343);
#3331=SURFACE_STYLE_USAGE(.BOTH.,#3344);
#3332=SURFACE_STYLE_USAGE(.BOTH.,#3345);
#3333=SURFACE_STYLE_USAGE(.BOTH.,#3346);
#3334=SURFACE_STYLE_USAGE(.BOTH.,#3347);
#3335=SURFACE_STYLE_USAGE(.BOTH.,#3348);
#3336=SURFACE_SIDE_STYLE('',(#3349));
#3337=SURFACE_SIDE_STYLE('',(#3350));
#3338=SURFACE_SIDE_STYLE('',(#3351));
#3339=SURFACE_SIDE_STYLE('',(#3352));
#3340=SURFACE_SIDE_STYLE('',(#3353));
#3341=SURFACE_SIDE_STYLE('',(#3354));
#3342=SURFACE_SIDE_STYLE('',(#3355));
#3343=SURFACE_SIDE_STYLE('',(#3356));
#3344=SURFACE_SIDE_STYLE('',(#3357));
#3345=SURFACE_SIDE_STYLE('',(#3358));
#3346=SURFACE_SIDE_STYLE('',(#3359));
#3347=SURFACE_SIDE_STYLE('',(#3360));
#3348=SURFACE_SIDE_STYLE('',(#3361));
#3349=SURFACE_STYLE_FILL_AREA(#3362);
#3350=SURFACE_STYLE_FILL_AREA(#3363);
#3351=SURFACE_STYLE_FILL_AREA(#3364);
#3352=SURFACE_STYLE_FILL_AREA(#3365);
#3353=SURFACE_STYLE_FILL_AREA(#3366);
#3354=SURFACE_STYLE_FILL_AREA(#3367);
#3355=SURFACE_STYLE_FILL_AREA(#3368);
#3356=SURFACE_STYLE_FILL_AREA(#3369);
#3357=SURFACE_STYLE_FILL_AREA(#3370);
#3358=SURFACE_STYLE_FILL_AREA(#3371);
#3359=SURFACE_STYLE_FILL_AREA(#3372);
#3360=SURFACE_STYLE_FILL_AREA(#3373);
#3361=SURFACE_STYLE_FILL_AREA(#3374);
#3362=FILL_AREA_STYLE('',(#3375));
#3363=FILL_AREA_STYLE('',(#3376));
#3364=FILL_AREA_STYLE('',(#3377));
#3365=FILL_AREA_STYLE('',(#3378));
#3366=FILL_AREA_STYLE('',(#3379));
#3367=FILL_AREA_STYLE('',(#3380));
#3368=FILL_AREA_STYLE('',(#3381));
#3369=FILL_AREA_STYLE('',(#3382));
#3370=FILL_AREA_STYLE('',(#3383));
#3371=FILL_AREA_STYLE('',(#3384));
#3372=FILL_AREA_STYLE('',(#3385));
#3373=FILL_AREA_STYLE('',(#3386));
#3374=FILL_AREA_STYLE('',(#3387));
#3375=FILL_AREA_STYLE_COLOUR('',#3388);
#3376=FILL_AREA_STYLE_COLOUR('',#3389);
#3377=FILL_AREA_STYLE_COLOUR('',#3389);
#3378=FILL_AREA_STYLE_COLOUR('',#3389);
#3379=FILL_AREA_STYLE_COLOUR('',#3389);
#3380=FILL_AREA_STYLE_COLOUR('',#3389);
#3381=FILL_AREA_STYLE_COLOUR('',#3388);
#3382=FILL_AREA_STYLE_COLOUR('',#3389);
#3383=FILL_AREA_STYLE_COLOUR('',#3389);
#3384=FILL_AREA_STYLE_COLOUR('',#3389);
#3385=FILL_AREA_STYLE_COLOUR('',#3389);
#3386=FILL_AREA_STYLE_COLOUR('',#3389);
#3387=FILL_AREA_STYLE_COLOUR('',#3389);
#3388=COLOUR_RGB('',0.156862745098039,0.156862745098039,0.168627450980392);
#3389=COLOUR_RGB('',0.972549019607843,0.529411764705882,0.00392156862745098);
#3390=MANIFOLD_SOLID_BREP('Part 4',#3296);
#3391=MANIFOLD_SOLID_BREP('Part 12',#3297);
#3392=MANIFOLD_SOLID_BREP('Part 13',#3298);
#3393=MANIFOLD_SOLID_BREP('Part 11',#3299);
#3394=MANIFOLD_SOLID_BREP('Part 14',#3300);
#3395=MANIFOLD_SOLID_BREP('Part 1',#3301);
#3396=MANIFOLD_SOLID_BREP('Part 2',#3302);
#3397=SHAPE_DEFINITION_REPRESENTATION(#5597,#3405);
#3398=SHAPE_DEFINITION_REPRESENTATION(#5598,#3406);
#3399=SHAPE_DEFINITION_REPRESENTATION(#5600,#3407);
#3400=SHAPE_DEFINITION_REPRESENTATION(#5602,#3408);
#3401=SHAPE_DEFINITION_REPRESENTATION(#5604,#3409);
#3402=SHAPE_DEFINITION_REPRESENTATION(#5606,#3410);
#3403=SHAPE_DEFINITION_REPRESENTATION(#5608,#3411);
#3404=SHAPE_DEFINITION_REPRESENTATION(#5610,#3412);
#3405=SHAPE_REPRESENTATION('Assembly 3',(#3413,#3549,#3572,#3595,#3618,
#3641,#3688,#3741),#5578);
#3406=SHAPE_REPRESENTATION('Part 4',(#3413),#5579);
#3407=SHAPE_REPRESENTATION('Part 12',(#3413),#5580);
#3408=SHAPE_REPRESENTATION('Part 13',(#3413),#5581);
#3409=SHAPE_REPRESENTATION('Part 11',(#3413),#5582);
#3410=SHAPE_REPRESENTATION('Part 14',(#3413),#5583);
#3411=SHAPE_REPRESENTATION('Part 1',(#3413),#5584);
#3412=SHAPE_REPRESENTATION('Part 2',(#3413),#5585);
#3413=AXIS2_PLACEMENT_3D('',#4656,#3742,#3743);
#3414=AXIS2_PLACEMENT_3D('',#4657,#3744,#3745);
#3415=AXIS2_PLACEMENT_3D('',#4658,#3746,#3747);
#3416=AXIS2_PLACEMENT_3D('',#4660,#3748,#3749);
#3417=AXIS2_PLACEMENT_3D('',#4662,#3750,#3751);
#3418=AXIS2_PLACEMENT_3D('',#4664,#3752,#3753);
#3419=AXIS2_PLACEMENT_3D('',#4666,#3754,#3755);
#3420=AXIS2_PLACEMENT_3D('',#4668,#3756,#3757);
#3421=AXIS2_PLACEMENT_3D('',#4670,#3758,#3759);
#3422=AXIS2_PLACEMENT_3D('',#4672,#3760,#3761);
#3423=AXIS2_PLACEMENT_3D('',#4674,#3762,#3763);
#3424=AXIS2_PLACEMENT_3D('',#4679,#3765,#3766);
#3425=AXIS2_PLACEMENT_3D('',#4683,#3768,#3769);
#3426=AXIS2_PLACEMENT_3D('',#4687,#3771,#3772);
#3427=AXIS2_PLACEMENT_3D('',#4691,#3774,#3775);
#3428=AXIS2_PLACEMENT_3D('',#4692,#3776,#3777);
#3429=AXIS2_PLACEMENT_3D('',#4694,#3778,#3779);
#3430=AXIS2_PLACEMENT_3D('',#4696,#3780,#3781);
#3431=AXIS2_PLACEMENT_3D('',#4706,#3786,#3787);
#3432=AXIS2_PLACEMENT_3D('',#4708,#3788,#3789);
#3433=AXIS2_PLACEMENT_3D('',#4710,#3790,#3791);
#3434=AXIS2_PLACEMENT_3D('',#4712,#3792,#3793);
#3435=AXIS2_PLACEMENT_3D('',#4714,#3794,#3795);
#3436=AXIS2_PLACEMENT_3D('',#4716,#3796,#3797);
#3437=AXIS2_PLACEMENT_3D('',#4718,#3798,#3799);
#3438=AXIS2_PLACEMENT_3D('',#4720,#3800,#3801);
#3439=AXIS2_PLACEMENT_3D('',#4722,#3802,#3803);
#3440=AXIS2_PLACEMENT_3D('',#4723,#3804,#3805);
#3441=AXIS2_PLACEMENT_3D('',#4725,#3806,#3807);
#3442=AXIS2_PLACEMENT_3D('',#4727,#3808,#3809);
#3443=AXIS2_PLACEMENT_3D('',#4729,#3810,#3811);
#3444=AXIS2_PLACEMENT_3D('',#4731,#3812,#3813);
#3445=AXIS2_PLACEMENT_3D('',#4733,#3814,#3815);
#3446=AXIS2_PLACEMENT_3D('',#4735,#3816,#3817);
#3447=AXIS2_PLACEMENT_3D('',#4737,#3818,#3819);
#3448=AXIS2_PLACEMENT_3D('',#4739,#3820,#3821);
#3449=AXIS2_PLACEMENT_3D('',#4744,#3823,#3824);
#3450=AXIS2_PLACEMENT_3D('',#4746,#3825,#3826);
#3451=AXIS2_PLACEMENT_3D('',#4748,#3827,#3828);
#3452=AXIS2_PLACEMENT_3D('',#4752,#3830,#3831);
#3453=AXIS2_PLACEMENT_3D('',#4754,#3832,#3833);
#3454=AXIS2_PLACEMENT_3D('',#4756,#3834,#3835);
#3455=AXIS2_PLACEMENT_3D('',#4760,#3837,#3838);
#3456=AXIS2_PLACEMENT_3D('',#4762,#3839,#3840);
#3457=AXIS2_PLACEMENT_3D('',#4764,#3841,#3842);
#3458=AXIS2_PLACEMENT_3D('',#4768,#3844,#3845);
#3459=AXIS2_PLACEMENT_3D('',#4770,#3846,#3847);
#3460=AXIS2_PLACEMENT_3D('',#4779,#3852,#3853);
#3461=AXIS2_PLACEMENT_3D('',#4781,#3854,#3855);
#3462=AXIS2_PLACEMENT_3D('',#4783,#3856,#3857);
#3463=AXIS2_PLACEMENT_3D('',#4785,#3858,#3859);
#3464=AXIS2_PLACEMENT_3D('',#4787,#3860,#3861);
#3465=AXIS2_PLACEMENT_3D('',#4789,#3862,#3863);
#3466=AXIS2_PLACEMENT_3D('',#4791,#3864,#3865);
#3467=AXIS2_PLACEMENT_3D('',#4793,#3866,#3867);
#3468=AXIS2_PLACEMENT_3D('',#4795,#3868,#3869);
#3469=AXIS2_PLACEMENT_3D('',#4796,#3870,#3871);
#3470=AXIS2_PLACEMENT_3D('',#4798,#3872,#3873);
#3471=AXIS2_PLACEMENT_3D('',#4805,#3877,#3878);
#3472=AXIS2_PLACEMENT_3D('',#4811,#3882,#3883);
#3473=AXIS2_PLACEMENT_3D('',#4813,#3884,#3885);
#3474=AXIS2_PLACEMENT_3D('',#4815,#3886,#3887);
#3475=AXIS2_PLACEMENT_3D('',#4821,#3891,#3892);
#3476=AXIS2_PLACEMENT_3D('',#4823,#3893,#3894);
#3477=AXIS2_PLACEMENT_3D('',#4825,#3895,#3896);
#3478=AXIS2_PLACEMENT_3D('',#4826,#3897,#3898);
#3479=AXIS2_PLACEMENT_3D('',#4833,#3902,#3903);
#3480=AXIS2_PLACEMENT_3D('',#4835,#3904,#3905);
#3481=AXIS2_PLACEMENT_3D('',#4836,#3906,#3907);
#3482=AXIS2_PLACEMENT_3D('',#4838,#3908,#3909);
#3483=AXIS2_PLACEMENT_3D('',#4840,#3910,#3911);
#3484=AXIS2_PLACEMENT_3D('',#4842,#3912,#3913);
#3485=AXIS2_PLACEMENT_3D('',#4846,#3915,#3916);
#3486=AXIS2_PLACEMENT_3D('',#4847,#3917,#3918);
#3487=AXIS2_PLACEMENT_3D('',#4851,#3920,#3921);
#3488=AXIS2_PLACEMENT_3D('',#4852,#3922,#3923);
#3489=AXIS2_PLACEMENT_3D('',#4854,#3924,#3925);
#3490=AXIS2_PLACEMENT_3D('',#4856,#3926,#3927);
#3491=AXIS2_PLACEMENT_3D('',#4858,#3928,#3929);
#3492=AXIS2_PLACEMENT_3D('',#4862,#3931,#3932);
#3493=AXIS2_PLACEMENT_3D('',#4864,#3933,#3934);
#3494=AXIS2_PLACEMENT_3D('',#4866,#3935,#3936);
#3495=AXIS2_PLACEMENT_3D('',#4867,#3937,#3938);
#3496=AXIS2_PLACEMENT_3D('',#4869,#3939,#3940);
#3497=AXIS2_PLACEMENT_3D('',#4871,#3941,#3942);
#3498=AXIS2_PLACEMENT_3D('',#4875,#3944,#3945);
#3499=AXIS2_PLACEMENT_3D('',#4877,#3946,#3947);
#3500=AXIS2_PLACEMENT_3D('',#4879,#3948,#3949);
#3501=AXIS2_PLACEMENT_3D('',#4880,#3950,#3951);
#3502=AXIS2_PLACEMENT_3D('',#4882,#3953,#3954);
#3503=AXIS2_PLACEMENT_3D('',#4884,#3956,#3957);
#3504=AXIS2_PLACEMENT_3D('',#4885,#3958,#3959);
#3505=AXIS2_PLACEMENT_3D('',#4887,#3961,#3962);
#3506=AXIS2_PLACEMENT_3D('',#4889,#3964,#3965);
#3507=AXIS2_PLACEMENT_3D('',#4890,#3966,#3967);
#3508=AXIS2_PLACEMENT_3D('',#4891,#3968,#3969);
#3509=AXIS2_PLACEMENT_3D('',#4892,#3970,#3971);
#3510=AXIS2_PLACEMENT_3D('',#4893,#3972,#3973);
#3511=AXIS2_PLACEMENT_3D('',#4894,#3974,#3975);
#3512=AXIS2_PLACEMENT_3D('',#4896,#3977,#3978);
#3513=AXIS2_PLACEMENT_3D('',#4899,#3981,#3982);
#3514=AXIS2_PLACEMENT_3D('',#4902,#3985,#3986);
#3515=AXIS2_PLACEMENT_3D('',#4904,#3988,#3989);
#3516=AXIS2_PLACEMENT_3D('',#4906,#3991,#3992);
#3517=AXIS2_PLACEMENT_3D('',#4908,#3994,#3995);
#3518=AXIS2_PLACEMENT_3D('',#4910,#3997,#3998);
#3519=AXIS2_PLACEMENT_3D('',#4912,#4000,#4001);
#3520=AXIS2_PLACEMENT_3D('',#4914,#4003,#4004);
#3521=AXIS2_PLACEMENT_3D('',#4915,#4005,#4006);
#3522=AXIS2_PLACEMENT_3D('',#4916,#4007,#4008);
#3523=AXIS2_PLACEMENT_3D('',#4918,#4010,#4011);
#3524=AXIS2_PLACEMENT_3D('',#4919,#4012,#4013);
#3525=AXIS2_PLACEMENT_3D('',#4920,#4014,#4015);
#3526=AXIS2_PLACEMENT_3D('',#4923,#4018,#4019);
#3527=AXIS2_PLACEMENT_3D('',#4925,#4021,#4022);
#3528=AXIS2_PLACEMENT_3D('',#4927,#4024,#4025);
#3529=AXIS2_PLACEMENT_3D('',#4928,#4026,#4027);
#3530=AXIS2_PLACEMENT_3D('',#4929,#4028,#4029);
#3531=AXIS2_PLACEMENT_3D('',#4930,#4030,#4031);
#3532=AXIS2_PLACEMENT_3D('',#4931,#4032,#4033);
#3533=AXIS2_PLACEMENT_3D('',#4932,#4034,#4035);
#3534=AXIS2_PLACEMENT_3D('',#4933,#4036,#4037);
#3535=AXIS2_PLACEMENT_3D('',#4934,#4038,#4039);
#3536=AXIS2_PLACEMENT_3D('',#4935,#4040,#4041);
#3537=AXIS2_PLACEMENT_3D('',#4936,#4042,#4043);
#3538=AXIS2_PLACEMENT_3D('',#4937,#4044,#4045);
#3539=AXIS2_PLACEMENT_3D('',#4938,#4046,#4047);
#3540=AXIS2_PLACEMENT_3D('',#4939,#4048,#4049);
#3541=AXIS2_PLACEMENT_3D('',#4940,#4050,#4051);
#3542=AXIS2_PLACEMENT_3D('',#4941,#4052,#4053);
#3543=AXIS2_PLACEMENT_3D('',#4942,#4054,#4055);
#3544=AXIS2_PLACEMENT_3D('',#4943,#4056,#4057);
#3545=AXIS2_PLACEMENT_3D('',#4944,#4058,#4059);
#3546=AXIS2_PLACEMENT_3D('',#4945,#4060,#4061);
#3547=AXIS2_PLACEMENT_3D('',#4946,#4062,#4063);
#3548=AXIS2_PLACEMENT_3D('',#4947,#4064,#4065);
#3549=AXIS2_PLACEMENT_3D('',#4948,#4066,#4067);
#3550=AXIS2_PLACEMENT_3D('',#4949,#4068,#4069);
#3551=AXIS2_PLACEMENT_3D('',#4950,#4070,#4071);
#3552=AXIS2_PLACEMENT_3D('',#4952,#4072,#4073);
#3553=AXIS2_PLACEMENT_3D('',#4962,#4078,#4079);
#3554=AXIS2_PLACEMENT_3D('',#4976,#4087,#4088);
#3555=AXIS2_PLACEMENT_3D('',#4990,#4096,#4097);
#3556=AXIS2_PLACEMENT_3D('',#4992,#4099,#4100);
#3557=AXIS2_PLACEMENT_3D('',#4995,#4103,#4104);
#3558=AXIS2_PLACEMENT_3D('',#4996,#4105,#4106);
#3559=AXIS2_PLACEMENT_3D('',#4998,#4107,#4108);
#3560=AXIS2_PLACEMENT_3D('',#5001,#4110,#4111);
#3561=AXIS2_PLACEMENT_3D('',#5002,#4112,#4113);
#3562=AXIS2_PLACEMENT_3D('',#5004,#4114,#4115);
#3563=AXIS2_PLACEMENT_3D('',#5006,#4116,#4117);
#3564=AXIS2_PLACEMENT_3D('',#5008,#4118,#4119);
#3565=AXIS2_PLACEMENT_3D('',#5010,#4120,#4121);
#3566=AXIS2_PLACEMENT_3D('',#5012,#4123,#4124);
#3567=AXIS2_PLACEMENT_3D('',#5014,#4126,#4127);
#3568=AXIS2_PLACEMENT_3D('',#5015,#4128,#4129);
#3569=AXIS2_PLACEMENT_3D('',#5016,#4130,#4131);
#3570=AXIS2_PLACEMENT_3D('',#5017,#4132,#4133);
#3571=AXIS2_PLACEMENT_3D('',#5018,#4134,#4135);
#3572=AXIS2_PLACEMENT_3D('',#5019,#4136,#4137);
#3573=AXIS2_PLACEMENT_3D('',#5020,#4138,#4139);
#3574=AXIS2_PLACEMENT_3D('',#5021,#4140,#4141);
#3575=AXIS2_PLACEMENT_3D('',#5023,#4142,#4143);
#3576=AXIS2_PLACEMENT_3D('',#5033,#4148,#4149);
#3577=AXIS2_PLACEMENT_3D('',#5047,#4157,#4158);
#3578=AXIS2_PLACEMENT_3D('',#5061,#4166,#4167);
#3579=AXIS2_PLACEMENT_3D('',#5063,#4169,#4170);
#3580=AXIS2_PLACEMENT_3D('',#5066,#4173,#4174);
#3581=AXIS2_PLACEMENT_3D('',#5067,#4175,#4176);
#3582=AXIS2_PLACEMENT_3D('',#5069,#4177,#4178);
#3583=AXIS2_PLACEMENT_3D('',#5072,#4180,#4181);
#3584=AXIS2_PLACEMENT_3D('',#5073,#4182,#4183);
#3585=AXIS2_PLACEMENT_3D('',#5075,#4184,#4185);
#3586=AXIS2_PLACEMENT_3D('',#5077,#4186,#4187);
#3587=AXIS2_PLACEMENT_3D('',#5079,#4188,#4189);
#3588=AXIS2_PLACEMENT_3D('',#5081,#4190,#4191);
#3589=AXIS2_PLACEMENT_3D('',#5083,#4193,#4194);
#3590=AXIS2_PLACEMENT_3D('',#5085,#4196,#4197);
#3591=AXIS2_PLACEMENT_3D('',#5086,#4198,#4199);
#3592=AXIS2_PLACEMENT_3D('',#5087,#4200,#4201);
#3593=AXIS2_PLACEMENT_3D('',#5088,#4202,#4203);
#3594=AXIS2_PLACEMENT_3D('',#5089,#4204,#4205);
#3595=AXIS2_PLACEMENT_3D('',#5090,#4206,#4207);
#3596=AXIS2_PLACEMENT_3D('',#5091,#4208,#4209);
#3597=AXIS2_PLACEMENT_3D('',#5092,#4210,#4211);
#3598=AXIS2_PLACEMENT_3D('',#5094,#4212,#4213);
#3599=AXIS2_PLACEMENT_3D('',#5104,#4218,#4219);
#3600=AXIS2_PLACEMENT_3D('',#5118,#4227,#4228);
#3601=AXIS2_PLACEMENT_3D('',#5124,#4232,#4233);
#3602=AXIS2_PLACEMENT_3D('',#5128,#4236,#4237);
#3603=AXIS2_PLACEMENT_3D('',#5137,#4243,#4244);
#3604=AXIS2_PLACEMENT_3D('',#5138,#4245,#4246);
#3605=AXIS2_PLACEMENT_3D('',#5140,#4247,#4248);
#3606=AXIS2_PLACEMENT_3D('',#5143,#4250,#4251);
#3607=AXIS2_PLACEMENT_3D('',#5144,#4252,#4253);
#3608=AXIS2_PLACEMENT_3D('',#5146,#4254,#4255);
#3609=AXIS2_PLACEMENT_3D('',#5148,#4256,#4257);
#3610=AXIS2_PLACEMENT_3D('',#5150,#4258,#4259);
#3611=AXIS2_PLACEMENT_3D('',#5152,#4260,#4261);
#3612=AXIS2_PLACEMENT_3D('',#5154,#4263,#4264);
#3613=AXIS2_PLACEMENT_3D('',#5156,#4266,#4267);
#3614=AXIS2_PLACEMENT_3D('',#5157,#4268,#4269);
#3615=AXIS2_PLACEMENT_3D('',#5158,#4270,#4271);
#3616=AXIS2_PLACEMENT_3D('',#5159,#4272,#4273);
#3617=AXIS2_PLACEMENT_3D('',#5160,#4274,#4275);
#3618=AXIS2_PLACEMENT_3D('',#5161,#4276,#4277);
#3619=AXIS2_PLACEMENT_3D('',#5162,#4278,#4279);
#3620=AXIS2_PLACEMENT_3D('',#5163,#4280,#4281);
#3621=AXIS2_PLACEMENT_3D('',#5165,#4282,#4283);
#3622=AXIS2_PLACEMENT_3D('',#5175,#4288,#4289);
#3623=AXIS2_PLACEMENT_3D('',#5189,#4297,#4298);
#3624=AXIS2_PLACEMENT_3D('',#5195,#4302,#4303);
#3625=AXIS2_PLACEMENT_3D('',#5199,#4306,#4307);
#3626=AXIS2_PLACEMENT_3D('',#5208,#4313,#4314);
#3627=AXIS2_PLACEMENT_3D('',#5209,#4315,#4316);
#3628=AXIS2_PLACEMENT_3D('',#5211,#4317,#4318);
#3629=AXIS2_PLACEMENT_3D('',#5214,#4320,#4321);
#3630=AXIS2_PLACEMENT_3D('',#5215,#4322,#4323);
#3631=AXIS2_PLACEMENT_3D('',#5217,#4324,#4325);
#3632=AXIS2_PLACEMENT_3D('',#5219,#4326,#4327);
#3633=AXIS2_PLACEMENT_3D('',#5221,#4328,#4329);
#3634=AXIS2_PLACEMENT_3D('',#5223,#4330,#4331);
#3635=AXIS2_PLACEMENT_3D('',#5225,#4333,#4334);
#3636=AXIS2_PLACEMENT_3D('',#5227,#4336,#4337);
#3637=AXIS2_PLACEMENT_3D('',#5228,#4338,#4339);
#3638=AXIS2_PLACEMENT_3D('',#5229,#4340,#4341);
#3639=AXIS2_PLACEMENT_3D('',#5230,#4342,#4343);
#3640=AXIS2_PLACEMENT_3D('',#5231,#4344,#4345);
#3641=AXIS2_PLACEMENT_3D('',#5232,#4346,#4347);
#3642=AXIS2_PLACEMENT_3D('',#5233,#4348,#4349);
#3643=AXIS2_PLACEMENT_3D('',#5234,#4350,#4351);
#3644=AXIS2_PLACEMENT_3D('',#5236,#4352,#4353);
#3645=AXIS2_PLACEMENT_3D('',#5238,#4354,#4355);
#3646=AXIS2_PLACEMENT_3D('',#5251,#4361,#4362);
#3647=AXIS2_PLACEMENT_3D('',#5255,#4364,#4365);
#3648=AXIS2_PLACEMENT_3D('',#5259,#4367,#4368);
#3649=AXIS2_PLACEMENT_3D('',#5263,#4370,#4371);
#3650=AXIS2_PLACEMENT_3D('',#5288,#4384,#4385);
#3651=AXIS2_PLACEMENT_3D('',#5290,#4386,#4387);
#3652=AXIS2_PLACEMENT_3D('',#5291,#4388,#4389);
#3653=AXIS2_PLACEMENT_3D('',#5293,#4390,#4391);
#3654=AXIS2_PLACEMENT_3D('',#5322,#4405,#4406);
#3655=AXIS2_PLACEMENT_3D('',#5326,#4408,#4409);
#3656=AXIS2_PLACEMENT_3D('',#5330,#4411,#4412);
#3657=AXIS2_PLACEMENT_3D('',#5334,#4414,#4415);
#3658=AXIS2_PLACEMENT_3D('',#5343,#4420,#4421);
#3659=AXIS2_PLACEMENT_3D('',#5345,#4422,#4423);
#3660=AXIS2_PLACEMENT_3D('',#5347,#4424,#4425);
#3661=AXIS2_PLACEMENT_3D('',#5350,#4428,#4429);
#3662=AXIS2_PLACEMENT_3D('',#5352,#4431,#4432);
#3663=AXIS2_PLACEMENT_3D('',#5354,#4434,#4435);
#3664=AXIS2_PLACEMENT_3D('',#5356,#4437,#4438);
#3665=AXIS2_PLACEMENT_3D('',#5358,#4440,#4441);
#3666=AXIS2_PLACEMENT_3D('',#5360,#4443,#4444);
#3667=AXIS2_PLACEMENT_3D('',#5362,#4446,#4447);
#3668=AXIS2_PLACEMENT_3D('',#5363,#4448,#4449);
#3669=AXIS2_PLACEMENT_3D('',#5366,#4452,#4453);
#3670=AXIS2_PLACEMENT_3D('',#5368,#4455,#4456);
#3671=AXIS2_PLACEMENT_3D('',#5370,#4458,#4459);
#3672=AXIS2_PLACEMENT_3D('',#5371,#4460,#4461);
#3673=AXIS2_PLACEMENT_3D('',#5374,#4464,#4465);
#3674=AXIS2_PLACEMENT_3D('',#5376,#4467,#4468);
#3675=AXIS2_PLACEMENT_3D('',#5378,#4470,#4471);
#3676=AXIS2_PLACEMENT_3D('',#5379,#4472,#4473);
#3677=AXIS2_PLACEMENT_3D('',#5382,#4476,#4477);
#3678=AXIS2_PLACEMENT_3D('',#5384,#4479,#4480);
#3679=AXIS2_PLACEMENT_3D('',#5386,#4482,#4483);
#3680=AXIS2_PLACEMENT_3D('',#5387,#4484,#4485);
#3681=AXIS2_PLACEMENT_3D('',#5390,#4488,#4489);
#3682=AXIS2_PLACEMENT_3D('',#5392,#4491,#4492);
#3683=AXIS2_PLACEMENT_3D('',#5394,#4494,#4495);
#3684=AXIS2_PLACEMENT_3D('',#5395,#4496,#4497);
#3685=AXIS2_PLACEMENT_3D('',#5396,#4498,#4499);
#3686=AXIS2_PLACEMENT_3D('',#5397,#4500,#4501);
#3687=AXIS2_PLACEMENT_3D('',#5398,#4502,#4503);
#3688=AXIS2_PLACEMENT_3D('',#5399,#4504,#4505);
#3689=AXIS2_PLACEMENT_3D('',#5400,#4506,#4507);
#3690=AXIS2_PLACEMENT_3D('',#5401,#4508,#4509);
#3691=AXIS2_PLACEMENT_3D('',#5403,#4510,#4511);
#3692=AXIS2_PLACEMENT_3D('',#5413,#4516,#4517);
#3693=AXIS2_PLACEMENT_3D('',#5415,#4518,#4519);
#3694=AXIS2_PLACEMENT_3D('',#5417,#4520,#4521);
#3695=AXIS2_PLACEMENT_3D('',#5419,#4522,#4523);
#3696=AXIS2_PLACEMENT_3D('',#5430,#4526,#4527);
#3697=AXIS2_PLACEMENT_3D('',#5434,#4529,#4530);
#3698=AXIS2_PLACEMENT_3D('',#5449,#4536,#4537);
#3699=AXIS2_PLACEMENT_3D('',#5450,#4538,#4539);
#3700=AXIS2_PLACEMENT_3D('',#5452,#4540,#4541);
#3701=AXIS2_PLACEMENT_3D('',#5454,#4542,#4543);
#3702=AXIS2_PLACEMENT_3D('',#5456,#4544,#4545);
#3703=AXIS2_PLACEMENT_3D('',#5469,#4551,#4552);
#3704=AXIS2_PLACEMENT_3D('',#5473,#4554,#4555);
#3705=AXIS2_PLACEMENT_3D('',#5477,#4557,#4558);
#3706=AXIS2_PLACEMENT_3D('',#5481,#4560,#4561);
#3707=AXIS2_PLACEMENT_3D('',#5482,#4562,#4563);
#3708=AXIS2_PLACEMENT_3D('',#5484,#4564,#4565);
#3709=AXIS2_PLACEMENT_3D('',#5486,#4566,#4567);
#3710=AXIS2_PLACEMENT_3D('',#5488,#4568,#4569);
#3711=AXIS2_PLACEMENT_3D('',#5498,#4574,#4575);
#3712=AXIS2_PLACEMENT_3D('',#5501,#4578,#4579);
#3713=AXIS2_PLACEMENT_3D('',#5505,#4582,#4583);
#3714=AXIS2_PLACEMENT_3D('',#5508,#4585,#4586);
#3715=AXIS2_PLACEMENT_3D('',#5510,#4588,#4589);
#3716=AXIS2_PLACEMENT_3D('',#5514,#4592,#4593);
#3717=AXIS2_PLACEMENT_3D('',#5517,#4595,#4596);
#3718=AXIS2_PLACEMENT_3D('',#5519,#4598,#4599);
#3719=AXIS2_PLACEMENT_3D('',#5521,#4601,#4602);
#3720=AXIS2_PLACEMENT_3D('',#5523,#4604,#4605);
#3721=AXIS2_PLACEMENT_3D('',#5524,#4606,#4607);
#3722=AXIS2_PLACEMENT_3D('',#5527,#4610,#4611);
#3723=AXIS2_PLACEMENT_3D('',#5529,#4613,#4614);
#3724=AXIS2_PLACEMENT_3D('',#5531,#4616,#4617);
#3725=AXIS2_PLACEMENT_3D('',#5532,#4618,#4619);
#3726=AXIS2_PLACEMENT_3D('',#5533,#4620,#4621);
#3727=AXIS2_PLACEMENT_3D('',#5535,#4622,#4623);
#3728=AXIS2_PLACEMENT_3D('',#5536,#4624,#4625);
#3729=AXIS2_PLACEMENT_3D('',#5538,#4626,#4627);
#3730=AXIS2_PLACEMENT_3D('',#5539,#4628,#4629);
#3731=AXIS2_PLACEMENT_3D('',#5540,#4630,#4631);
#3732=AXIS2_PLACEMENT_3D('',#5541,#4632,#4633);
#3733=AXIS2_PLACEMENT_3D('',#5542,#4634,#4635);
#3734=AXIS2_PLACEMENT_3D('',#5543,#4636,#4637);
#3735=AXIS2_PLACEMENT_3D('',#5555,#4638,#4639);
#3736=AXIS2_PLACEMENT_3D('',#5567,#4640,#4641);
#3737=AXIS2_PLACEMENT_3D('',#5568,#4642,#4643);
#3738=AXIS2_PLACEMENT_3D('',#5571,#4646,#4647);
#3739=AXIS2_PLACEMENT_3D('',#5573,#4649,#4650);
#3740=AXIS2_PLACEMENT_3D('',#5575,#4652,#4653);
#3741=AXIS2_PLACEMENT_3D('',#5576,#4654,#4655);
#3742=DIRECTION('',(0.,0.,1.));
#3743=DIRECTION('',(1.,0.,0.));
#3744=DIRECTION('',(0.,0.,1.));
#3745=DIRECTION('',(1.,0.,0.));
#3746=DIRECTION('',(0.,0.,-1.));
#3747=DIRECTION('',(1.,0.,0.));
#3748=DIRECTION('',(0.,0.,-1.));
#3749=DIRECTION('',(1.,0.,0.));
#3750=DIRECTION('',(0.,0.,-1.));
#3751=DIRECTION('',(1.,0.,0.));
#3752=DIRECTION('',(0.,0.,-1.));
#3753=DIRECTION('',(1.,0.,0.));
#3754=DIRECTION('',(0.,0.,-1.));
#3755=DIRECTION('',(1.,0.,0.));
#3756=DIRECTION('',(0.,0.,-1.));
#3757=DIRECTION('',(1.,0.,0.));
#3758=DIRECTION('',(0.,0.,-1.));
#3759=DIRECTION('',(1.,0.,0.));
#3760=DIRECTION('',(0.,0.,-1.));
#3761=DIRECTION('',(1.,0.,0.));
#3762=DIRECTION('',(0.,0.,-1.));
#3763=DIRECTION('',(1.,0.,0.));
#3764=DIRECTION('',(-2.8143940769384E-16,-1.,0.));
#3765=DIRECTION('',(0.,0.,1.));
#3766=DIRECTION('',(1.,0.,0.));
#3767=DIRECTION('',(-1.,0.,0.));
#3768=DIRECTION('',(0.,0.,1.));
#3769=DIRECTION('',(1.,0.,0.));
#3770=DIRECTION('',(-2.8143940769384E-16,-1.,0.));
#3771=DIRECTION('',(0.,0.,1.));
#3772=DIRECTION('',(1.,0.,0.));
#3773=DIRECTION('',(-1.,0.,0.));
#3774=DIRECTION('',(0.,0.,1.));
#3775=DIRECTION('',(1.,0.,0.));
#3776=DIRECTION('',(0.,0.,1.));
#3777=DIRECTION('',(1.,0.,0.));
#3778=DIRECTION('',(0.,0.,1.));
#3779=DIRECTION('',(1.,0.,0.));
#3780=DIRECTION('',(0.,0.,-1.));
#3781=DIRECTION('',(1.,0.,0.));
#3782=DIRECTION('',(-1.,0.,0.));
#3783=DIRECTION('',(0.,-1.,0.));
#3784=DIRECTION('',(-1.,0.,0.));
#3785=DIRECTION('',(0.,-1.,0.));
#3786=DIRECTION('',(0.,0.,1.));
#3787=DIRECTION('',(1.,0.,0.));
#3788=DIRECTION('',(0.,0.,1.));
#3789=DIRECTION('',(1.,0.,0.));
#3790=DIRECTION('',(0.,0.,1.));
#3791=DIRECTION('',(1.,0.,0.));
#3792=DIRECTION('',(0.,0.,1.));
#3793=DIRECTION('',(1.,0.,0.));
#3794=DIRECTION('',(0.,0.,1.));
#3795=DIRECTION('',(1.,0.,0.));
#3796=DIRECTION('',(0.,0.,1.));
#3797=DIRECTION('',(1.,0.,0.));
#3798=DIRECTION('',(0.,0.,1.));
#3799=DIRECTION('',(1.,0.,0.));
#3800=DIRECTION('',(0.,0.,1.));
#3801=DIRECTION('',(1.,0.,0.));
#3802=DIRECTION('',(0.,0.,1.));
#3803=DIRECTION('',(1.,0.,0.));
#3804=DIRECTION('',(0.,0.,1.));
#3805=DIRECTION('',(1.,0.,0.));
#3806=DIRECTION('',(0.,0.,1.));
#3807=DIRECTION('',(1.,0.,0.));
#3808=DIRECTION('',(0.,0.,1.));
#3809=DIRECTION('',(1.,0.,0.));
#3810=DIRECTION('',(0.,0.,1.));
#3811=DIRECTION('',(1.,0.,0.));
#3812=DIRECTION('',(0.,0.,1.));
#3813=DIRECTION('',(1.,0.,0.));
#3814=DIRECTION('',(0.,0.,1.));
#3815=DIRECTION('',(1.,0.,0.));
#3816=DIRECTION('',(0.,0.,1.));
#3817=DIRECTION('',(1.,0.,0.));
#3818=DIRECTION('',(0.,0.,1.));
#3819=DIRECTION('',(1.,0.,0.));
#3820=DIRECTION('',(0.,0.,1.));
#3821=DIRECTION('',(1.,0.,0.));
#3822=DIRECTION('',(-1.,0.,0.));
#3823=DIRECTION('',(0.,0.,1.));
#3824=DIRECTION('',(1.,0.,0.));
#3825=DIRECTION('',(0.,0.,1.));
#3826=DIRECTION('',(1.,0.,0.));
#3827=DIRECTION('',(0.,0.,1.));
#3828=DIRECTION('',(1.,0.,0.));
#3829=DIRECTION('',(-2.8143940769384E-16,-1.,0.));
#3830=DIRECTION('',(0.,0.,1.));
#3831=DIRECTION('',(1.,0.,0.));
#3832=DIRECTION('',(0.,0.,1.));
#3833=DIRECTION('',(1.,0.,0.));
#3834=DIRECTION('',(0.,0.,1.));
#3835=DIRECTION('',(1.,0.,0.));
#3836=DIRECTION('',(-1.,0.,0.));
#3837=DIRECTION('',(0.,0.,1.));
#3838=DIRECTION('',(1.,0.,0.));
#3839=DIRECTION('',(0.,0.,1.));
#3840=DIRECTION('',(1.,0.,0.));
#3841=DIRECTION('',(0.,0.,1.));
#3842=DIRECTION('',(1.,0.,0.));
#3843=DIRECTION('',(-2.8143940769384E-16,-1.,0.));
#3844=DIRECTION('',(0.,0.,1.));
#3845=DIRECTION('',(1.,0.,0.));
#3846=DIRECTION('',(0.,0.,1.));
#3847=DIRECTION('',(1.,0.,0.));
#3848=DIRECTION('',(0.,-1.,0.));
#3849=DIRECTION('',(-1.,0.,0.));
#3850=DIRECTION('',(0.,-1.,0.));
#3851=DIRECTION('',(-1.,0.,0.));
#3852=DIRECTION('',(0.,0.,1.));
#3853=DIRECTION('',(1.,0.,0.));
#3854=DIRECTION('',(0.,0.,1.));
#3855=DIRECTION('',(1.,0.,0.));
#3856=DIRECTION('',(0.,0.,1.));
#3857=DIRECTION('',(1.,0.,0.));
#3858=DIRECTION('',(0.,0.,1.));
#3859=DIRECTION('',(1.,0.,0.));
#3860=DIRECTION('',(0.,0.,1.));
#3861=DIRECTION('',(1.,0.,0.));
#3862=DIRECTION('',(0.,0.,1.));
#3863=DIRECTION('',(1.,0.,0.));
#3864=DIRECTION('',(0.,0.,1.));
#3865=DIRECTION('',(1.,0.,0.));
#3866=DIRECTION('',(0.,0.,1.));
#3867=DIRECTION('',(1.,0.,0.));
#3868=DIRECTION('',(1.,-2.8143940769384E-16,0.));
#3869=DIRECTION('',(2.8143940769384E-16,1.,0.));
#3870=DIRECTION('',(1.,-2.8143940769384E-16,0.));
#3871=DIRECTION('',(2.8143940769384E-16,1.,0.));
#3872=DIRECTION('',(1.,-2.8143940769384E-16,0.));
#3873=DIRECTION('',(2.8143940769384E-16,1.,0.));
#3874=DIRECTION('',(-2.8143940769384E-16,-1.,0.));
#3875=DIRECTION('',(0.,0.,-1.));
#3876=DIRECTION('',(0.,0.,-1.));
#3877=DIRECTION('',(1.,-2.8143940769384E-16,0.));
#3878=DIRECTION('',(2.8143940769384E-16,1.,0.));
#3879=DIRECTION('',(-2.8143940769384E-16,-1.,0.));
#3880=DIRECTION('',(0.,0.,-1.));
#3881=DIRECTION('',(0.,0.,-1.));
#3882=DIRECTION('',(1.,-2.8143940769384E-16,0.));
#3883=DIRECTION('',(-2.8143940769384E-16,-1.,0.));
#3884=DIRECTION('',(-1.,2.8143940769384E-16,0.));
#3885=DIRECTION('',(-2.8143940769384E-16,-1.,0.));
#3886=DIRECTION('',(1.,-2.8143940769384E-16,0.));
#3887=DIRECTION('',(2.8143940769384E-16,1.,0.));
#3888=DIRECTION('',(-2.8143940769384E-16,-1.,0.));
#3889=DIRECTION('',(0.,0.,1.));
#3890=DIRECTION('',(0.,0.,-1.));
#3891=DIRECTION('',(1.,-2.8143940769384E-16,0.));
#3892=DIRECTION('',(2.8143940769384E-16,1.,0.));
#3893=DIRECTION('',(1.,-2.8143940769384E-16,0.));
#3894=DIRECTION('',(2.8143940769384E-16,1.,0.));
#3895=DIRECTION('',(1.,-2.8143940769384E-16,0.));
#3896=DIRECTION('',(2.8143940769384E-16,1.,0.));
#3897=DIRECTION('',(1.,-2.8143940769384E-16,0.));
#3898=DIRECTION('',(2.8143940769384E-16,1.,0.));
#3899=DIRECTION('',(-2.8143940769384E-16,-1.,0.));
#3900=DIRECTION('',(0.,0.,1.));
#3901=DIRECTION('',(0.,0.,-1.));
#3902=DIRECTION('',(1.,-2.8143940769384E-16,0.));
#3903=DIRECTION('',(2.8143940769384E-16,1.,0.));
#3904=DIRECTION('',(0.,0.,1.));
#3905=DIRECTION('',(1.,0.,0.));
#3906=DIRECTION('',(0.,0.,-1.));
#3907=DIRECTION('',(1.,0.,0.));
#3908=DIRECTION('',(0.,0.,1.));
#3909=DIRECTION('',(1.,0.,0.));
#3910=DIRECTION('',(0.,0.,1.));
#3911=DIRECTION('',(1.,0.,0.));
#3912=DIRECTION('',(0.,0.,1.));
#3913=DIRECTION('',(1.,0.,0.));
#3914=DIRECTION('',(-1.,0.,0.));
#3915=DIRECTION('',(0.,0.,1.));
#3916=DIRECTION('',(1.,0.,0.));
#3917=DIRECTION('',(0.,0.,1.));
#3918=DIRECTION('',(1.,0.,0.));
#3919=DIRECTION('',(-1.,0.,0.));
#3920=DIRECTION('',(0.,0.,1.));
#3921=DIRECTION('',(1.,0.,0.));
#3922=DIRECTION('',(0.,0.,-1.));
#3923=DIRECTION('',(1.,0.,0.));
#3924=DIRECTION('',(0.,0.,1.));
#3925=DIRECTION('',(1.,0.,0.));
#3926=DIRECTION('',(0.,0.,1.));
#3927=DIRECTION('',(1.,0.,0.));
#3928=DIRECTION('',(0.,0.,1.));
#3929=DIRECTION('',(1.,0.,0.));
#3930=DIRECTION('',(-1.,0.,0.));
#3931=DIRECTION('',(0.,0.,1.));
#3932=DIRECTION('',(1.,0.,0.));
#3933=DIRECTION('',(0.,0.,1.));
#3934=DIRECTION('',(1.,0.,0.));
#3935=DIRECTION('',(0.,0.,1.));
#3936=DIRECTION('',(1.,0.,0.));
#3937=DIRECTION('',(0.,0.,1.));
#3938=DIRECTION('',(1.,0.,0.));
#3939=DIRECTION('',(0.,0.,1.));
#3940=DIRECTION('',(1.,0.,0.));
#3941=DIRECTION('',(0.,0.,1.));
#3942=DIRECTION('',(1.,0.,0.));
#3943=DIRECTION('',(-1.,0.,0.));
#3944=DIRECTION('',(0.,0.,1.));
#3945=DIRECTION('',(1.,0.,0.));
#3946=DIRECTION('',(0.,0.,1.));
#3947=DIRECTION('',(1.,0.,0.));
#3948=DIRECTION('',(0.,0.,1.));
#3949=DIRECTION('',(1.,0.,0.));
#3950=DIRECTION('',(0.,0.,-1.));
#3951=DIRECTION('',(-1.,0.,0.));
#3952=DIRECTION('',(0.,0.,-1.));
#3953=DIRECTION('',(0.,-1.,0.));
#3954=DIRECTION('',(0.,0.,-1.));
#3955=DIRECTION('',(0.,0.,-1.));
#3956=DIRECTION('',(0.,0.,-1.));
#3957=DIRECTION('',(-1.,0.,0.));
#3958=DIRECTION('',(0.,0.,-1.));
#3959=DIRECTION('',(-1.,0.,0.));
#3960=DIRECTION('',(0.,0.,-1.));
#3961=DIRECTION('',(0.,-1.,0.));
#3962=DIRECTION('',(0.,0.,-1.));
#3963=DIRECTION('',(0.,0.,-1.));
#3964=DIRECTION('',(0.,0.,-1.));
#3965=DIRECTION('',(-1.,0.,0.));
#3966=DIRECTION('',(0.,0.,-1.));
#3967=DIRECTION('',(-1.,0.,0.));
#3968=DIRECTION('',(0.,0.,-1.));
#3969=DIRECTION('',(-1.,0.,0.));
#3970=DIRECTION('',(0.,0.,-1.));
#3971=DIRECTION('',(-1.,0.,0.));
#3972=DIRECTION('',(0.,0.,-1.));
#3973=DIRECTION('',(-1.,0.,0.));
#3974=DIRECTION('',(0.,0.,-1.));
#3975=DIRECTION('',(-1.,0.,0.));
#3976=DIRECTION('',(0.,0.,-1.));
#3977=DIRECTION('',(0.,0.,-1.));
#3978=DIRECTION('',(-1.,0.,0.));
#3979=DIRECTION('',(0.,0.,-1.));
#3980=DIRECTION('',(0.,0.,-1.));
#3981=DIRECTION('',(0.,0.,-1.));
#3982=DIRECTION('',(-1.,0.,0.));
#3983=DIRECTION('',(0.,0.,-1.));
#3984=DIRECTION('',(0.,0.,-1.));
#3985=DIRECTION('',(0.,0.,-1.));
#3986=DIRECTION('',(-1.,0.,0.));
#3987=DIRECTION('',(0.,0.,-1.));
#3988=DIRECTION('',(0.,0.,-1.));
#3989=DIRECTION('',(-1.,0.,0.));
#3990=DIRECTION('',(0.,0.,-1.));
#3991=DIRECTION('',(0.,-1.,0.));
#3992=DIRECTION('',(0.,0.,-1.));
#3993=DIRECTION('',(0.,0.,-1.));
#3994=DIRECTION('',(0.,0.,-1.));
#3995=DIRECTION('',(-1.,0.,0.));
#3996=DIRECTION('',(0.,0.,-1.));
#3997=DIRECTION('',(0.,0.,-1.));
#3998=DIRECTION('',(-1.,0.,0.));
#3999=DIRECTION('',(0.,0.,-1.));
#4000=DIRECTION('',(0.,-1.,0.));
#4001=DIRECTION('',(0.,0.,-1.));
#4002=DIRECTION('',(0.,0.,-1.));
#4003=DIRECTION('',(0.,0.,-1.));
#4004=DIRECTION('',(-1.,0.,0.));
#4005=DIRECTION('',(0.,0.,-1.));
#4006=DIRECTION('',(-1.,0.,0.));
#4007=DIRECTION('',(0.,0.,-1.));
#4008=DIRECTION('',(-1.,0.,0.));
#4009=DIRECTION('',(0.,0.,-1.));
#4010=DIRECTION('',(0.,0.,-1.));
#4011=DIRECTION('',(-1.,0.,0.));
#4012=DIRECTION('',(0.,0.,-1.));
#4013=DIRECTION('',(-1.,0.,0.));
#4014=DIRECTION('',(-1.,0.,0.));
#4015=DIRECTION('',(0.,0.,1.));
#4016=DIRECTION('',(0.,0.,1.));
#4017=DIRECTION('',(0.,0.,1.));
#4018=DIRECTION('',(0.,1.,0.));
#4019=DIRECTION('',(0.,0.,1.));
#4020=DIRECTION('',(0.,0.,1.));
#4021=DIRECTION('',(-1.,0.,0.));
#4022=DIRECTION('',(0.,0.,1.));
#4023=DIRECTION('',(0.,0.,1.));
#4024=DIRECTION('',(0.,1.,0.));
#4025=DIRECTION('',(0.,0.,1.));
#4026=DIRECTION('',(-1.,2.8143940769384E-16,0.));
#4027=DIRECTION('',(-2.8143940769384E-16,-1.,0.));
#4028=DIRECTION('',(-1.,2.8143940769384E-16,0.));
#4029=DIRECTION('',(-2.8143940769384E-16,-1.,0.));
#4030=DIRECTION('',(-1.,2.8143940769384E-16,0.));
#4031=DIRECTION('',(-2.8143940769384E-16,-1.,0.));
#4032=DIRECTION('',(-1.,2.8143940769384E-16,0.));
#4033=DIRECTION('',(-2.8143940769384E-16,-1.,0.));
#4034=DIRECTION('',(0.,0.,1.));
#4035=DIRECTION('',(1.,0.,0.));
#4036=DIRECTION('',(0.,0.,1.));
#4037=DIRECTION('',(1.,0.,0.));
#4038=DIRECTION('',(0.,0.,1.));
#4039=DIRECTION('',(1.,0.,0.));
#4040=DIRECTION('',(0.,0.,1.));
#4041=DIRECTION('',(1.,0.,0.));
#4042=DIRECTION('',(0.,0.,1.));
#4043=DIRECTION('',(1.,0.,0.));
#4044=DIRECTION('',(0.,0.,1.));
#4045=DIRECTION('',(1.,0.,0.));
#4046=DIRECTION('',(0.,0.,1.));
#4047=DIRECTION('',(1.,0.,0.));
#4048=DIRECTION('',(0.,0.,1.));
#4049=DIRECTION('',(1.,0.,0.));
#4050=DIRECTION('',(0.,0.,1.));
#4051=DIRECTION('',(1.,0.,0.));
#4052=DIRECTION('',(0.,0.,1.));
#4053=DIRECTION('',(1.,0.,0.));
#4054=DIRECTION('',(0.,0.,1.));
#4055=DIRECTION('',(1.,0.,0.));
#4056=DIRECTION('',(0.,0.,1.));
#4057=DIRECTION('',(1.,0.,0.));
#4058=DIRECTION('',(0.,0.,1.));
#4059=DIRECTION('',(1.,0.,0.));
#4060=DIRECTION('',(0.,0.,1.));
#4061=DIRECTION('',(1.,0.,0.));
#4062=DIRECTION('',(0.,0.,1.));
#4063=DIRECTION('',(1.,0.,0.));
#4064=DIRECTION('',(0.,0.,1.));
#4065=DIRECTION('',(1.,0.,0.));
#4066=DIRECTION('',(0.,0.,1.));
#4067=DIRECTION('',(1.,0.,0.));
#4068=DIRECTION('',(0.,0.,1.));
#4069=DIRECTION('',(1.,0.,0.));
#4070=DIRECTION('',(0.,0.,1.));
#4071=DIRECTION('',(-1.,0.,0.));
#4072=DIRECTION('',(0.,0.,1.));
#4073=DIRECTION('',(-1.,0.,0.));
#4074=DIRECTION('',(1.,0.,0.));
#4075=DIRECTION('',(-2.54125394759467E-16,-1.,0.));
#4076=DIRECTION('',(-1.,0.,0.));
#4077=DIRECTION('',(-2.54125394759467E-16,-1.,0.));
#4078=DIRECTION('',(-1.,2.54125394759467E-16,0.));
#4079=DIRECTION('',(-2.54125394759467E-16,-1.,0.));
#4080=DIRECTION('',(-2.54125394759467E-16,-1.,0.));
#4081=DIRECTION('',(0.,0.,-1.));
#4082=DIRECTION('',(-2.54125394759467E-16,-1.,0.));
#4083=DIRECTION('',(0.,0.,1.));
#4084=DIRECTION('',(-2.54125394759467E-16,-1.,0.));
#4085=DIRECTION('',(0.,0.,1.));
#4086=DIRECTION('',(0.,0.,-1.));
#4087=DIRECTION('',(-1.,2.54125394759467E-16,0.));
#4088=DIRECTION('',(-2.54125394759467E-16,-1.,0.));
#4089=DIRECTION('',(-2.54125394759467E-16,-1.,0.));
#4090=DIRECTION('',(0.,0.,-1.));
#4091=DIRECTION('',(0.,0.,1.));
#4092=DIRECTION('',(-2.54125394759467E-16,-1.,0.));
#4093=DIRECTION('',(0.,0.,1.));
#4094=DIRECTION('',(-2.54125394759467E-16,-1.,0.));
#4095=DIRECTION('',(0.,0.,-1.));
#4096=DIRECTION('',(0.,1.,0.));
#4097=DIRECTION('',(0.,0.,1.));
#4098=DIRECTION('',(-1.,0.,0.));
#4099=DIRECTION('',(3.41480999208033E-16,1.,0.));
#4100=DIRECTION('',(-1.,3.41480999208033E-16,0.));
#4101=DIRECTION('',(-1.,3.41480999208033E-16,0.));
#4102=DIRECTION('',(-1.,3.41480999208033E-16,0.));
#4103=DIRECTION('',(0.,0.,1.));
#4104=DIRECTION('',(1.,0.,0.));
#4105=DIRECTION('',(0.,0.,1.));
#4106=DIRECTION('',(-1.,0.,0.));
#4107=DIRECTION('',(0.,0.,1.));
#4108=DIRECTION('',(-1.,0.,0.));
#4109=DIRECTION('',(1.,0.,0.));
#4110=DIRECTION('',(0.,0.,1.));
#4111=DIRECTION('',(1.,0.,0.));
#4112=DIRECTION('',(0.,0.,1.));
#4113=DIRECTION('',(1.,0.,0.));
#4114=DIRECTION('',(0.,0.,1.));
#4115=DIRECTION('',(1.,0.,0.));
#4116=DIRECTION('',(0.,0.,1.));
#4117=DIRECTION('',(1.,0.,0.));
#4118=DIRECTION('',(0.,0.,1.));
#4119=DIRECTION('',(1.,0.,0.));
#4120=DIRECTION('',(0.,1.,0.));
#4121=DIRECTION('',(0.,0.,1.));
#4122=DIRECTION('',(1.,0.,0.));
#4123=DIRECTION('',(0.,1.,0.));
#4124=DIRECTION('',(0.,0.,1.));
#4125=DIRECTION('',(1.,0.,0.));
#4126=DIRECTION('',(0.,0.,-1.));
#4127=DIRECTION('',(1.,0.,0.));
#4128=DIRECTION('',(0.,0.,-1.));
#4129=DIRECTION('',(-1.,0.,0.));
#4130=DIRECTION('',(0.,0.,-1.));
#4131=DIRECTION('',(-1.,0.,0.));
#4132=DIRECTION('',(0.,0.,-1.));
#4133=DIRECTION('',(-1.,0.,0.));
#4134=DIRECTION('',(0.,0.,-1.));
#4135=DIRECTION('',(-1.,0.,0.));
#4136=DIRECTION('',(0.,0.,1.));
#4137=DIRECTION('',(1.,0.,0.));
#4138=DIRECTION('',(0.,0.,1.));
#4139=DIRECTION('',(1.,0.,0.));
#4140=DIRECTION('',(0.,0.,1.));
#4141=DIRECTION('',(-1.,0.,0.));
#4142=DIRECTION('',(0.,0.,1.));
#4143=DIRECTION('',(-1.,0.,0.));
#4144=DIRECTION('',(-1.,0.,0.));
#4145=DIRECTION('',(2.54125394759467E-16,1.,0.));
#4146=DIRECTION('',(1.,0.,0.));
#4147=DIRECTION('',(2.54125394759467E-16,1.,0.));
#4148=DIRECTION('',(1.,-2.54125394759467E-16,0.));
#4149=DIRECTION('',(2.54125394759467E-16,1.,0.));
#4150=DIRECTION('',(2.54125394759467E-16,1.,0.));
#4151=DIRECTION('',(0.,0.,-1.));
#4152=DIRECTION('',(2.54125394759467E-16,1.,0.));
#4153=DIRECTION('',(0.,0.,1.));
#4154=DIRECTION('',(2.54125394759467E-16,1.,0.));
#4155=DIRECTION('',(0.,0.,1.));
#4156=DIRECTION('',(0.,0.,-1.));
#4157=DIRECTION('',(1.,-2.54125394759467E-16,0.));
#4158=DIRECTION('',(2.54125394759467E-16,1.,0.));
#4159=DIRECTION('',(2.54125394759467E-16,1.,0.));
#4160=DIRECTION('',(0.,0.,-1.));
#4161=DIRECTION('',(0.,0.,1.));
#4162=DIRECTION('',(2.54125394759467E-16,1.,0.));
#4163=DIRECTION('',(0.,0.,1.));
#4164=DIRECTION('',(2.54125394759467E-16,1.,0.));
#4165=DIRECTION('',(0.,0.,-1.));
#4166=DIRECTION('',(0.,-1.,0.));
#4167=DIRECTION('',(0.,0.,-1.));
#4168=DIRECTION('',(1.,0.,0.));
#4169=DIRECTION('',(-3.41480999208033E-16,-1.,0.));
#4170=DIRECTION('',(1.,-3.41480999208033E-16,0.));
#4171=DIRECTION('',(1.,-3.41480999208033E-16,0.));
#4172=DIRECTION('',(1.,-3.41480999208033E-16,0.));
#4173=DIRECTION('',(0.,0.,1.));
#4174=DIRECTION('',(1.,0.,0.));
#4175=DIRECTION('',(0.,0.,1.));
#4176=DIRECTION('',(-1.,0.,0.));
#4177=DIRECTION('',(0.,0.,1.));
#4178=DIRECTION('',(-1.,0.,0.));
#4179=DIRECTION('',(-1.,0.,0.));
#4180=DIRECTION('',(0.,0.,1.));
#4181=DIRECTION('',(1.,0.,0.));
#4182=DIRECTION('',(0.,0.,1.));
#4183=DIRECTION('',(1.,0.,0.));
#4184=DIRECTION('',(0.,0.,1.));
#4185=DIRECTION('',(1.,0.,0.));
#4186=DIRECTION('',(0.,0.,1.));
#4187=DIRECTION('',(1.,0.,0.));
#4188=DIRECTION('',(0.,0.,1.));
#4189=DIRECTION('',(1.,0.,0.));
#4190=DIRECTION('',(0.,-1.,0.));
#4191=DIRECTION('',(0.,0.,-1.));
#4192=DIRECTION('',(-1.,0.,0.));
#4193=DIRECTION('',(0.,-1.,0.));
#4194=DIRECTION('',(0.,0.,-1.));
#4195=DIRECTION('',(-1.,0.,0.));
#4196=DIRECTION('',(0.,0.,-1.));
#4197=DIRECTION('',(1.,0.,0.));
#4198=DIRECTION('',(0.,0.,-1.));
#4199=DIRECTION('',(-1.,0.,0.));
#4200=DIRECTION('',(0.,0.,-1.));
#4201=DIRECTION('',(-1.,0.,0.));
#4202=DIRECTION('',(0.,0.,-1.));
#4203=DIRECTION('',(-1.,0.,0.));
#4204=DIRECTION('',(0.,0.,-1.));
#4205=DIRECTION('',(-1.,0.,0.));
#4206=DIRECTION('',(0.,0.,1.));
#4207=DIRECTION('',(1.,0.,0.));
#4208=DIRECTION('',(0.,0.,1.));
#4209=DIRECTION('',(1.,0.,0.));
#4210=DIRECTION('',(0.,0.,-1.));
#4211=DIRECTION('',(-1.,0.,0.));
#4212=DIRECTION('',(0.,0.,-1.));
#4213=DIRECTION('',(-1.,0.,0.));
#4214=DIRECTION('',(-1.,0.,0.));
#4215=DIRECTION('',(2.54125394759467E-16,-1.,0.));
#4216=DIRECTION('',(1.,3.41480999208033E-16,0.));
#4217=DIRECTION('',(2.54125394759467E-16,-1.,0.));
#4218=DIRECTION('',(-1.,-2.54125394759467E-16,0.));
#4219=DIRECTION('',(2.54125394759467E-16,-1.,0.));
#4220=DIRECTION('',(2.54125394759467E-16,-1.,0.));
#4221=DIRECTION('',(0.,0.,-1.));
#4222=DIRECTION('',(0.,0.,1.));
#4223=DIRECTION('',(2.54125394759467E-16,-1.,0.));
#4224=DIRECTION('',(0.,0.,1.));
#4225=DIRECTION('',(2.54125394759467E-16,-1.,0.));
#4226=DIRECTION('',(0.,0.,-1.));
#4227=DIRECTION('',(0.,-1.,0.));
#4228=DIRECTION('',(0.,0.,-1.));
#4229=DIRECTION('',(1.,0.,0.));
#4230=DIRECTION('',(0.,0.,1.));
#4231=DIRECTION('',(1.,0.,0.));
#4232=DIRECTION('',(3.41480999208033E-16,-1.,0.));
#4233=DIRECTION('',(1.,3.41480999208033E-16,0.));
#4234=DIRECTION('',(1.,3.41480999208033E-16,0.));
#4235=DIRECTION('',(0.,0.,1.));
#4236=DIRECTION('',(-1.,-2.54125394759467E-16,0.));
#4237=DIRECTION('',(2.54125394759467E-16,-1.,0.));
#4238=DIRECTION('',(2.54125394759467E-16,-1.,0.));
#4239=DIRECTION('',(0.,0.,-1.));
#4240=DIRECTION('',(2.54125394759467E-16,-1.,0.));
#4241=DIRECTION('',(2.54125394759467E-16,-1.,0.));
#4242=DIRECTION('',(0.,0.,-1.));
#4243=DIRECTION('',(0.,0.,1.));
#4244=DIRECTION('',(1.,0.,0.));
#4245=DIRECTION('',(0.,0.,-1.));
#4246=DIRECTION('',(-1.,0.,0.));
#4247=DIRECTION('',(0.,0.,-1.));
#4248=DIRECTION('',(-1.,0.,0.));
#4249=DIRECTION('',(-1.,0.,0.));
#4250=DIRECTION('',(0.,0.,1.));
#4251=DIRECTION('',(1.,0.,0.));
#4252=DIRECTION('',(0.,0.,1.));
#4253=DIRECTION('',(1.,0.,0.));
#4254=DIRECTION('',(0.,0.,1.));
#4255=DIRECTION('',(1.,0.,0.));
#4256=DIRECTION('',(0.,0.,1.));
#4257=DIRECTION('',(1.,0.,0.));
#4258=DIRECTION('',(0.,0.,1.));
#4259=DIRECTION('',(1.,0.,0.));
#4260=DIRECTION('',(0.,-1.,0.));
#4261=DIRECTION('',(0.,0.,-1.));
#4262=DIRECTION('',(-1.,0.,0.));
#4263=DIRECTION('',(0.,-1.,0.));
#4264=DIRECTION('',(0.,0.,-1.));
#4265=DIRECTION('',(-1.,0.,0.));
#4266=DIRECTION('',(0.,0.,-1.));
#4267=DIRECTION('',(1.,0.,0.));
#4268=DIRECTION('',(0.,0.,-1.));
#4269=DIRECTION('',(-1.,0.,0.));
#4270=DIRECTION('',(0.,0.,-1.));
#4271=DIRECTION('',(-1.,0.,0.));
#4272=DIRECTION('',(0.,0.,-1.));
#4273=DIRECTION('',(-1.,0.,0.));
#4274=DIRECTION('',(0.,0.,-1.));
#4275=DIRECTION('',(-1.,0.,0.));
#4276=DIRECTION('',(0.,0.,1.));
#4277=DIRECTION('',(1.,0.,0.));
#4278=DIRECTION('',(0.,0.,1.));
#4279=DIRECTION('',(1.,0.,0.));
#4280=DIRECTION('',(0.,0.,-1.));
#4281=DIRECTION('',(-1.,0.,0.));
#4282=DIRECTION('',(0.,0.,-1.));
#4283=DIRECTION('',(-1.,0.,0.));
#4284=DIRECTION('',(1.,0.,0.));
#4285=DIRECTION('',(-2.54125394759467E-16,1.,0.));
#4286=DIRECTION('',(-1.,-3.41480999208033E-16,0.));
#4287=DIRECTION('',(-2.54125394759467E-16,1.,0.));
#4288=DIRECTION('',(1.,2.54125394759467E-16,0.));
#4289=DIRECTION('',(-2.54125394759467E-16,1.,0.));
#4290=DIRECTION('',(-2.54125394759467E-16,1.,0.));
#4291=DIRECTION('',(0.,0.,-1.));
#4292=DIRECTION('',(0.,0.,1.));
#4293=DIRECTION('',(-2.54125394759467E-16,1.,0.));
#4294=DIRECTION('',(0.,0.,1.));
#4295=DIRECTION('',(-2.54125394759467E-16,1.,0.));
#4296=DIRECTION('',(0.,0.,-1.));
#4297=DIRECTION('',(0.,1.,0.));
#4298=DIRECTION('',(0.,0.,1.));
#4299=DIRECTION('',(-1.,0.,0.));
#4300=DIRECTION('',(0.,0.,1.));
#4301=DIRECTION('',(-1.,0.,0.));
#4302=DIRECTION('',(-3.41480999208033E-16,1.,0.));
#4303=DIRECTION('',(-1.,-3.41480999208033E-16,0.));
#4304=DIRECTION('',(-1.,-3.41480999208033E-16,0.));
#4305=DIRECTION('',(0.,0.,1.));
#4306=DIRECTION('',(1.,2.54125394759467E-16,0.));
#4307=DIRECTION('',(-2.54125394759467E-16,1.,0.));
#4308=DIRECTION('',(-2.54125394759467E-16,1.,0.));
#4309=DIRECTION('',(0.,0.,-1.));
#4310=DIRECTION('',(-2.54125394759467E-16,1.,0.));
#4311=DIRECTION('',(-2.54125394759467E-16,1.,0.));
#4312=DIRECTION('',(0.,0.,-1.));
#4313=DIRECTION('',(0.,0.,1.));
#4314=DIRECTION('',(1.,0.,0.));
#4315=DIRECTION('',(0.,0.,-1.));
#4316=DIRECTION('',(-1.,0.,0.));
#4317=DIRECTION('',(0.,0.,-1.));
#4318=DIRECTION('',(-1.,0.,0.));
#4319=DIRECTION('',(1.,0.,0.));
#4320=DIRECTION('',(0.,0.,1.));
#4321=DIRECTION('',(1.,0.,0.));
#4322=DIRECTION('',(0.,0.,1.));
#4323=DIRECTION('',(1.,0.,0.));
#4324=DIRECTION('',(0.,0.,1.));
#4325=DIRECTION('',(1.,0.,0.));
#4326=DIRECTION('',(0.,0.,1.));
#4327=DIRECTION('',(1.,0.,0.));
#4328=DIRECTION('',(0.,0.,1.));
#4329=DIRECTION('',(1.,0.,0.));
#4330=DIRECTION('',(0.,1.,0.));
#4331=DIRECTION('',(0.,0.,1.));
#4332=DIRECTION('',(1.,0.,0.));
#4333=DIRECTION('',(0.,1.,0.));
#4334=DIRECTION('',(0.,0.,1.));
#4335=DIRECTION('',(1.,0.,0.));
#4336=DIRECTION('',(0.,0.,-1.));
#4337=DIRECTION('',(1.,0.,0.));
#4338=DIRECTION('',(0.,0.,-1.));
#4339=DIRECTION('',(-1.,0.,0.));
#4340=DIRECTION('',(0.,0.,-1.));
#4341=DIRECTION('',(-1.,0.,0.));
#4342=DIRECTION('',(0.,0.,-1.));
#4343=DIRECTION('',(-1.,0.,0.));
#4344=DIRECTION('',(0.,0.,-1.));
#4345=DIRECTION('',(-1.,0.,0.));
#4346=DIRECTION('',(0.,0.,1.));
#4347=DIRECTION('',(1.,0.,0.));
#4348=DIRECTION('',(0.,0.,1.));
#4349=DIRECTION('',(1.,0.,0.));
#4350=DIRECTION('',(0.,0.,1.));
#4351=DIRECTION('',(1.,0.,0.));
#4352=DIRECTION('',(0.,0.,1.));
#4353=DIRECTION('',(1.,0.,0.));
#4354=DIRECTION('',(0.,0.,1.));
#4355=DIRECTION('',(1.,0.,0.));
#4356=DIRECTION('',(-2.54125394759467E-16,1.,0.));
#4357=DIRECTION('',(-1.,0.,0.));
#4358=DIRECTION('',(-2.54125394759467E-16,1.,0.));
#4359=DIRECTION('',(-1.,-3.41480999208033E-16,0.));
#4360=DIRECTION('',(-2.8143940769384E-16,-1.,0.));
#4361=DIRECTION('',(0.,0.,1.));
#4362=DIRECTION('',(1.,0.,0.));
#4363=DIRECTION('',(-1.,0.,0.));
#4364=DIRECTION('',(0.,0.,1.));
#4365=DIRECTION('',(1.,0.,0.));
#4366=DIRECTION('',(-2.8143940769384E-16,-1.,0.));
#4367=DIRECTION('',(0.,0.,1.));
#4368=DIRECTION('',(1.,0.,0.));
#4369=DIRECTION('',(-1.,0.,0.));
#4370=DIRECTION('',(0.,0.,1.));
#4371=DIRECTION('',(1.,0.,0.));
#4372=DIRECTION('',(1.,0.,0.));
#4373=DIRECTION('',(2.54125394759467E-16,-1.,0.));
#4374=DIRECTION('',(1.,3.41480999208033E-16,0.));
#4375=DIRECTION('',(2.54125394759467E-16,-1.,0.));
#4376=DIRECTION('',(-1.,0.,0.));
#4377=DIRECTION('',(-2.54125394759467E-16,-1.,0.));
#4378=DIRECTION('',(-1.,3.41480999208033E-16,0.));
#4379=DIRECTION('',(-2.54125394759467E-16,-1.,0.));
#4380=DIRECTION('',(2.54125394759467E-16,1.,0.));
#4381=DIRECTION('',(1.,-3.41480999208033E-16,0.));
#4382=DIRECTION('',(2.54125394759467E-16,1.,0.));
#4383=DIRECTION('',(1.,0.,0.));
#4384=DIRECTION('',(0.,0.,1.));
#4385=DIRECTION('',(1.,0.,0.));
#4386=DIRECTION('',(0.,0.,1.));
#4387=DIRECTION('',(1.,0.,0.));
#4388=DIRECTION('',(0.,0.,1.));
#4389=DIRECTION('',(1.,0.,0.));
#4390=DIRECTION('',(0.,0.,1.));
#4391=DIRECTION('',(1.,0.,0.));
#4392=DIRECTION('',(1.,-3.41480999208033E-16,0.));
#4393=DIRECTION('',(2.54125394759467E-16,1.,0.));
#4394=DIRECTION('',(1.,0.,0.));
#4395=DIRECTION('',(2.54125394759467E-16,1.,0.));
#4396=DIRECTION('',(-1.,0.,0.));
#4397=DIRECTION('',(-2.54125394759467E-16,1.,0.));
#4398=DIRECTION('',(-1.,-3.41480999208033E-16,0.));
#4399=DIRECTION('',(-2.54125394759467E-16,1.,0.));
#4400=DIRECTION('',(2.54125394759467E-16,-1.,0.));
#4401=DIRECTION('',(1.,0.,0.));
#4402=DIRECTION('',(2.54125394759467E-16,-1.,0.));
#4403=DIRECTION('',(1.,3.41480999208033E-16,0.));
#4404=DIRECTION('',(-2.8143940769384E-16,-1.,0.));
#4405=DIRECTION('',(0.,0.,1.));
#4406=DIRECTION('',(1.,0.,0.));
#4407=DIRECTION('',(-1.,0.,0.));
#4408=DIRECTION('',(0.,0.,1.));
#4409=DIRECTION('',(1.,0.,0.));
#4410=DIRECTION('',(-2.8143940769384E-16,-1.,0.));
#4411=DIRECTION('',(0.,0.,1.));
#4412=DIRECTION('',(1.,0.,0.));
#4413=DIRECTION('',(-1.,0.,0.));
#4414=DIRECTION('',(0.,0.,1.));
#4415=DIRECTION('',(1.,0.,0.));
#4416=DIRECTION('',(-2.54125394759467E-16,-1.,0.));
#4417=DIRECTION('',(-1.,0.,0.));
#4418=DIRECTION('',(-2.54125394759467E-16,-1.,0.));
#4419=DIRECTION('',(-1.,3.41480999208033E-16,0.));
#4420=DIRECTION('',(0.,0.,1.));
#4421=DIRECTION('',(1.,0.,0.));
#4422=DIRECTION('',(0.,0.,1.));
#4423=DIRECTION('',(1.,0.,0.));
#4424=DIRECTION('',(1.,-2.8143940769384E-16,0.));
#4425=DIRECTION('',(2.8143940769384E-16,1.,0.));
#4426=DIRECTION('',(0.,0.,-1.));
#4427=DIRECTION('',(0.,0.,-1.));
#4428=DIRECTION('',(0.,0.,-1.));
#4429=DIRECTION('',(-1.,0.,0.));
#4430=DIRECTION('',(0.,0.,-1.));
#4431=DIRECTION('',(0.,-1.,0.));
#4432=DIRECTION('',(0.,0.,-1.));
#4433=DIRECTION('',(0.,0.,-1.));
#4434=DIRECTION('',(0.,0.,-1.));
#4435=DIRECTION('',(-1.,0.,0.));
#4436=DIRECTION('',(0.,0.,-1.));
#4437=DIRECTION('',(1.,-2.8143940769384E-16,0.));
#4438=DIRECTION('',(2.8143940769384E-16,1.,0.));
#4439=DIRECTION('',(0.,0.,-1.));
#4440=DIRECTION('',(0.,0.,-1.));
#4441=DIRECTION('',(-1.,0.,0.));
#4442=DIRECTION('',(0.,0.,-1.));
#4443=DIRECTION('',(0.,-1.,0.));
#4444=DIRECTION('',(0.,0.,-1.));
#4445=DIRECTION('',(0.,0.,-1.));
#4446=DIRECTION('',(0.,0.,-1.));
#4447=DIRECTION('',(-1.,0.,0.));
#4448=DIRECTION('',(-1.,-2.54125394759467E-16,0.));
#4449=DIRECTION('',(2.54125394759467E-16,-1.,0.));
#4450=DIRECTION('',(0.,0.,1.));
#4451=DIRECTION('',(0.,0.,1.));
#4452=DIRECTION('',(0.,-1.,0.));
#4453=DIRECTION('',(0.,0.,-1.));
#4454=DIRECTION('',(0.,0.,1.));
#4455=DIRECTION('',(-1.,-2.54125394759467E-16,0.));
#4456=DIRECTION('',(2.54125394759467E-16,-1.,0.));
#4457=DIRECTION('',(0.,0.,1.));
#4458=DIRECTION('',(3.41480999208033E-16,-1.,0.));
#4459=DIRECTION('',(1.,3.41480999208033E-16,0.));
#4460=DIRECTION('',(-1.,2.54125394759467E-16,0.));
#4461=DIRECTION('',(-2.54125394759467E-16,-1.,0.));
#4462=DIRECTION('',(0.,0.,1.));
#4463=DIRECTION('',(0.,0.,1.));
#4464=DIRECTION('',(0.,1.,0.));
#4465=DIRECTION('',(0.,0.,1.));
#4466=DIRECTION('',(0.,0.,1.));
#4467=DIRECTION('',(-1.,2.54125394759467E-16,0.));
#4468=DIRECTION('',(-2.54125394759467E-16,-1.,0.));
#4469=DIRECTION('',(0.,0.,1.));
#4470=DIRECTION('',(3.41480999208033E-16,1.,0.));
#4471=DIRECTION('',(-1.,3.41480999208033E-16,0.));
#4472=DIRECTION('',(1.,2.54125394759467E-16,0.));
#4473=DIRECTION('',(-2.54125394759467E-16,1.,0.));
#4474=DIRECTION('',(0.,0.,1.));
#4475=DIRECTION('',(0.,0.,1.));
#4476=DIRECTION('',(-3.41480999208033E-16,1.,0.));
#4477=DIRECTION('',(-1.,-3.41480999208033E-16,0.));
#4478=DIRECTION('',(0.,0.,1.));
#4479=DIRECTION('',(1.,2.54125394759467E-16,0.));
#4480=DIRECTION('',(-2.54125394759467E-16,1.,0.));
#4481=DIRECTION('',(0.,0.,1.));
#4482=DIRECTION('',(0.,1.,0.));
#4483=DIRECTION('',(0.,0.,1.));
#4484=DIRECTION('',(-3.41480999208033E-16,-1.,0.));
#4485=DIRECTION('',(1.,-3.41480999208033E-16,0.));
#4486=DIRECTION('',(0.,0.,1.));
#4487=DIRECTION('',(0.,0.,1.));
#4488=DIRECTION('',(1.,-2.54125394759467E-16,0.));
#4489=DIRECTION('',(2.54125394759467E-16,1.,0.));
#4490=DIRECTION('',(0.,0.,1.));
#4491=DIRECTION('',(0.,-1.,0.));
#4492=DIRECTION('',(0.,0.,-1.));
#4493=DIRECTION('',(0.,0.,1.));
#4494=DIRECTION('',(1.,-2.54125394759467E-16,0.));
#4495=DIRECTION('',(2.54125394759467E-16,1.,0.));
#4496=DIRECTION('',(0.,0.,1.));
#4497=DIRECTION('',(1.,0.,0.));
#4498=DIRECTION('',(0.,0.,1.));
#4499=DIRECTION('',(1.,0.,0.));
#4500=DIRECTION('',(0.,0.,1.));
#4501=DIRECTION('',(1.,0.,0.));
#4502=DIRECTION('',(0.,0.,1.));
#4503=DIRECTION('',(1.,0.,0.));
#4504=DIRECTION('',(0.,0.,1.));
#4505=DIRECTION('',(1.,0.,0.));
#4506=DIRECTION('',(0.,0.,1.));
#4507=DIRECTION('',(1.,0.,0.));
#4508=DIRECTION('',(0.,0.,-1.));
#4509=DIRECTION('',(1.,0.,0.));
#4510=DIRECTION('',(0.,0.,1.));
#4511=DIRECTION('',(1.,0.,0.));
#4512=DIRECTION('',(-1.,0.,0.));
#4513=DIRECTION('',(0.,-1.,0.));
#4514=DIRECTION('',(-1.,0.,0.));
#4515=DIRECTION('',(0.,-1.,0.));
#4516=DIRECTION('',(0.,0.,-1.));
#4517=DIRECTION('',(1.,0.,0.));
#4518=DIRECTION('',(0.,0.,1.));
#4519=DIRECTION('',(1.,0.,0.));
#4520=DIRECTION('',(0.,0.,-1.));
#4521=DIRECTION('',(1.,0.,0.));
#4522=DIRECTION('',(0.,0.,1.));
#4523=DIRECTION('',(1.,0.,0.));
#4524=DIRECTION('',(-1.,0.,0.));
#4525=DIRECTION('',(-2.8143940769384E-16,-1.,0.));
#4526=DIRECTION('',(0.,0.,1.));
#4527=DIRECTION('',(1.,0.,0.));
#4528=DIRECTION('',(-1.,0.,0.));
#4529=DIRECTION('',(0.,0.,1.));
#4530=DIRECTION('',(1.,0.,0.));
#4531=DIRECTION('',(-2.8143940769384E-16,-1.,0.));
#4532=DIRECTION('',(0.,1.,0.));
#4533=DIRECTION('',(-1.,0.,0.));
#4534=DIRECTION('',(0.,1.,0.));
#4535=DIRECTION('',(-1.,0.,0.));
#4536=DIRECTION('',(0.,0.,1.));
#4537=DIRECTION('',(1.,0.,0.));
#4538=DIRECTION('',(0.,0.,1.));
#4539=DIRECTION('',(1.,0.,0.));
#4540=DIRECTION('',(0.,0.,1.));
#4541=DIRECTION('',(1.,0.,0.));
#4542=DIRECTION('',(0.,0.,1.));
#4543=DIRECTION('',(1.,0.,0.));
#4544=DIRECTION('',(0.,0.,1.));
#4545=DIRECTION('',(1.,0.,0.));
#4546=DIRECTION('',(0.,-1.,0.));
#4547=DIRECTION('',(-1.,0.,0.));
#4548=DIRECTION('',(0.,-1.,0.));
#4549=DIRECTION('',(-1.,0.,0.));
#4550=DIRECTION('',(-2.8143940769384E-16,-1.,0.));
#4551=DIRECTION('',(0.,0.,1.));
#4552=DIRECTION('',(1.,0.,0.));
#4553=DIRECTION('',(-1.,0.,0.));
#4554=DIRECTION('',(0.,0.,1.));
#4555=DIRECTION('',(1.,0.,0.));
#4556=DIRECTION('',(-2.8143940769384E-16,-1.,0.));
#4557=DIRECTION('',(0.,0.,1.));
#4558=DIRECTION('',(1.,0.,0.));
#4559=DIRECTION('',(-1.,0.,0.));
#4560=DIRECTION('',(0.,0.,1.));
#4561=DIRECTION('',(1.,0.,0.));
#4562=DIRECTION('',(0.,0.,1.));
#4563=DIRECTION('',(1.,0.,0.));
#4564=DIRECTION('',(0.,0.,1.));
#4565=DIRECTION('',(1.,0.,0.));
#4566=DIRECTION('',(0.,0.,1.));
#4567=DIRECTION('',(1.,0.,0.));
#4568=DIRECTION('',(0.,0.,1.));
#4569=DIRECTION('',(1.,0.,0.));
#4570=DIRECTION('',(-1.,0.,0.));
#4571=DIRECTION('',(0.,1.,0.));
#4572=DIRECTION('',(-1.,0.,0.));
#4573=DIRECTION('',(0.,1.,0.));
#4574=DIRECTION('',(1.,-2.8143940769384E-16,0.));
#4575=DIRECTION('',(2.8143940769384E-16,1.,0.));
#4576=DIRECTION('',(0.,0.,-1.));
#4577=DIRECTION('',(0.,0.,-1.));
#4578=DIRECTION('',(0.,0.,-1.));
#4579=DIRECTION('',(-1.,0.,0.));
#4580=DIRECTION('',(0.,0.,-1.));
#4581=DIRECTION('',(0.,0.,-1.));
#4582=DIRECTION('',(0.,0.,1.));
#4583=DIRECTION('',(1.,0.,0.));
#4584=DIRECTION('',(0.,0.,-1.));
#4585=DIRECTION('',(0.,-1.,0.));
#4586=DIRECTION('',(0.,0.,-1.));
#4587=DIRECTION('',(0.,0.,-1.));
#4588=DIRECTION('',(0.,0.,-1.));
#4589=DIRECTION('',(-1.,0.,0.));
#4590=DIRECTION('',(0.,0.,-1.));
#4591=DIRECTION('',(0.,0.,-1.));
#4592=DIRECTION('',(0.,0.,1.));
#4593=DIRECTION('',(1.,0.,0.));
#4594=DIRECTION('',(0.,0.,-1.));
#4595=DIRECTION('',(1.,-2.8143940769384E-16,0.));
#4596=DIRECTION('',(2.8143940769384E-16,1.,0.));
#4597=DIRECTION('',(0.,0.,-1.));
#4598=DIRECTION('',(0.,0.,-1.));
#4599=DIRECTION('',(-1.,0.,0.));
#4600=DIRECTION('',(0.,0.,-1.));
#4601=DIRECTION('',(0.,-1.,0.));
#4602=DIRECTION('',(0.,0.,-1.));
#4603=DIRECTION('',(0.,0.,-1.));
#4604=DIRECTION('',(0.,0.,-1.));
#4605=DIRECTION('',(-1.,0.,0.));
#4606=DIRECTION('',(-1.,0.,0.));
#4607=DIRECTION('',(0.,0.,1.));
#4608=DIRECTION('',(0.,0.,1.));
#4609=DIRECTION('',(0.,0.,1.));
#4610=DIRECTION('',(0.,1.,0.));
#4611=DIRECTION('',(0.,0.,1.));
#4612=DIRECTION('',(0.,0.,1.));
#4613=DIRECTION('',(-1.,0.,0.));
#4614=DIRECTION('',(0.,0.,1.));
#4615=DIRECTION('',(0.,0.,1.));
#4616=DIRECTION('',(0.,1.,0.));
#4617=DIRECTION('',(0.,0.,1.));
#4618=DIRECTION('',(0.,0.,1.));
#4619=DIRECTION('',(1.,0.,0.));
#4620=DIRECTION('',(0.,0.,-1.));
#4621=DIRECTION('',(1.,0.,0.));
#4622=DIRECTION('',(0.,0.,1.));
#4623=DIRECTION('',(1.,0.,0.));
#4624=DIRECTION('',(0.,0.,1.));
#4625=DIRECTION('',(1.,0.,0.));
#4626=DIRECTION('',(0.,0.,1.));
#4627=DIRECTION('',(1.,0.,0.));
#4628=DIRECTION('',(0.,0.,1.));
#4629=DIRECTION('',(1.,0.,0.));
#4630=DIRECTION('',(0.,0.,1.));
#4631=DIRECTION('',(1.,0.,0.));
#4632=DIRECTION('',(0.,0.,1.));
#4633=DIRECTION('',(1.,0.,0.));
#4634=DIRECTION('',(0.,0.,1.));
#4635=DIRECTION('',(1.,0.,0.));
#4636=DIRECTION('',(0.,0.,1.));
#4637=DIRECTION('',(1.,0.,0.));
#4638=DIRECTION('',(0.,0.,1.));
#4639=DIRECTION('',(1.,0.,0.));
#4640=DIRECTION('',(0.,0.,1.));
#4641=DIRECTION('',(1.,0.,0.));
#4642=DIRECTION('',(0.,1.,0.));
#4643=DIRECTION('',(0.,0.,1.));
#4644=DIRECTION('',(0.,0.,1.));
#4645=DIRECTION('',(0.,0.,1.));
#4646=DIRECTION('',(1.,0.,0.));
#4647=DIRECTION('',(0.,0.,-1.));
#4648=DIRECTION('',(0.,0.,1.));
#4649=DIRECTION('',(0.,1.,0.));
#4650=DIRECTION('',(0.,0.,1.));
#4651=DIRECTION('',(0.,0.,1.));
#4652=DIRECTION('',(1.,0.,0.));
#4653=DIRECTION('',(0.,0.,-1.));
#4654=DIRECTION('',(0.,0.,1.));
#4655=DIRECTION('',(1.,0.,0.));
#4656=CARTESIAN_POINT('',(0.,0.,0.));
#4657=CARTESIAN_POINT('',(0.,0.,0.083312));
#4658=CARTESIAN_POINT('',(0.0423413105309009,-0.0213764254003763,0.083312));
#4659=CARTESIAN_POINT('',(0.045341310530901,-0.0213764254003763,0.083312));
#4660=CARTESIAN_POINT('',(-0.0291085988283157,0.0685908943414688,0.083312));
#4661=CARTESIAN_POINT('',(-0.0261085988283157,0.0685908943414688,0.083312));
#4662=CARTESIAN_POINT('',(-0.0423413105309009,0.0213764254003763,0.083312));
#4663=CARTESIAN_POINT('',(-0.0393413105309009,0.0213764254003763,0.083312));
#4664=CARTESIAN_POINT('',(-0.0290397573262453,0.0213869512081147,0.083312));
#4665=CARTESIAN_POINT('',(-0.0260397573262453,0.0213869512081147,0.083312));
#4666=CARTESIAN_POINT('',(0.0421032011508942,-0.0687562078237534,0.083312));
#4667=CARTESIAN_POINT('',(0.0451032011508942,-0.0687562078237534,0.083312));
#4668=CARTESIAN_POINT('',(0.0291085988283157,-0.0685908943414688,0.083312));
#4669=CARTESIAN_POINT('',(0.0321085988283158,-0.0685908943414688,0.083312));
#4670=CARTESIAN_POINT('',(0.0290397573262453,-0.0213869512081147,0.083312));
#4671=CARTESIAN_POINT('',(0.0320397573262453,-0.0213869512081147,0.083312));
#4672=CARTESIAN_POINT('',(-0.0421032011508942,0.0687562078237534,0.083312));
#4673=CARTESIAN_POINT('',(-0.0391032011508941,0.0687562078237534,0.083312));
#4674=CARTESIAN_POINT('',(-0.0464187067334197,0.078571543560919,0.083312));
#4675=CARTESIAN_POINT('',(-0.0448947067334197,0.078571543560919,0.083312));
#4676=CARTESIAN_POINT('',(0.0508,0.,0.083312));
#4677=CARTESIAN_POINT('',(0.0508,0.0739650565722013,0.083312));
#4678=CARTESIAN_POINT('',(0.0508,-0.0739650565722013,0.083312));
#4679=CARTESIAN_POINT('',(0.0422150565722013,0.0739650565722013,0.083312));
#4680=CARTESIAN_POINT('',(0.0422150565722013,0.08255,0.083312));
#4681=CARTESIAN_POINT('',(3.12250225675825E-17,0.08255,0.083312));
#4682=CARTESIAN_POINT('',(-0.0422150565722013,0.08255,0.083312));
#4683=CARTESIAN_POINT('',(-0.0422150565722013,0.0739650565722013,0.083312));
#4684=CARTESIAN_POINT('',(-0.0508,0.0739650565722013,0.083312));
#4685=CARTESIAN_POINT('',(-0.0508,0.,0.083312));
#4686=CARTESIAN_POINT('',(-0.0508,-0.0739650565722013,0.083312));
#4687=CARTESIAN_POINT('',(-0.0422150565722013,-0.0739650565722013,0.083312));
#4688=CARTESIAN_POINT('',(-0.0422150565722013,-0.08255,0.083312));
#4689=CARTESIAN_POINT('',(-1.38777878078145E-17,-0.08255,0.083312));
#4690=CARTESIAN_POINT('',(0.0422150565722013,-0.08255,0.083312));
#4691=CARTESIAN_POINT('',(0.0422150565722013,-0.0739650565722013,0.083312));
#4692=CARTESIAN_POINT('',(0.0464187067334197,0.078571543560919,0.083312));
#4693=CARTESIAN_POINT('',(0.0479427067334197,0.078571543560919,0.083312));
#4694=CARTESIAN_POINT('',(-0.0464187067334197,-0.078571543560919,0.083312));
#4695=CARTESIAN_POINT('',(-0.0448947067334197,-0.078571543560919,0.083312));
#4696=CARTESIAN_POINT('',(0.0464187067334197,-0.078571543560919,0.083312));
#4697=CARTESIAN_POINT('',(0.0479427067334197,-0.078571543560919,0.083312));
#4698=CARTESIAN_POINT('',(1.7347234759768E-18,-0.05345,0.083312));
#4699=CARTESIAN_POINT('',(0.0089558120816946,-0.05345,0.083312));
#4700=CARTESIAN_POINT('',(-0.0089558120816946,-0.05345,0.083312));
#4701=CARTESIAN_POINT('',(0.0089558120816946,-0.0573,0.083312));
#4702=CARTESIAN_POINT('',(0.0089558120816946,-0.06115,0.083312));
#4703=CARTESIAN_POINT('',(1.7347234759768E-18,-0.06115,0.083312));
#4704=CARTESIAN_POINT('',(-0.0089558120816946,-0.06115,0.083312));
#4705=CARTESIAN_POINT('',(-0.0089558120816946,-0.0573,0.083312));
#4706=CARTESIAN_POINT('',(-0.0290397573262453,-0.0213869512081147,0.083312));
#4707=CARTESIAN_POINT('',(-0.0260397573262453,-0.0213869512081147,0.083312));
#4708=CARTESIAN_POINT('',(-0.0423413105309009,-0.0213764254003763,0.083312));
#4709=CARTESIAN_POINT('',(-0.0393413105309009,-0.0213764254003763,0.083312));
#4710=CARTESIAN_POINT('',(-0.0421032011508942,-0.0687562078237534,0.083312));
#4711=CARTESIAN_POINT('',(-0.0391032011508941,-0.0687562078237534,0.083312));
#4712=CARTESIAN_POINT('',(-0.0291085988283157,-0.0685908943414688,0.083312));
#4713=CARTESIAN_POINT('',(-0.0261085988283157,-0.0685908943414688,0.083312));
#4714=CARTESIAN_POINT('',(0.0290397573262453,0.0213869512081147,0.083312));
#4715=CARTESIAN_POINT('',(0.0320397573262453,0.0213869512081147,0.083312));
#4716=CARTESIAN_POINT('',(0.0291085988283157,0.0685908943414688,0.083312));
#4717=CARTESIAN_POINT('',(0.0321085988283158,0.0685908943414688,0.083312));
#4718=CARTESIAN_POINT('',(0.0421032011508942,0.0687562078237534,0.083312));
#4719=CARTESIAN_POINT('',(0.0451032011508942,0.0687562078237534,0.083312));
#4720=CARTESIAN_POINT('',(0.0423413105309009,0.0213764254003763,0.083312));
#4721=CARTESIAN_POINT('',(0.045341310530901,0.0213764254003763,0.083312));
#4722=CARTESIAN_POINT('',(0.,0.,0.080772));
#4723=CARTESIAN_POINT('',(0.0421032011508942,0.0687562078237534,0.080772));
#4724=CARTESIAN_POINT('',(0.0451032011508942,0.0687562078237534,0.080772));
#4725=CARTESIAN_POINT('',(0.0290397573262453,0.0213869512081147,0.080772));
#4726=CARTESIAN_POINT('',(0.0320397573262453,0.0213869512081147,0.080772));
#4727=CARTESIAN_POINT('',(0.0421032011508942,-0.0687562078237534,0.080772));
#4728=CARTESIAN_POINT('',(0.0451032011508942,-0.0687562078237534,0.080772));
#4729=CARTESIAN_POINT('',(0.0291085988283157,-0.0685908943414688,0.080772));
#4730=CARTESIAN_POINT('',(0.0321085988283158,-0.0685908943414688,0.080772));
#4731=CARTESIAN_POINT('',(-0.0421032011508942,-0.0687562078237534,0.080772));
#4732=CARTESIAN_POINT('',(-0.0391032011508941,-0.0687562078237534,0.080772));
#4733=CARTESIAN_POINT('',(-0.0290397573262453,-0.0213869512081147,0.080772));
#4734=CARTESIAN_POINT('',(-0.0260397573262453,-0.0213869512081147,0.080772));
#4735=CARTESIAN_POINT('',(0.0290397573262453,-0.0213869512081147,0.080772));
#4736=CARTESIAN_POINT('',(0.0320397573262453,-0.0213869512081147,0.080772));
#4737=CARTESIAN_POINT('',(-0.0421032011508942,0.0687562078237534,0.080772));
#4738=CARTESIAN_POINT('',(-0.0391032011508941,0.0687562078237534,0.080772));
#4739=CARTESIAN_POINT('',(0.0422150565722013,-0.0739650565722013,0.080772));
#4740=CARTESIAN_POINT('',(0.0422150565722013,-0.08001,0.080772));
#4741=CARTESIAN_POINT('',(0.0426128605759701,-0.0799968965087275,0.080772));
#4742=CARTESIAN_POINT('',(-1.38777878078145E-17,-0.08001,0.080772));
#4743=CARTESIAN_POINT('',(-0.0422150565722013,-0.08001,0.080772));
#4744=CARTESIAN_POINT('',(-0.0422150565722013,-0.0739650565722013,0.080772));
#4745=CARTESIAN_POINT('',(-0.0426128605759701,-0.0799968965087275,0.080772));
#4746=CARTESIAN_POINT('',(-0.0464187067334197,-0.078571543560919,0.080772));
#4747=CARTESIAN_POINT('',(-0.0481854248466072,-0.0749116524274923,0.080772));
#4748=CARTESIAN_POINT('',(-0.0422150565722013,-0.0739650565722013,0.080772));
#4749=CARTESIAN_POINT('',(-0.04826,-0.0739650565722013,0.080772));
#4750=CARTESIAN_POINT('',(-0.04826,-7.14856095542353E-19,0.080772));
#4751=CARTESIAN_POINT('',(-0.04826,0.0739650565722013,0.080772));
#4752=CARTESIAN_POINT('',(-0.0422150565722013,0.0739650565722013,0.080772));
#4753=CARTESIAN_POINT('',(-0.0481854248466072,0.0749116524274923,0.080772));
#4754=CARTESIAN_POINT('',(-0.0464187067334197,0.078571543560919,0.080772));
#4755=CARTESIAN_POINT('',(-0.0426128605759701,0.0799968965087275,0.080772));
#4756=CARTESIAN_POINT('',(-0.0422150565722013,0.0739650565722013,0.080772));
#4757=CARTESIAN_POINT('',(-0.0422150565722013,0.08001,0.080772));
#4758=CARTESIAN_POINT('',(3.12250225675825E-17,0.08001,0.080772));
#4759=CARTESIAN_POINT('',(0.0422150565722013,0.08001,0.080772));
#4760=CARTESIAN_POINT('',(0.0422150565722013,0.0739650565722013,0.080772));
#4761=CARTESIAN_POINT('',(0.0426128605759701,0.0799968965087275,0.080772));
#4762=CARTESIAN_POINT('',(0.0464187067334197,0.078571543560919,0.080772));
#4763=CARTESIAN_POINT('',(0.0481854248466072,0.0749116524274923,0.080772));
#4764=CARTESIAN_POINT('',(0.0422150565722013,0.0739650565722013,0.080772));
#4765=CARTESIAN_POINT('',(0.04826,0.0739650565722013,0.080772));
#4766=CARTESIAN_POINT('',(0.04826,7.14856095542353E-19,0.080772));
#4767=CARTESIAN_POINT('',(0.04826,-0.0739650565722013,0.080772));
#4768=CARTESIAN_POINT('',(0.0422150565722013,-0.0739650565722013,0.080772));
#4769=CARTESIAN_POINT('',(0.0481854248466072,-0.0749116524274923,0.080772));
#4770=CARTESIAN_POINT('',(0.0464187067334197,-0.078571543560919,0.080772));
#4771=CARTESIAN_POINT('',(0.0089558120816946,0.,0.080772));
#4772=CARTESIAN_POINT('',(0.0089558120816946,-0.05345,0.080772));
#4773=CARTESIAN_POINT('',(0.0089558120816946,-0.06115,0.080772));
#4774=CARTESIAN_POINT('',(0.,-0.05345,0.080772));
#4775=CARTESIAN_POINT('',(-0.0089558120816946,-0.05345,0.080772));
#4776=CARTESIAN_POINT('',(-0.0089558120816946,0.,0.080772));
#4777=CARTESIAN_POINT('',(-0.0089558120816946,-0.06115,0.080772));
#4778=CARTESIAN_POINT('',(0.,-0.06115,0.080772));
#4779=CARTESIAN_POINT('',(-0.0423413105309009,-0.0213764254003763,0.080772));
#4780=CARTESIAN_POINT('',(-0.0393413105309009,-0.0213764254003763,0.080772));
#4781=CARTESIAN_POINT('',(-0.0291085988283157,-0.0685908943414688,0.080772));
#4782=CARTESIAN_POINT('',(-0.0261085988283157,-0.0685908943414688,0.080772));
#4783=CARTESIAN_POINT('',(-0.0290397573262453,0.0213869512081147,0.080772));
#4784=CARTESIAN_POINT('',(-0.0260397573262453,0.0213869512081147,0.080772));
#4785=CARTESIAN_POINT('',(-0.0423413105309009,0.0213764254003763,0.080772));
#4786=CARTESIAN_POINT('',(-0.0393413105309009,0.0213764254003763,0.080772));
#4787=CARTESIAN_POINT('',(-0.0291085988283157,0.0685908943414688,0.080772));
#4788=CARTESIAN_POINT('',(-0.0261085988283157,0.0685908943414688,0.080772));
#4789=CARTESIAN_POINT('',(0.0423413105309009,-0.0213764254003763,0.080772));
#4790=CARTESIAN_POINT('',(0.045341310530901,-0.0213764254003763,0.080772));
#4791=CARTESIAN_POINT('',(0.0291085988283157,0.0685908943414688,0.080772));
#4792=CARTESIAN_POINT('',(0.0321085988283158,0.0685908943414688,0.080772));
#4793=CARTESIAN_POINT('',(0.0423413105309009,0.0213764254003763,0.080772));
#4794=CARTESIAN_POINT('',(0.045341310530901,0.0213764254003763,0.080772));
#4795=CARTESIAN_POINT('',(0.0508,0.,0.083312));
#4796=CARTESIAN_POINT('',(0.0508,0.057082187384367,0.0654579252004623));
#4797=CARTESIAN_POINT('',(0.0508,0.0611462874056622,0.0654579252004623));
#4798=CARTESIAN_POINT('',(0.0508,-0.057082187384367,0.0654579252004623));
#4799=CARTESIAN_POINT('',(0.0508,-0.0530180873630718,0.0654579252004623));
#4800=CARTESIAN_POINT('',(0.0508,0.,0.057912));
#4801=CARTESIAN_POINT('',(0.0508,0.0739650565722013,0.057912));
#4802=CARTESIAN_POINT('',(0.0508,-0.0739650565722013,0.057912));
#4803=CARTESIAN_POINT('',(0.0508,0.0739650565722013,0.083312));
#4804=CARTESIAN_POINT('',(0.0508,-0.0739650565722013,0.083312));
#4805=CARTESIAN_POINT('',(-0.0508,0.,0.083312));
#4806=CARTESIAN_POINT('',(-0.0508,0.,0.057912));
#4807=CARTESIAN_POINT('',(-0.0508,0.0739650565722013,0.057912));
#4808=CARTESIAN_POINT('',(-0.0508,-0.0739650565722013,0.057912));
#4809=CARTESIAN_POINT('',(-0.0508,-0.0739650565722013,0.083312));
#4810=CARTESIAN_POINT('',(-0.0508,0.0739650565722013,0.083312));
#4811=CARTESIAN_POINT('',(-0.0508,-0.057082187384367,0.0654579252004623));
#4812=CARTESIAN_POINT('',(-0.0508,-0.0611462874056622,0.0654579252004623));
#4813=CARTESIAN_POINT('',(-0.0508,0.057082187384367,0.0654579252004623));
#4814=CARTESIAN_POINT('',(-0.0508,0.0530180873630718,0.0654579252004623));
#4815=CARTESIAN_POINT('',(0.04826,7.14856095542353E-19,0.083312));
#4816=CARTESIAN_POINT('',(0.04826,7.14856095542353E-19,0.057912));
#4817=CARTESIAN_POINT('',(0.04826,0.0739650565722013,0.057912));
#4818=CARTESIAN_POINT('',(0.04826,-0.0739650565722013,0.057912));
#4819=CARTESIAN_POINT('',(0.04826,-0.0739650565722013,0.083312));
#4820=CARTESIAN_POINT('',(0.04826,0.0739650565722013,0.083312));
#4821=CARTESIAN_POINT('',(0.04826,-0.057082187384367,0.0654579252004623));
#4822=CARTESIAN_POINT('',(0.04826,-0.0530180873630718,0.0654579252004623));
#4823=CARTESIAN_POINT('',(0.04826,0.057082187384367,0.0654579252004623));
#4824=CARTESIAN_POINT('',(0.04826,0.0611462874056622,0.0654579252004623));
#4825=CARTESIAN_POINT('',(-0.04826,-7.14856095542353E-19,0.083312));
#4826=CARTESIAN_POINT('',(-0.04826,-0.057082187384367,0.0654579252004623));
#4827=CARTESIAN_POINT('',(-0.04826,-0.0530180873630718,0.0654579252004623));
#4828=CARTESIAN_POINT('',(-0.04826,-7.14856095542353E-19,0.057912));
#4829=CARTESIAN_POINT('',(-0.04826,0.0739650565722013,0.057912));
#4830=CARTESIAN_POINT('',(-0.04826,-0.0739650565722013,0.057912));
#4831=CARTESIAN_POINT('',(-0.04826,0.0739650565722013,0.083312));
#4832=CARTESIAN_POINT('',(-0.04826,-0.0739650565722013,0.083312));
#4833=CARTESIAN_POINT('',(-0.04826,0.057082187384367,0.0654579252004623));
#4834=CARTESIAN_POINT('',(-0.04826,0.0611462874056622,0.0654579252004623));
#4835=CARTESIAN_POINT('',(0.,0.,0.057912));
#4836=CARTESIAN_POINT('',(0.0464187067334197,-0.078571543560919,0.057912));
#4837=CARTESIAN_POINT('',(0.0479427067334197,-0.078571543560919,0.057912));
#4838=CARTESIAN_POINT('',(-0.0464187067334197,-0.078571543560919,0.057912));
#4839=CARTESIAN_POINT('',(-0.0448947067334197,-0.078571543560919,0.057912));
#4840=CARTESIAN_POINT('',(0.0464187067334197,0.078571543560919,0.057912));
#4841=CARTESIAN_POINT('',(0.0479427067334197,0.078571543560919,0.057912));
#4842=CARTESIAN_POINT('',(0.0422150565722013,-0.0739650565722013,0.057912));
#4843=CARTESIAN_POINT('',(0.0422150565722013,-0.08255,0.057912));
#4844=CARTESIAN_POINT('',(-1.38777878078145E-17,-0.08255,0.057912));
#4845=CARTESIAN_POINT('',(-0.0422150565722013,-0.08255,0.057912));
#4846=CARTESIAN_POINT('',(-0.0422150565722013,-0.0739650565722013,0.057912));
#4847=CARTESIAN_POINT('',(-0.0422150565722013,0.0739650565722013,0.057912));
#4848=CARTESIAN_POINT('',(-0.0422150565722013,0.08255,0.057912));
#4849=CARTESIAN_POINT('',(3.12250225675825E-17,0.08255,0.057912));
#4850=CARTESIAN_POINT('',(0.0422150565722013,0.08255,0.057912));
#4851=CARTESIAN_POINT('',(0.0422150565722013,0.0739650565722013,0.057912));
#4852=CARTESIAN_POINT('',(-0.0464187067334197,0.078571543560919,0.057912));
#4853=CARTESIAN_POINT('',(-0.0448947067334197,0.078571543560919,0.057912));
#4854=CARTESIAN_POINT('',(0.0422150565722013,0.0739650565722013,0.057912));
#4855=CARTESIAN_POINT('',(0.0481854248466072,0.0749116524274923,0.057912));
#4856=CARTESIAN_POINT('',(0.0464187067334197,0.078571543560919,0.057912));
#4857=CARTESIAN_POINT('',(0.0426128605759701,0.0799968965087275,0.057912));
#4858=CARTESIAN_POINT('',(0.0422150565722013,0.0739650565722013,0.057912));
#4859=CARTESIAN_POINT('',(0.0422150565722013,0.08001,0.057912));
#4860=CARTESIAN_POINT('',(3.12250225675825E-17,0.08001,0.057912));
#4861=CARTESIAN_POINT('',(-0.0422150565722013,0.08001,0.057912));
#4862=CARTESIAN_POINT('',(-0.0422150565722013,0.0739650565722013,0.057912));
#4863=CARTESIAN_POINT('',(-0.0426128605759701,0.0799968965087275,0.057912));
#4864=CARTESIAN_POINT('',(-0.0464187067334197,0.078571543560919,0.057912));
#4865=CARTESIAN_POINT('',(-0.0481854248466072,0.0749116524274923,0.057912));
#4866=CARTESIAN_POINT('',(-0.0422150565722013,0.0739650565722013,0.057912));
#4867=CARTESIAN_POINT('',(-0.0422150565722013,-0.0739650565722013,0.057912));
#4868=CARTESIAN_POINT('',(-0.0481854248466072,-0.0749116524274923,0.057912));
#4869=CARTESIAN_POINT('',(-0.0464187067334197,-0.078571543560919,0.057912));
#4870=CARTESIAN_POINT('',(-0.0426128605759701,-0.0799968965087275,0.057912));
#4871=CARTESIAN_POINT('',(-0.0422150565722013,-0.0739650565722013,0.057912));
#4872=CARTESIAN_POINT('',(-0.0422150565722013,-0.08001,0.057912));
#4873=CARTESIAN_POINT('',(-1.38777878078145E-17,-0.08001,0.057912));
#4874=CARTESIAN_POINT('',(0.0422150565722013,-0.08001,0.057912));
#4875=CARTESIAN_POINT('',(0.0422150565722013,-0.0739650565722013,0.057912));
#4876=CARTESIAN_POINT('',(0.0426128605759701,-0.0799968965087275,0.057912));
#4877=CARTESIAN_POINT('',(0.0464187067334197,-0.078571543560919,0.057912));
#4878=CARTESIAN_POINT('',(0.0481854248466072,-0.0749116524274923,0.057912));
#4879=CARTESIAN_POINT('',(0.0422150565722013,-0.0739650565722013,0.057912));
#4880=CARTESIAN_POINT('',(0.0422150565722013,0.0739650565722013,0.083312));
#4881=CARTESIAN_POINT('',(0.0422150565722013,0.08255,0.083312));
#4882=CARTESIAN_POINT('',(3.12250225675825E-17,0.08255,0.083312));
#4883=CARTESIAN_POINT('',(-0.0422150565722013,0.08255,0.083312));
#4884=CARTESIAN_POINT('',(-0.0422150565722013,0.0739650565722013,0.083312));
#4885=CARTESIAN_POINT('',(-0.0422150565722013,-0.0739650565722013,0.083312));
#4886=CARTESIAN_POINT('',(-0.0422150565722013,-0.08255,0.083312));
#4887=CARTESIAN_POINT('',(-1.38777878078145E-17,-0.08255,0.083312));
#4888=CARTESIAN_POINT('',(0.0422150565722013,-0.08255,0.083312));
#4889=CARTESIAN_POINT('',(-0.0464187067334197,-0.078571543560919,0.083312));
#4890=CARTESIAN_POINT('',(0.0464187067334197,0.078571543560919,0.083312));
#4891=CARTESIAN_POINT('',(0.0422150565722013,-0.0739650565722013,0.083312));
#4892=CARTESIAN_POINT('',(-0.0464187067334197,0.078571543560919,0.083312));
#4893=CARTESIAN_POINT('',(0.0464187067334197,-0.078571543560919,0.083312));
#4894=CARTESIAN_POINT('',(-0.0422150565722013,0.0739650565722013,0.083312));
#4895=CARTESIAN_POINT('',(-0.0481854248466072,0.0749116524274923,0.083312));
#4896=CARTESIAN_POINT('',(0.0422150565722013,0.0739650565722013,0.083312));
#4897=CARTESIAN_POINT('',(0.0422150565722013,0.08001,0.083312));
#4898=CARTESIAN_POINT('',(0.0426128605759701,0.0799968965087275,0.083312));
#4899=CARTESIAN_POINT('',(-0.0422150565722013,-0.0739650565722013,0.083312));
#4900=CARTESIAN_POINT('',(-0.0422150565722013,-0.08001,0.083312));
#4901=CARTESIAN_POINT('',(-0.0426128605759701,-0.0799968965087275,0.083312));
#4902=CARTESIAN_POINT('',(0.0422150565722013,-0.0739650565722013,0.083312));
#4903=CARTESIAN_POINT('',(0.0481854248466072,-0.0749116524274923,0.083312));
#4904=CARTESIAN_POINT('',(0.0422150565722013,0.0739650565722013,0.083312));
#4905=CARTESIAN_POINT('',(0.0481854248466072,0.0749116524274923,0.083312));
#4906=CARTESIAN_POINT('',(3.12250225675825E-17,0.08001,0.083312));
#4907=CARTESIAN_POINT('',(-0.0422150565722013,0.08001,0.083312));
#4908=CARTESIAN_POINT('',(-0.0422150565722013,0.0739650565722013,0.083312));
#4909=CARTESIAN_POINT('',(-0.0426128605759701,0.0799968965087275,0.083312));
#4910=CARTESIAN_POINT('',(-0.0422150565722013,-0.0739650565722013,0.083312));
#4911=CARTESIAN_POINT('',(-0.0481854248466072,-0.0749116524274923,0.083312));
#4912=CARTESIAN_POINT('',(-1.38777878078145E-17,-0.08001,0.083312));
#4913=CARTESIAN_POINT('',(0.0422150565722013,-0.08001,0.083312));
#4914=CARTESIAN_POINT('',(-0.0464187067334197,-0.078571543560919,0.083312));
#4915=CARTESIAN_POINT('',(0.0464187067334197,0.078571543560919,0.083312));
#4916=CARTESIAN_POINT('',(0.0422150565722013,-0.0739650565722013,0.083312));
#4917=CARTESIAN_POINT('',(0.0426128605759701,-0.0799968965087275,0.083312));
#4918=CARTESIAN_POINT('',(-0.0464187067334197,0.078571543560919,0.083312));
#4919=CARTESIAN_POINT('',(0.0464187067334197,-0.078571543560919,0.083312));
#4920=CARTESIAN_POINT('',(0.0089558120816946,-0.0573,0.033312));
#4921=CARTESIAN_POINT('',(0.0089558120816946,-0.06115,0.033312));
#4922=CARTESIAN_POINT('',(0.0089558120816946,-0.05345,0.033312));
#4923=CARTESIAN_POINT('',(1.7347234759768E-18,-0.05345,0.033312));
#4924=CARTESIAN_POINT('',(-0.0089558120816946,-0.05345,0.033312));
#4925=CARTESIAN_POINT('',(-0.0089558120816946,-0.0573,0.033312));
#4926=CARTESIAN_POINT('',(-0.0089558120816946,-0.06115,0.033312));
#4927=CARTESIAN_POINT('',(1.7347234759768E-18,-0.06115,0.033312));
#4928=CARTESIAN_POINT('',(0.172474811761259,-0.0570821873843671,0.0654579252004623));
#4929=CARTESIAN_POINT('',(0.17247481176126,0.0570821873843669,0.0654579252004623));
#4930=CARTESIAN_POINT('',(0.172474811761259,-0.0570821873843671,0.0654579252004623));
#4931=CARTESIAN_POINT('',(0.17247481176126,0.0570821873843669,0.0654579252004623));
#4932=CARTESIAN_POINT('',(-0.0421032011508942,0.0687562078237534,0.037312));
#4933=CARTESIAN_POINT('',(0.0290397573262453,-0.0213869512081147,0.037312));
#4934=CARTESIAN_POINT('',(-0.0290397573262453,-0.0213869512081147,0.037312));
#4935=CARTESIAN_POINT('',(-0.0423413105309009,-0.0213764254003763,0.037312));
#4936=CARTESIAN_POINT('',(-0.0421032011508942,-0.0687562078237534,0.037312));
#4937=CARTESIAN_POINT('',(-0.0291085988283157,-0.0685908943414688,0.037312));
#4938=CARTESIAN_POINT('',(0.0291085988283157,-0.0685908943414688,0.037312));
#4939=CARTESIAN_POINT('',(0.0421032011508942,-0.0687562078237534,0.037312));
#4940=CARTESIAN_POINT('',(0.0290397573262453,0.0213869512081147,0.037312));
#4941=CARTESIAN_POINT('',(-0.0290397573262453,0.0213869512081147,0.037312));
#4942=CARTESIAN_POINT('',(-0.0423413105309009,0.0213764254003763,0.037312));
#4943=CARTESIAN_POINT('',(-0.0291085988283157,0.0685908943414688,0.037312));
#4944=CARTESIAN_POINT('',(0.0423413105309009,-0.0213764254003763,0.037312));
#4945=CARTESIAN_POINT('',(0.0291085988283157,0.0685908943414688,0.037312));
#4946=CARTESIAN_POINT('',(0.0421032011508942,0.0687562078237534,0.037312));
#4947=CARTESIAN_POINT('',(0.0423413105309009,0.0213764254003763,0.037312));
#4948=CARTESIAN_POINT('',(-0.0602481589537621,-0.047482301719904,-0.0945354045617491));
#4949=CARTESIAN_POINT('',(1.38777878078145E-17,0.,8.67361737988404E-19));
#4950=CARTESIAN_POINT('',(0.0421274825930596,0.0687375,0.));
#4951=CARTESIAN_POINT('',(0.0391274825930596,0.0687375,0.));
#4952=CARTESIAN_POINT('',(0.0291128605604172,0.068574495613575,0.));
#4953=CARTESIAN_POINT('',(0.0261128605604172,0.068574495613575,0.));
#4954=CARTESIAN_POINT('',(0.03556,0.065085,0.));
#4955=CARTESIAN_POINT('',(0.0254,0.065085,0.));
#4956=CARTESIAN_POINT('',(0.04572,0.065085,0.));
#4957=CARTESIAN_POINT('',(0.0254,0.045085,8.67361737988404E-19));
#4958=CARTESIAN_POINT('',(0.0254,0.07239,8.67361737988404E-19));
#4959=CARTESIAN_POINT('',(0.03556,0.07239,8.67361737988404E-19));
#4960=CARTESIAN_POINT('',(0.04572,0.07239,8.67361737988404E-19));
#4961=CARTESIAN_POINT('',(0.04572,0.045085,8.67361737988404E-19));
#4962=CARTESIAN_POINT('',(0.0254,0.045085,8.67361737988404E-19));
#4963=CARTESIAN_POINT('',(0.0254,-6.45478502689045E-18,0.0013));
#4964=CARTESIAN_POINT('',(0.0254,0.065085,0.0013));
#4965=CARTESIAN_POINT('',(0.0254,0.025085,0.0013));
#4966=CARTESIAN_POINT('',(0.0254,0.025085,0.0013));
#4967=CARTESIAN_POINT('',(0.0254,0.025085,0.));
#4968=CARTESIAN_POINT('',(0.0254,0.045085,8.67361737988404E-19));
#4969=CARTESIAN_POINT('',(0.0254,0.01778,8.67361737988404E-19));
#4970=CARTESIAN_POINT('',(0.0254,0.01778,8.67361737988404E-19));
#4971=CARTESIAN_POINT('',(0.0254,0.01778,0.00508));
#4972=CARTESIAN_POINT('',(0.0254,0.045085,0.00508));
#4973=CARTESIAN_POINT('',(0.0254,0.07239,0.00508));
#4974=CARTESIAN_POINT('',(0.0254,0.07239,8.67361737988404E-19));
#4975=CARTESIAN_POINT('',(0.0254,0.065085,0.0013));
#4976=CARTESIAN_POINT('',(0.04572,0.045085,8.67361737988404E-19));
#4977=CARTESIAN_POINT('',(0.04572,-1.16186130484028E-17,0.0013));
#4978=CARTESIAN_POINT('',(0.04572,0.065085,0.0013));
#4979=CARTESIAN_POINT('',(0.04572,0.025085,0.0013));
#4980=CARTESIAN_POINT('',(0.04572,0.065085,0.0013));
#4981=CARTESIAN_POINT('',(0.04572,0.07239,8.67361737988404E-19));
#4982=CARTESIAN_POINT('',(0.04572,0.07239,0.00508));
#4983=CARTESIAN_POINT('',(0.04572,0.045085,0.00508));
#4984=CARTESIAN_POINT('',(0.04572,0.01778,0.00508));
#4985=CARTESIAN_POINT('',(0.04572,0.01778,8.67361737988404E-19));
#4986=CARTESIAN_POINT('',(0.04572,0.01778,8.67361737988404E-19));
#4987=CARTESIAN_POINT('',(0.04572,0.045085,8.67361737988404E-19));
#4988=CARTESIAN_POINT('',(0.04572,0.025085,0.));
#4989=CARTESIAN_POINT('',(0.04572,0.025085,0.0013));
#4990=CARTESIAN_POINT('',(0.03556,0.07239,8.67361737988404E-19));
#4991=CARTESIAN_POINT('',(0.03556,0.07239,0.00508));
#4992=CARTESIAN_POINT('',(0.03556,0.01778,8.67361737988404E-19));
#4993=CARTESIAN_POINT('',(0.03556,0.01778,0.00508));
#4994=CARTESIAN_POINT('',(0.03556,0.01778,8.67361737988404E-19));
#4995=CARTESIAN_POINT('',(1.38777878078145E-17,0.,8.67361737988404E-19));
#4996=CARTESIAN_POINT('',(0.0290522314608097,0.0213791225105524,0.));
#4997=CARTESIAN_POINT('',(0.0260522314608097,0.0213791225105524,0.));
#4998=CARTESIAN_POINT('',(0.0423467122018337,0.0213791225105524,0.));
#4999=CARTESIAN_POINT('',(0.0393467122018337,0.0213791225105524,0.));
#5000=CARTESIAN_POINT('',(0.03556,0.025085,0.));
#5001=CARTESIAN_POINT('',(1.38777878078145E-17,0.,0.00508));
#5002=CARTESIAN_POINT('',(0.0290522314608097,0.0213791225105524,0.00508));
#5003=CARTESIAN_POINT('',(0.0320522314608097,0.0213791225105524,0.00508));
#5004=CARTESIAN_POINT('',(0.0423467122018337,0.0213791225105524,0.00508));
#5005=CARTESIAN_POINT('',(0.0453467122018337,0.0213791225105524,0.00508));
#5006=CARTESIAN_POINT('',(0.0421274825930596,0.0687375,0.00508));
#5007=CARTESIAN_POINT('',(0.0451274825930596,0.0687375,0.00508));
#5008=CARTESIAN_POINT('',(0.0291128605604172,0.068574495613575,0.00508));
#5009=CARTESIAN_POINT('',(0.0321128605604172,0.068574495613575,0.00508));
#5010=CARTESIAN_POINT('',(0.03556,0.065085,0.0013));
#5011=CARTESIAN_POINT('',(0.03556,0.065085,0.0013));
#5012=CARTESIAN_POINT('',(0.03556,0.025085,0.0013));
#5013=CARTESIAN_POINT('',(0.03556,0.025085,0.0013));
#5014=CARTESIAN_POINT('',(1.38777878078145E-17,0.,0.0013));
#5015=CARTESIAN_POINT('',(0.0291128605604172,0.068574495613575,0.0551));
#5016=CARTESIAN_POINT('',(0.0421274825930596,0.0687375,0.0551));
#5017=CARTESIAN_POINT('',(0.0423467122018337,0.0213791225105524,0.0551));
#5018=CARTESIAN_POINT('',(0.0290522314608097,0.0213791225105524,0.0551));
#5019=CARTESIAN_POINT('',(-0.0600054486769676,-0.0473843263990879,-0.041659402167663));
#5020=CARTESIAN_POINT('',(1.38777878078145E-17,0.,8.67361737988404E-19));
#5021=CARTESIAN_POINT('',(-0.0291128605604172,-0.068574495613575,0.));
#5022=CARTESIAN_POINT('',(-0.0321128605604172,-0.068574495613575,0.));
#5023=CARTESIAN_POINT('',(-0.0421274825930596,-0.0687375,0.));
#5024=CARTESIAN_POINT('',(-0.0451274825930596,-0.0687375,0.));
#5025=CARTESIAN_POINT('',(-0.03556,-0.065085,0.));
#5026=CARTESIAN_POINT('',(-0.0254,-0.065085,0.));
#5027=CARTESIAN_POINT('',(-0.04572,-0.065085,0.));
#5028=CARTESIAN_POINT('',(-0.0254,-0.045085,8.67361737988404E-19));
#5029=CARTESIAN_POINT('',(-0.0254,-0.07239,8.67361737988404E-19));
#5030=CARTESIAN_POINT('',(-0.03556,-0.07239,8.67361737988404E-19));
#5031=CARTESIAN_POINT('',(-0.04572,-0.07239,8.67361737988404E-19));
#5032=CARTESIAN_POINT('',(-0.04572,-0.045085,8.67361737988404E-19));
#5033=CARTESIAN_POINT('',(-0.0254,-0.045085,8.67361737988404E-19));
#5034=CARTESIAN_POINT('',(-0.0254,6.45478502689045E-18,0.0013));
#5035=CARTESIAN_POINT('',(-0.0254,-0.065085,0.0013));
#5036=CARTESIAN_POINT('',(-0.0254,-0.025085,0.0013));
#5037=CARTESIAN_POINT('',(-0.0254,-0.025085,0.0013));
#5038=CARTESIAN_POINT('',(-0.0254,-0.025085,0.));
#5039=CARTESIAN_POINT('',(-0.0254,-0.045085,8.67361737988404E-19));
#5040=CARTESIAN_POINT('',(-0.0254,-0.01778,8.67361737988404E-19));
#5041=CARTESIAN_POINT('',(-0.0254,-0.01778,8.67361737988404E-19));
#5042=CARTESIAN_POINT('',(-0.0254,-0.01778,0.00508));
#5043=CARTESIAN_POINT('',(-0.0254,-0.045085,0.00508));
#5044=CARTESIAN_POINT('',(-0.0254,-0.07239,0.00508));
#5045=CARTESIAN_POINT('',(-0.0254,-0.07239,8.67361737988404E-19));
#5046=CARTESIAN_POINT('',(-0.0254,-0.065085,0.0013));
#5047=CARTESIAN_POINT('',(-0.04572,-0.045085,8.67361737988404E-19));
#5048=CARTESIAN_POINT('',(-0.04572,1.16186130484028E-17,0.0013));
#5049=CARTESIAN_POINT('',(-0.04572,-0.065085,0.0013));
#5050=CARTESIAN_POINT('',(-0.04572,-0.025085,0.0013));
#5051=CARTESIAN_POINT('',(-0.04572,-0.065085,0.0013));
#5052=CARTESIAN_POINT('',(-0.04572,-0.07239,8.67361737988404E-19));
#5053=CARTESIAN_POINT('',(-0.04572,-0.07239,0.00508));
#5054=CARTESIAN_POINT('',(-0.04572,-0.045085,0.00508));
#5055=CARTESIAN_POINT('',(-0.04572,-0.01778,0.00508));
#5056=CARTESIAN_POINT('',(-0.04572,-0.01778,8.67361737988404E-19));
#5057=CARTESIAN_POINT('',(-0.04572,-0.01778,8.67361737988404E-19));
#5058=CARTESIAN_POINT('',(-0.04572,-0.045085,8.67361737988404E-19));
#5059=CARTESIAN_POINT('',(-0.04572,-0.025085,0.));
#5060=CARTESIAN_POINT('',(-0.04572,-0.025085,0.0013));
#5061=CARTESIAN_POINT('',(-0.03556,-0.07239,8.67361737988404E-19));
#5062=CARTESIAN_POINT('',(-0.03556,-0.07239,0.00508));
#5063=CARTESIAN_POINT('',(-0.03556,-0.01778,8.67361737988404E-19));
#5064=CARTESIAN_POINT('',(-0.03556,-0.01778,0.00508));
#5065=CARTESIAN_POINT('',(-0.03556,-0.01778,8.67361737988404E-19));
#5066=CARTESIAN_POINT('',(1.38777878078145E-17,0.,8.67361737988404E-19));
#5067=CARTESIAN_POINT('',(-0.0423467122018337,-0.0213791225105524,0.));
#5068=CARTESIAN_POINT('',(-0.0453467122018337,-0.0213791225105524,0.));
#5069=CARTESIAN_POINT('',(-0.0290522314608097,-0.0213791225105524,0.));
#5070=CARTESIAN_POINT('',(-0.0320522314608097,-0.0213791225105524,0.));
#5071=CARTESIAN_POINT('',(-0.03556,-0.025085,0.));
#5072=CARTESIAN_POINT('',(1.38777878078145E-17,0.,0.00508));
#5073=CARTESIAN_POINT('',(-0.0423467122018337,-0.0213791225105524,0.00508));
#5074=CARTESIAN_POINT('',(-0.0393467122018337,-0.0213791225105524,0.00508));
#5075=CARTESIAN_POINT('',(-0.0290522314608097,-0.0213791225105524,0.00508));
#5076=CARTESIAN_POINT('',(-0.0260522314608097,-0.0213791225105524,0.00508));
#5077=CARTESIAN_POINT('',(-0.0291128605604172,-0.068574495613575,0.00508));
#5078=CARTESIAN_POINT('',(-0.0261128605604172,-0.068574495613575,0.00508));
#5079=CARTESIAN_POINT('',(-0.0421274825930596,-0.0687375,0.00508));
#5080=CARTESIAN_POINT('',(-0.0391274825930596,-0.0687375,0.00508));
#5081=CARTESIAN_POINT('',(-0.03556,-0.065085,0.0013));
#5082=CARTESIAN_POINT('',(-0.03556,-0.065085,0.0013));
#5083=CARTESIAN_POINT('',(-0.03556,-0.025085,0.0013));
#5084=CARTESIAN_POINT('',(-0.03556,-0.025085,0.0013));
#5085=CARTESIAN_POINT('',(1.38777878078145E-17,0.,0.0013));
#5086=CARTESIAN_POINT('',(-0.0421274825930596,-0.0687375,0.0551));
#5087=CARTESIAN_POINT('',(-0.0291128605604172,-0.068574495613575,0.0551));
#5088=CARTESIAN_POINT('',(-0.0290522314608097,-0.0213791225105524,0.0551));
#5089=CARTESIAN_POINT('',(-0.0423467122018337,-0.0213791225105524,0.0551));
#5090=CARTESIAN_POINT('',(-0.0600054486769676,-0.0473843263990879,-0.041659402167663));
#5091=CARTESIAN_POINT('',(1.38777878078145E-17,0.,8.67361737988404E-19));
#5092=CARTESIAN_POINT('',(-0.0423467122018337,0.0213791225105524,0.));
#5093=CARTESIAN_POINT('',(-0.0453467122018337,0.0213791225105524,0.));
#5094=CARTESIAN_POINT('',(-0.0290522314608097,0.0213791225105524,0.));
#5095=CARTESIAN_POINT('',(-0.0320522314608097,0.0213791225105524,0.));
#5096=CARTESIAN_POINT('',(-0.03556,0.025085,0.));
#5097=CARTESIAN_POINT('',(-0.0254,0.025085,0.));
#5098=CARTESIAN_POINT('',(-0.04572,0.025085,0.));
#5099=CARTESIAN_POINT('',(-0.0254,0.045085,8.67361737988404E-19));
#5100=CARTESIAN_POINT('',(-0.0254,0.01778,8.67361737988404E-19));
#5101=CARTESIAN_POINT('',(-0.03556,0.01778,8.67361737988404E-19));
#5102=CARTESIAN_POINT('',(-0.04572,0.01778,8.67361737988404E-19));
#5103=CARTESIAN_POINT('',(-0.04572,0.045085,8.67361737988404E-19));
#5104=CARTESIAN_POINT('',(-0.04572,0.045085,8.67361737988404E-19));
#5105=CARTESIAN_POINT('',(-0.04572,-1.16186130484028E-17,0.0013));
#5106=CARTESIAN_POINT('',(-0.04572,0.065085,0.0013));
#5107=CARTESIAN_POINT('',(-0.04572,0.025085,0.0013));
#5108=CARTESIAN_POINT('',(-0.04572,0.025085,0.0013));
#5109=CARTESIAN_POINT('',(-0.04572,0.01778,8.67361737988404E-19));
#5110=CARTESIAN_POINT('',(-0.04572,0.01778,0.00508));
#5111=CARTESIAN_POINT('',(-0.04572,0.045085,0.00508));
#5112=CARTESIAN_POINT('',(-0.04572,0.07239,0.00508));
#5113=CARTESIAN_POINT('',(-0.04572,0.07239,8.67361737988404E-19));
#5114=CARTESIAN_POINT('',(-0.04572,0.07239,8.67361737988404E-19));
#5115=CARTESIAN_POINT('',(-0.04572,0.045085,8.67361737988404E-19));
#5116=CARTESIAN_POINT('',(-0.04572,0.065085,0.));
#5117=CARTESIAN_POINT('',(-0.04572,0.065085,0.0013));
#5118=CARTESIAN_POINT('',(-0.03556,0.07239,8.67361737988404E-19));
#5119=CARTESIAN_POINT('',(-0.03556,0.07239,0.00508));
#5120=CARTESIAN_POINT('',(-0.0254,0.07239,0.00508));
#5121=CARTESIAN_POINT('',(-0.0254,0.07239,8.67361737988404E-19));
#5122=CARTESIAN_POINT('',(-0.0254,0.07239,8.67361737988404E-19));
#5123=CARTESIAN_POINT('',(-0.03556,0.07239,8.67361737988404E-19));
#5124=CARTESIAN_POINT('',(-0.03556,0.01778,8.67361737988404E-19));
#5125=CARTESIAN_POINT('',(-0.03556,0.01778,0.00508));
#5126=CARTESIAN_POINT('',(-0.0254,0.01778,0.00508));
#5127=CARTESIAN_POINT('',(-0.0254,0.01778,8.67361737988404E-19));
#5128=CARTESIAN_POINT('',(-0.0254,0.045085,8.67361737988404E-19));
#5129=CARTESIAN_POINT('',(-0.0254,-6.45478502689045E-18,0.0013));
#5130=CARTESIAN_POINT('',(-0.0254,0.065085,0.0013));
#5131=CARTESIAN_POINT('',(-0.0254,0.025085,0.0013));
#5132=CARTESIAN_POINT('',(-0.0254,0.065085,0.0013));
#5133=CARTESIAN_POINT('',(-0.0254,0.065085,0.));
#5134=CARTESIAN_POINT('',(-0.0254,0.045085,8.67361737988404E-19));
#5135=CARTESIAN_POINT('',(-0.0254,0.045085,0.00508));
#5136=CARTESIAN_POINT('',(-0.0254,0.025085,0.0013));
#5137=CARTESIAN_POINT('',(1.38777878078145E-17,0.,8.67361737988404E-19));
#5138=CARTESIAN_POINT('',(-0.0291128605604172,0.068574495613575,0.));
#5139=CARTESIAN_POINT('',(-0.0321128605604172,0.068574495613575,0.));
#5140=CARTESIAN_POINT('',(-0.0421274825930596,0.0687375,0.));
#5141=CARTESIAN_POINT('',(-0.0451274825930596,0.0687375,0.));
#5142=CARTESIAN_POINT('',(-0.03556,0.065085,0.));
#5143=CARTESIAN_POINT('',(1.38777878078145E-17,0.,0.00508));
#5144=CARTESIAN_POINT('',(-0.0291128605604172,0.068574495613575,0.00508));
#5145=CARTESIAN_POINT('',(-0.0261128605604172,0.068574495613575,0.00508));
#5146=CARTESIAN_POINT('',(-0.0421274825930596,0.0687375,0.00508));
#5147=CARTESIAN_POINT('',(-0.0391274825930596,0.0687375,0.00508));
#5148=CARTESIAN_POINT('',(-0.0423467122018337,0.0213791225105524,0.00508));
#5149=CARTESIAN_POINT('',(-0.0393467122018337,0.0213791225105524,0.00508));
#5150=CARTESIAN_POINT('',(-0.0290522314608097,0.0213791225105524,0.00508));
#5151=CARTESIAN_POINT('',(-0.0260522314608097,0.0213791225105524,0.00508));
#5152=CARTESIAN_POINT('',(-0.03556,0.025085,0.0013));
#5153=CARTESIAN_POINT('',(-0.03556,0.025085,0.0013));
#5154=CARTESIAN_POINT('',(-0.03556,0.065085,0.0013));
#5155=CARTESIAN_POINT('',(-0.03556,0.065085,0.0013));
#5156=CARTESIAN_POINT('',(1.38777878078145E-17,0.,0.0013));
#5157=CARTESIAN_POINT('',(-0.0290522314608097,0.0213791225105524,0.0551));
#5158=CARTESIAN_POINT('',(-0.0423467122018337,0.0213791225105524,0.0551));
#5159=CARTESIAN_POINT('',(-0.0421274825930596,0.0687375,0.0551));
#5160=CARTESIAN_POINT('',(-0.0291128605604172,0.068574495613575,0.0551));
#5161=CARTESIAN_POINT('',(-0.0600054486769676,-0.0473843263990879,-0.041659402167663));
#5162=CARTESIAN_POINT('',(1.38777878078145E-17,0.,8.67361737988404E-19));
#5163=CARTESIAN_POINT('',(0.0423467122018337,-0.0213791225105524,0.));
#5164=CARTESIAN_POINT('',(0.0393467122018337,-0.0213791225105524,0.));
#5165=CARTESIAN_POINT('',(0.0290522314608097,-0.0213791225105524,0.));
#5166=CARTESIAN_POINT('',(0.0260522314608097,-0.0213791225105524,0.));
#5167=CARTESIAN_POINT('',(0.03556,-0.025085,0.));
#5168=CARTESIAN_POINT('',(0.0254,-0.025085,0.));
#5169=CARTESIAN_POINT('',(0.04572,-0.025085,0.));
#5170=CARTESIAN_POINT('',(0.0254,-0.045085,8.67361737988404E-19));
#5171=CARTESIAN_POINT('',(0.0254,-0.01778,8.67361737988404E-19));
#5172=CARTESIAN_POINT('',(0.03556,-0.01778,8.67361737988404E-19));
#5173=CARTESIAN_POINT('',(0.04572,-0.01778,8.67361737988404E-19));
#5174=CARTESIAN_POINT('',(0.04572,-0.045085,8.67361737988404E-19));
#5175=CARTESIAN_POINT('',(0.04572,-0.045085,8.67361737988404E-19));
#5176=CARTESIAN_POINT('',(0.04572,1.16186130484028E-17,0.0013));
#5177=CARTESIAN_POINT('',(0.04572,-0.065085,0.0013));
#5178=CARTESIAN_POINT('',(0.04572,-0.025085,0.0013));
#5179=CARTESIAN_POINT('',(0.04572,-0.025085,0.0013));
#5180=CARTESIAN_POINT('',(0.04572,-0.01778,8.67361737988404E-19));
#5181=CARTESIAN_POINT('',(0.04572,-0.01778,0.00508));
#5182=CARTESIAN_POINT('',(0.04572,-0.045085,0.00508));
#5183=CARTESIAN_POINT('',(0.04572,-0.07239,0.00508));
#5184=CARTESIAN_POINT('',(0.04572,-0.07239,8.67361737988404E-19));
#5185=CARTESIAN_POINT('',(0.04572,-0.07239,8.67361737988404E-19));
#5186=CARTESIAN_POINT('',(0.04572,-0.045085,8.67361737988404E-19));
#5187=CARTESIAN_POINT('',(0.04572,-0.065085,0.));
#5188=CARTESIAN_POINT('',(0.04572,-0.065085,0.0013));
#5189=CARTESIAN_POINT('',(0.03556,-0.07239,8.67361737988404E-19));
#5190=CARTESIAN_POINT('',(0.03556,-0.07239,0.00508));
#5191=CARTESIAN_POINT('',(0.0254,-0.07239,0.00508));
#5192=CARTESIAN_POINT('',(0.0254,-0.07239,8.67361737988404E-19));
#5193=CARTESIAN_POINT('',(0.0254,-0.07239,8.67361737988404E-19));
#5194=CARTESIAN_POINT('',(0.03556,-0.07239,8.67361737988404E-19));
#5195=CARTESIAN_POINT('',(0.03556,-0.01778,8.67361737988404E-19));
#5196=CARTESIAN_POINT('',(0.03556,-0.01778,0.00508));
#5197=CARTESIAN_POINT('',(0.0254,-0.01778,0.00508));
#5198=CARTESIAN_POINT('',(0.0254,-0.01778,8.67361737988404E-19));
#5199=CARTESIAN_POINT('',(0.0254,-0.045085,8.67361737988404E-19));
#5200=CARTESIAN_POINT('',(0.0254,6.45478502689045E-18,0.0013));
#5201=CARTESIAN_POINT('',(0.0254,-0.065085,0.0013));
#5202=CARTESIAN_POINT('',(0.0254,-0.025085,0.0013));
#5203=CARTESIAN_POINT('',(0.0254,-0.065085,0.0013));
#5204=CARTESIAN_POINT('',(0.0254,-0.065085,0.));
#5205=CARTESIAN_POINT('',(0.0254,-0.045085,8.67361737988404E-19));
#5206=CARTESIAN_POINT('',(0.0254,-0.045085,0.00508));
#5207=CARTESIAN_POINT('',(0.0254,-0.025085,0.0013));
#5208=CARTESIAN_POINT('',(1.38777878078145E-17,0.,8.67361737988404E-19));
#5209=CARTESIAN_POINT('',(0.0291128605604172,-0.068574495613575,0.));
#5210=CARTESIAN_POINT('',(0.0261128605604172,-0.068574495613575,0.));
#5211=CARTESIAN_POINT('',(0.0421274825930596,-0.0687375,0.));
#5212=CARTESIAN_POINT('',(0.0391274825930596,-0.0687375,0.));
#5213=CARTESIAN_POINT('',(0.03556,-0.065085,0.));
#5214=CARTESIAN_POINT('',(1.38777878078145E-17,0.,0.00508));
#5215=CARTESIAN_POINT('',(0.0291128605604172,-0.068574495613575,0.00508));
#5216=CARTESIAN_POINT('',(0.0321128605604172,-0.068574495613575,0.00508));
#5217=CARTESIAN_POINT('',(0.0421274825930596,-0.0687375,0.00508));
#5218=CARTESIAN_POINT('',(0.0451274825930596,-0.0687375,0.00508));
#5219=CARTESIAN_POINT('',(0.0423467122018337,-0.0213791225105524,0.00508));
#5220=CARTESIAN_POINT('',(0.0453467122018337,-0.0213791225105524,0.00508));
#5221=CARTESIAN_POINT('',(0.0290522314608097,-0.0213791225105524,0.00508));
#5222=CARTESIAN_POINT('',(0.0320522314608097,-0.0213791225105524,0.00508));
#5223=CARTESIAN_POINT('',(0.03556,-0.065085,0.0013));
#5224=CARTESIAN_POINT('',(0.03556,-0.065085,0.0013));
#5225=CARTESIAN_POINT('',(0.03556,-0.025085,0.0013));
#5226=CARTESIAN_POINT('',(0.03556,-0.025085,0.0013));
#5227=CARTESIAN_POINT('',(1.38777878078145E-17,0.,0.0013));
#5228=CARTESIAN_POINT('',(0.0290522314608097,-0.0213791225105524,0.0551));
#5229=CARTESIAN_POINT('',(0.0423467122018337,-0.0213791225105524,0.0551));
#5230=CARTESIAN_POINT('',(0.0421274825930596,-0.0687375,0.0551));
#5231=CARTESIAN_POINT('',(0.0291128605604172,-0.068574495613575,0.0551));
#5232=CARTESIAN_POINT('',(-0.0600054486769676,-0.0473843263990879,-0.041659402167663));
#5233=CARTESIAN_POINT('',(0.,0.,0.00508));
#5234=CARTESIAN_POINT('',(0.0464244373142719,0.0785559117794037,0.00508));
#5235=CARTESIAN_POINT('',(0.0479484373142719,0.0785559117794037,0.00508));
#5236=CARTESIAN_POINT('',(-0.0464292317628861,0.0785768106579781,0.00508));
#5237=CARTESIAN_POINT('',(-0.0449052317628861,0.0785768106579781,0.00508));
#5238=CARTESIAN_POINT('',(0.046405803412199,-0.0785738080739975,0.00508));
#5239=CARTESIAN_POINT('',(0.047929803412199,-0.0785738080739975,0.00508));
#5240=CARTESIAN_POINT('',(0.04572,-0.045085,0.00508));
#5241=CARTESIAN_POINT('',(0.04572,-0.07239,0.00508));
#5242=CARTESIAN_POINT('',(0.04572,-0.01778,0.00508));
#5243=CARTESIAN_POINT('',(0.03556,-0.07239,0.00508));
#5244=CARTESIAN_POINT('',(0.0254,-0.07239,0.00508));
#5245=CARTESIAN_POINT('',(0.0254,-0.045085,0.00508));
#5246=CARTESIAN_POINT('',(0.0254,-0.01778,0.00508));
#5247=CARTESIAN_POINT('',(0.03556,-0.01778,0.00508));
#5248=CARTESIAN_POINT('',(0.0508,0.,0.00508));
#5249=CARTESIAN_POINT('',(0.0508,0.0739650565722013,0.00508));
#5250=CARTESIAN_POINT('',(0.0508,-0.0739650565722013,0.00508));
#5251=CARTESIAN_POINT('',(0.0422150565722013,0.0739650565722013,0.00508));
#5252=CARTESIAN_POINT('',(0.0422150565722013,0.08255,0.00508));
#5253=CARTESIAN_POINT('',(3.12250225675825E-17,0.08255,0.00508));
#5254=CARTESIAN_POINT('',(-0.0422150565722013,0.08255,0.00508));
#5255=CARTESIAN_POINT('',(-0.0422150565722013,0.0739650565722013,0.00508));
#5256=CARTESIAN_POINT('',(-0.0508,0.0739650565722013,0.00508));
#5257=CARTESIAN_POINT('',(-0.0508,0.,0.00508));
#5258=CARTESIAN_POINT('',(-0.0508,-0.0739650565722013,0.00508));
#5259=CARTESIAN_POINT('',(-0.0422150565722013,-0.0739650565722013,0.00508));
#5260=CARTESIAN_POINT('',(-0.0422150565722013,-0.08255,0.00508));
#5261=CARTESIAN_POINT('',(-1.38777878078145E-17,-0.08255,0.00508));
#5262=CARTESIAN_POINT('',(0.0422150565722013,-0.08255,0.00508));
#5263=CARTESIAN_POINT('',(0.0422150565722013,-0.0739650565722013,0.00508));
#5264=CARTESIAN_POINT('',(-0.03556,0.07239,0.00508));
#5265=CARTESIAN_POINT('',(-0.04572,0.07239,0.00508));
#5266=CARTESIAN_POINT('',(-0.0254,0.07239,0.00508));
#5267=CARTESIAN_POINT('',(-0.0254,0.045085,0.00508));
#5268=CARTESIAN_POINT('',(-0.0254,0.01778,0.00508));
#5269=CARTESIAN_POINT('',(-0.03556,0.01778,0.00508));
#5270=CARTESIAN_POINT('',(-0.04572,0.01778,0.00508));
#5271=CARTESIAN_POINT('',(-0.04572,0.045085,0.00508));
#5272=CARTESIAN_POINT('',(0.03556,0.07239,0.00508));
#5273=CARTESIAN_POINT('',(0.04572,0.07239,0.00508));
#5274=CARTESIAN_POINT('',(0.0254,0.07239,0.00508));
#5275=CARTESIAN_POINT('',(0.04572,0.045085,0.00508));
#5276=CARTESIAN_POINT('',(0.04572,0.01778,0.00508));
#5277=CARTESIAN_POINT('',(0.03556,0.01778,0.00508));
#5278=CARTESIAN_POINT('',(0.0254,0.01778,0.00508));
#5279=CARTESIAN_POINT('',(0.0254,0.045085,0.00508));
#5280=CARTESIAN_POINT('',(-0.04572,-0.045085,0.00508));
#5281=CARTESIAN_POINT('',(-0.04572,-0.07239,0.00508));
#5282=CARTESIAN_POINT('',(-0.04572,-0.01778,0.00508));
#5283=CARTESIAN_POINT('',(-0.03556,-0.01778,0.00508));
#5284=CARTESIAN_POINT('',(-0.0254,-0.01778,0.00508));
#5285=CARTESIAN_POINT('',(-0.0254,-0.045085,0.00508));
#5286=CARTESIAN_POINT('',(-0.0254,-0.07239,0.00508));
#5287=CARTESIAN_POINT('',(-0.03556,-0.07239,0.00508));
#5288=CARTESIAN_POINT('',(-0.046405803412199,-0.0785738080739975,0.00508));
#5289=CARTESIAN_POINT('',(-0.044881803412199,-0.0785738080739975,0.00508));
#5290=CARTESIAN_POINT('',(0.,0.,0.));
#5291=CARTESIAN_POINT('',(0.0464244373142719,0.0785559117794037,0.));
#5292=CARTESIAN_POINT('',(0.0479484373142719,0.0785559117794037,0.));
#5293=CARTESIAN_POINT('',(-0.0464292317628861,0.0785768106579781,0.));
#5294=CARTESIAN_POINT('',(-0.0449052317628861,0.0785768106579781,0.));
#5295=CARTESIAN_POINT('',(-6.07153216591882E-18,-0.01778,0.));
#5296=CARTESIAN_POINT('',(-0.04572,-0.01778,0.));
#5297=CARTESIAN_POINT('',(-0.0254,-0.01778,0.));
#5298=CARTESIAN_POINT('',(-0.04572,1.16186130484028E-17,0.));
#5299=CARTESIAN_POINT('',(-0.04572,-0.07239,0.));
#5300=CARTESIAN_POINT('',(0.,-0.07239,0.));
#5301=CARTESIAN_POINT('',(-0.0254,-0.07239,0.));
#5302=CARTESIAN_POINT('',(-0.0254,6.45478502689045E-18,0.));
#5303=CARTESIAN_POINT('',(0.,-0.07239,0.));
#5304=CARTESIAN_POINT('',(0.04572,-0.07239,0.));
#5305=CARTESIAN_POINT('',(0.0254,-0.07239,0.));
#5306=CARTESIAN_POINT('',(0.04572,1.16186130484028E-17,0.));
#5307=CARTESIAN_POINT('',(0.04572,-0.01778,0.));
#5308=CARTESIAN_POINT('',(6.07153216591882E-18,-0.01778,0.));
#5309=CARTESIAN_POINT('',(0.0254,-0.01778,0.));
#5310=CARTESIAN_POINT('',(0.0254,6.45478502689045E-18,0.));
#5311=CARTESIAN_POINT('',(-0.0254,-6.45478502689045E-18,0.));
#5312=CARTESIAN_POINT('',(-0.0254,0.07239,0.));
#5313=CARTESIAN_POINT('',(-0.0254,0.01778,0.));
#5314=CARTESIAN_POINT('',(0.,0.07239,0.));
#5315=CARTESIAN_POINT('',(-0.04572,0.07239,0.));
#5316=CARTESIAN_POINT('',(-0.04572,-1.16186130484028E-17,0.));
#5317=CARTESIAN_POINT('',(-0.04572,0.01778,0.));
#5318=CARTESIAN_POINT('',(-6.07153216591882E-18,0.01778,0.));
#5319=CARTESIAN_POINT('',(0.0508,0.,0.));
#5320=CARTESIAN_POINT('',(0.0508,0.0739650565722013,0.));
#5321=CARTESIAN_POINT('',(0.0508,-0.0739650565722013,0.));
#5322=CARTESIAN_POINT('',(0.0422150565722013,-0.0739650565722013,0.));
#5323=CARTESIAN_POINT('',(0.0422150565722013,-0.08255,0.));
#5324=CARTESIAN_POINT('',(-1.38777878078145E-17,-0.08255,0.));
#5325=CARTESIAN_POINT('',(-0.0422150565722013,-0.08255,0.));
#5326=CARTESIAN_POINT('',(-0.0422150565722013,-0.0739650565722013,0.));
#5327=CARTESIAN_POINT('',(-0.0508,-0.0739650565722013,0.));
#5328=CARTESIAN_POINT('',(-0.0508,0.,0.));
#5329=CARTESIAN_POINT('',(-0.0508,0.0739650565722013,0.));
#5330=CARTESIAN_POINT('',(-0.0422150565722013,0.0739650565722013,0.));
#5331=CARTESIAN_POINT('',(-0.0422150565722013,0.08255,0.));
#5332=CARTESIAN_POINT('',(3.12250225675825E-17,0.08255,0.));
#5333=CARTESIAN_POINT('',(0.0422150565722013,0.08255,0.));
#5334=CARTESIAN_POINT('',(0.0422150565722013,0.0739650565722013,0.));
#5335=CARTESIAN_POINT('',(0.04572,-1.16186130484028E-17,0.));
#5336=CARTESIAN_POINT('',(0.04572,0.07239,0.));
#5337=CARTESIAN_POINT('',(0.04572,0.01778,0.));
#5338=CARTESIAN_POINT('',(0.,0.07239,0.));
#5339=CARTESIAN_POINT('',(0.0254,0.07239,0.));
#5340=CARTESIAN_POINT('',(0.0254,-6.45478502689045E-18,0.));
#5341=CARTESIAN_POINT('',(0.0254,0.01778,0.));
#5342=CARTESIAN_POINT('',(6.07153216591882E-18,0.01778,0.));
#5343=CARTESIAN_POINT('',(0.046405803412199,-0.0785738080739975,0.));
#5344=CARTESIAN_POINT('',(0.047929803412199,-0.0785738080739975,0.));
#5345=CARTESIAN_POINT('',(-0.046405803412199,-0.0785738080739975,0.));
#5346=CARTESIAN_POINT('',(-0.044881803412199,-0.0785738080739975,0.));
#5347=CARTESIAN_POINT('',(0.0508,0.,0.00508));
#5348=CARTESIAN_POINT('',(0.0508,0.0739650565722013,0.00508));
#5349=CARTESIAN_POINT('',(0.0508,-0.0739650565722013,0.00508));
#5350=CARTESIAN_POINT('',(0.0422150565722013,0.0739650565722013,0.00508));
#5351=CARTESIAN_POINT('',(0.0422150565722013,0.08255,0.00508));
#5352=CARTESIAN_POINT('',(3.12250225675825E-17,0.08255,0.00508));
#5353=CARTESIAN_POINT('',(-0.0422150565722013,0.08255,0.00508));
#5354=CARTESIAN_POINT('',(-0.0422150565722013,0.0739650565722013,0.00508));
#5355=CARTESIAN_POINT('',(-0.0508,0.0739650565722013,0.00508));
#5356=CARTESIAN_POINT('',(-0.0508,0.,0.00508));
#5357=CARTESIAN_POINT('',(-0.0508,-0.0739650565722013,0.00508));
#5358=CARTESIAN_POINT('',(-0.0422150565722013,-0.0739650565722013,0.00508));
#5359=CARTESIAN_POINT('',(-0.0422150565722013,-0.08255,0.00508));
#5360=CARTESIAN_POINT('',(-1.38777878078145E-17,-0.08255,0.00508));
#5361=CARTESIAN_POINT('',(0.0422150565722013,-0.08255,0.00508));
#5362=CARTESIAN_POINT('',(0.0422150565722013,-0.0739650565722013,0.00508));
#5363=CARTESIAN_POINT('',(-0.0254,0.045085,-0.188853635485724));
#5364=CARTESIAN_POINT('',(-0.0254,0.01778,-0.188853635485724));
#5365=CARTESIAN_POINT('',(-0.0254,0.07239,-0.188853635485724));
#5366=CARTESIAN_POINT('',(-0.03556,0.07239,-0.188853635485724));
#5367=CARTESIAN_POINT('',(-0.04572,0.07239,-0.188853635485724));
#5368=CARTESIAN_POINT('',(-0.04572,0.045085,-0.188853635485724));
#5369=CARTESIAN_POINT('',(-0.04572,0.01778,-0.188853635485724));
#5370=CARTESIAN_POINT('',(-0.03556,0.01778,-0.188853635485724));
#5371=CARTESIAN_POINT('',(0.04572,0.045085,-0.188853635485724));
#5372=CARTESIAN_POINT('',(0.04572,0.01778,-0.188853635485724));
#5373=CARTESIAN_POINT('',(0.04572,0.07239,-0.188853635485724));
#5374=CARTESIAN_POINT('',(0.03556,0.07239,-0.188853635485724));
#5375=CARTESIAN_POINT('',(0.0254,0.07239,-0.188853635485724));
#5376=CARTESIAN_POINT('',(0.0254,0.045085,-0.188853635485724));
#5377=CARTESIAN_POINT('',(0.0254,0.01778,-0.188853635485724));
#5378=CARTESIAN_POINT('',(0.03556,0.01778,-0.188853635485724));
#5379=CARTESIAN_POINT('',(0.04572,-0.045085,-0.188853635485724));
#5380=CARTESIAN_POINT('',(0.04572,-0.07239,-0.188853635485724));
#5381=CARTESIAN_POINT('',(0.04572,-0.01778,-0.188853635485724));
#5382=CARTESIAN_POINT('',(0.03556,-0.01778,-0.188853635485724));
#5383=CARTESIAN_POINT('',(0.0254,-0.01778,-0.188853635485724));
#5384=CARTESIAN_POINT('',(0.0254,-0.045085,-0.188853635485724));
#5385=CARTESIAN_POINT('',(0.0254,-0.07239,-0.188853635485724));
#5386=CARTESIAN_POINT('',(0.03556,-0.07239,-0.188853635485724));
#5387=CARTESIAN_POINT('',(-0.03556,-0.01778,-0.188853635485724));
#5388=CARTESIAN_POINT('',(-0.0254,-0.01778,-0.188853635485724));
#5389=CARTESIAN_POINT('',(-0.04572,-0.01778,-0.188853635485724));
#5390=CARTESIAN_POINT('',(-0.04572,-0.045085,-0.188853635485724));
#5391=CARTESIAN_POINT('',(-0.04572,-0.07239,-0.188853635485724));
#5392=CARTESIAN_POINT('',(-0.03556,-0.07239,-0.188853635485724));
#5393=CARTESIAN_POINT('',(-0.0254,-0.07239,-0.188853635485724));
#5394=CARTESIAN_POINT('',(-0.0254,-0.045085,-0.188853635485724));
#5395=CARTESIAN_POINT('',(0.046405803412199,-0.0785738080739975,-0.168142594681261));
#5396=CARTESIAN_POINT('',(-0.046405803412199,-0.0785738080739975,-0.168142594681261));
#5397=CARTESIAN_POINT('',(-0.0464292317628861,0.0785768106579781,-0.168142594681261));
#5398=CARTESIAN_POINT('',(0.0464244373142719,0.0785559117794037,-0.168142594681261));
#5399=CARTESIAN_POINT('',(-0.0600054486769676,-0.0473843263990879,-0.041659402167663));
#5400=CARTESIAN_POINT('',(1.38777878078145E-17,0.,0.03556));
#5401=CARTESIAN_POINT('',(0.00501692465490825,-0.0774060821352483,0.03556));
#5402=CARTESIAN_POINT('',(0.00755692465490825,-0.0774060821352483,0.03556));
#5403=CARTESIAN_POINT('',(-0.0464187067334197,-0.078571543560919,0.03556));
#5404=CARTESIAN_POINT('',(-0.0448947067334197,-0.078571543560919,0.03556));
#5405=CARTESIAN_POINT('',(0.,0.0127,0.03556));
#5406=CARTESIAN_POINT('',(0.03556,0.0127,0.03556));
#5407=CARTESIAN_POINT('',(-0.03556,0.0127,0.03556));
#5408=CARTESIAN_POINT('',(0.03556,2.60208521396521E-18,0.03556));
#5409=CARTESIAN_POINT('',(0.03556,-0.0127,0.03556));
#5410=CARTESIAN_POINT('',(0.,-0.0127,0.03556));
#5411=CARTESIAN_POINT('',(-0.03556,-0.0127,0.03556));
#5412=CARTESIAN_POINT('',(-0.03556,8.67361737988404E-19,0.03556));
#5413=CARTESIAN_POINT('',(0.0464187067334197,-0.078571543560919,0.03556));
#5414=CARTESIAN_POINT('',(0.0479427067334197,-0.078571543560919,0.03556));
#5415=CARTESIAN_POINT('',(-0.00501692465490825,-0.0697711651706171,0.03556));
#5416=CARTESIAN_POINT('',(-0.00247692465490825,-0.0697711651706171,0.03556));
#5417=CARTESIAN_POINT('',(0.00501692465490825,-0.0697711651706171,0.03556));
#5418=CARTESIAN_POINT('',(0.00755692465490825,-0.0697711651706171,0.03556));
#5419=CARTESIAN_POINT('',(-0.00501692465490825,-0.0774060821352483,0.03556));
#5420=CARTESIAN_POINT('',(-0.00247692465490825,-0.0774060821352483,0.03556));
#5421=CARTESIAN_POINT('',(3.12250225675825E-17,0.08255,0.03556));
#5422=CARTESIAN_POINT('',(0.0422150565722013,0.08255,0.03556));
#5423=CARTESIAN_POINT('',(-0.0422150565722013,0.08255,0.03556));
#5424=CARTESIAN_POINT('',(-0.0422150565722013,0.08255,0.03556));
#5425=CARTESIAN_POINT('',(-0.0422150565722013,0.0739650565722013,0.03556));
#5426=CARTESIAN_POINT('',(-0.0508,0.0739650565722013,0.03556));
#5427=CARTESIAN_POINT('',(-0.0508,0.0739650565722013,0.03556));
#5428=CARTESIAN_POINT('',(-0.0508,0.,0.03556));
#5429=CARTESIAN_POINT('',(-0.0508,-0.0739650565722013,0.03556));
#5430=CARTESIAN_POINT('',(-0.0422150565722013,-0.0739650565722013,0.03556));
#5431=CARTESIAN_POINT('',(-0.0422150565722013,-0.08255,0.03556));
#5432=CARTESIAN_POINT('',(-1.38777878078145E-17,-0.08255,0.03556));
#5433=CARTESIAN_POINT('',(0.0422150565722013,-0.08255,0.03556));
#5434=CARTESIAN_POINT('',(0.0422150565722013,-0.0739650565722013,0.03556));
#5435=CARTESIAN_POINT('',(0.0508,-0.0739650565722013,0.03556));
#5436=CARTESIAN_POINT('',(0.0508,0.,0.03556));
#5437=CARTESIAN_POINT('',(0.0508,0.0739650565722013,0.03556));
#5438=CARTESIAN_POINT('',(0.0422150565722013,0.08255,0.03556));
#5439=CARTESIAN_POINT('',(0.0422150565722013,0.0739650565722013,0.03556));
#5440=CARTESIAN_POINT('',(0.0508,0.0739650565722013,0.03556));
#5441=CARTESIAN_POINT('',(0.00904339924454689,-0.057321235537529,0.03556));
#5442=CARTESIAN_POINT('',(0.00904339924454689,-0.0613104324632936,0.03556));
#5443=CARTESIAN_POINT('',(0.00904339924454689,-0.0533320386117644,0.03556));
#5444=CARTESIAN_POINT('',(0.,-0.0613104324632936,0.03556));
#5445=CARTESIAN_POINT('',(-0.00904339924454689,-0.0613104324632936,0.03556));
#5446=CARTESIAN_POINT('',(-0.00904339924454689,-0.057321235537529,0.03556));
#5447=CARTESIAN_POINT('',(-0.00904339924454689,-0.0533320386117644,0.03556));
#5448=CARTESIAN_POINT('',(1.7347234759768E-18,-0.0533320386117644,0.03556));
#5449=CARTESIAN_POINT('',(1.38777878078145E-17,0.,0.03048));
#5450=CARTESIAN_POINT('',(0.00501692465490825,-0.0774060821352483,0.03048));
#5451=CARTESIAN_POINT('',(0.00755692465490825,-0.0774060821352483,0.03048));
#5452=CARTESIAN_POINT('',(0.00501692465490825,-0.0697711651706171,0.03048));
#5453=CARTESIAN_POINT('',(0.00755692465490825,-0.0697711651706171,0.03048));
#5454=CARTESIAN_POINT('',(-0.0464187067334197,-0.078571543560919,0.03048));
#5455=CARTESIAN_POINT('',(-0.0448947067334197,-0.078571543560919,0.03048));
#5456=CARTESIAN_POINT('',(0.0464187067334197,-0.078571543560919,0.03048));
#5457=CARTESIAN_POINT('',(0.0479427067334197,-0.078571543560919,0.03048));
#5458=CARTESIAN_POINT('',(0.03556,0.,0.03048));
#5459=CARTESIAN_POINT('',(0.03556,0.0127,0.03048));
#5460=CARTESIAN_POINT('',(0.03556,-0.0127,0.03048));
#5461=CARTESIAN_POINT('',(1.38777878078145E-17,0.0127,0.03048));
#5462=CARTESIAN_POINT('',(-0.03556,0.0127,0.03048));
#5463=CARTESIAN_POINT('',(-0.03556,0.,0.03048));
#5464=CARTESIAN_POINT('',(-0.03556,-0.0127,0.03048));
#5465=CARTESIAN_POINT('',(1.38777878078145E-17,-0.0127,0.03048));
#5466=CARTESIAN_POINT('',(0.0508,0.,0.03048));
#5467=CARTESIAN_POINT('',(0.0508,0.0739650565722013,0.03048));
#5468=CARTESIAN_POINT('',(0.0508,-0.0739650565722013,0.03048));
#5469=CARTESIAN_POINT('',(0.0422150565722013,-0.0739650565722013,0.03048));
#5470=CARTESIAN_POINT('',(0.0422150565722013,-0.08255,0.03048));
#5471=CARTESIAN_POINT('',(-1.38777878078145E-17,-0.08255,0.03048));
#5472=CARTESIAN_POINT('',(-0.0422150565722013,-0.08255,0.03048));
#5473=CARTESIAN_POINT('',(-0.0422150565722013,-0.0739650565722013,0.03048));
#5474=CARTESIAN_POINT('',(-0.0508,-0.0739650565722013,0.03048));
#5475=CARTESIAN_POINT('',(-0.0508,0.,0.03048));
#5476=CARTESIAN_POINT('',(-0.0508,0.0739650565722013,0.03048));
#5477=CARTESIAN_POINT('',(-0.0422150565722013,0.0739650565722013,0.03048));
#5478=CARTESIAN_POINT('',(-0.0422150565722013,0.08255,0.03048));
#5479=CARTESIAN_POINT('',(3.12250225675825E-17,0.08255,0.03048));
#5480=CARTESIAN_POINT('',(0.0422150565722013,0.08255,0.03048));
#5481=CARTESIAN_POINT('',(0.0422150565722013,0.0739650565722013,0.03048));
#5482=CARTESIAN_POINT('',(-0.0464187067334197,0.078571543560919,0.03048));
#5483=CARTESIAN_POINT('',(-0.0448947067334197,0.078571543560919,0.03048));
#5484=CARTESIAN_POINT('',(0.0464187067334197,0.078571543560919,0.03048));
#5485=CARTESIAN_POINT('',(0.0479427067334197,0.078571543560919,0.03048));
#5486=CARTESIAN_POINT('',(-0.00501692465490825,-0.0697711651706171,0.03048));
#5487=CARTESIAN_POINT('',(-0.00247692465490825,-0.0697711651706171,0.03048));
#5488=CARTESIAN_POINT('',(-0.00501692465490825,-0.0774060821352483,0.03048));
#5489=CARTESIAN_POINT('',(-0.00247692465490825,-0.0774060821352483,0.03048));
#5490=CARTESIAN_POINT('',(1.38777878078145E-17,-0.0613104324632936,0.03048));
#5491=CARTESIAN_POINT('',(0.00904339924454689,-0.0613104324632936,0.03048));
#5492=CARTESIAN_POINT('',(-0.00904339924454689,-0.0613104324632936,0.03048));
#5493=CARTESIAN_POINT('',(0.00904339924454689,0.,0.03048));
#5494=CARTESIAN_POINT('',(0.00904339924454689,-0.0533320386117644,0.03048));
#5495=CARTESIAN_POINT('',(1.38777878078145E-17,-0.0533320386117644,0.03048));
#5496=CARTESIAN_POINT('',(-0.00904339924454689,-0.0533320386117644,0.03048));
#5497=CARTESIAN_POINT('',(-0.00904339924454689,0.,0.03048));
#5498=CARTESIAN_POINT('',(0.0508,0.,0.03556));
#5499=CARTESIAN_POINT('',(0.0508,0.0739650565722013,0.03556));
#5500=CARTESIAN_POINT('',(0.0508,-0.0739650565722013,0.03556));
#5501=CARTESIAN_POINT('',(0.0422150565722013,0.0739650565722013,0.03556));
#5502=CARTESIAN_POINT('',(0.0422150565722013,0.08255,0.03556));
#5503=CARTESIAN_POINT('',(0.0422150565722013,0.08255,0.045212));
#5504=CARTESIAN_POINT('',(0.0422150565722013,0.08255,0.045212));
#5505=CARTESIAN_POINT('',(0.0422150565722013,0.0739650565722013,0.045212));
#5506=CARTESIAN_POINT('',(0.0508,0.0739650565722013,0.045212));
#5507=CARTESIAN_POINT('',(0.0508,0.0739650565722013,0.045212));
#5508=CARTESIAN_POINT('',(3.12250225675825E-17,0.08255,0.03556));
#5509=CARTESIAN_POINT('',(-0.0422150565722013,0.08255,0.03556));
#5510=CARTESIAN_POINT('',(-0.0422150565722013,0.0739650565722013,0.03556));
#5511=CARTESIAN_POINT('',(-0.0508,0.0739650565722013,0.03556));
#5512=CARTESIAN_POINT('',(-0.0508,0.0739650565722013,0.045212));
#5513=CARTESIAN_POINT('',(-0.0508,0.0739650565722013,0.045212));
#5514=CARTESIAN_POINT('',(-0.0422150565722013,0.0739650565722013,0.045212));
#5515=CARTESIAN_POINT('',(-0.0422150565722013,0.08255,0.045212));
#5516=CARTESIAN_POINT('',(-0.0422150565722013,0.08255,0.045212));
#5517=CARTESIAN_POINT('',(-0.0508,0.,0.03556));
#5518=CARTESIAN_POINT('',(-0.0508,-0.0739650565722013,0.03556));
#5519=CARTESIAN_POINT('',(-0.0422150565722013,-0.0739650565722013,0.03556));
#5520=CARTESIAN_POINT('',(-0.0422150565722013,-0.08255,0.03556));
#5521=CARTESIAN_POINT('',(-1.38777878078145E-17,-0.08255,0.03556));
#5522=CARTESIAN_POINT('',(0.0422150565722013,-0.08255,0.03556));
#5523=CARTESIAN_POINT('',(0.0422150565722013,-0.0739650565722013,0.03556));
#5524=CARTESIAN_POINT('',(0.03556,2.60208521396521E-18,-0.180588594681261));
#5525=CARTESIAN_POINT('',(0.03556,-0.0127,-0.180588594681261));
#5526=CARTESIAN_POINT('',(0.03556,0.0127,-0.180588594681261));
#5527=CARTESIAN_POINT('',(0.,0.0127,-0.180588594681261));
#5528=CARTESIAN_POINT('',(-0.03556,0.0127,-0.180588594681261));
#5529=CARTESIAN_POINT('',(-0.03556,8.67361737988404E-19,-0.180588594681261));
#5530=CARTESIAN_POINT('',(-0.03556,-0.0127,-0.180588594681261));
#5531=CARTESIAN_POINT('',(0.,-0.0127,-0.180588594681261));
#5532=CARTESIAN_POINT('',(-0.0464187067334197,0.078571543560919,-0.180588594681261));
#5533=CARTESIAN_POINT('',(-0.0464187067334197,0.078571543560919,0.045212));
#5534=CARTESIAN_POINT('',(-0.0448947067334197,0.078571543560919,0.045212));
#5535=CARTESIAN_POINT('',(0.0464187067334197,0.078571543560919,-0.180588594681261));
#5536=CARTESIAN_POINT('',(0.0464187067334197,0.078571543560919,0.045212));
#5537=CARTESIAN_POINT('',(0.0479427067334197,0.078571543560919,0.045212));
#5538=CARTESIAN_POINT('',(0.0464187067334197,-0.078571543560919,-0.180588594681261));
#5539=CARTESIAN_POINT('',(-0.0464187067334197,-0.078571543560919,-0.180588594681261));
#5540=CARTESIAN_POINT('',(-0.00501692465490825,-0.0697711651706171,0.01016));
#5541=CARTESIAN_POINT('',(0.00501692465490825,-0.0697711651706171,0.01016));
#5542=CARTESIAN_POINT('',(0.00501692465490825,-0.0774060821352483,0.01016));
#5543=CARTESIAN_POINT('',(-0.00501692465490825,-0.0774060821352483,0.01016));
#5544=CARTESIAN_POINT('',(0.0422150565722013,0.08255,0.045212));
#5545=CARTESIAN_POINT('',(0.0422150565722013,0.08255,0.03556));
#5546=CARTESIAN_POINT('',(0.0422150565722013,0.0768267043814675,0.045212));
#5547=CARTESIAN_POINT('',(0.0422150565722013,0.0768267043814675,0.03556));
#5548=CARTESIAN_POINT('',(0.0450767043814675,0.0739650565722013,0.045212));
#5549=CARTESIAN_POINT('',(0.0450767043814675,0.0739650565722013,0.03556));
#5550=CARTESIAN_POINT('',(0.0508,0.0739650565722013,0.045212));
#5551=CARTESIAN_POINT('',(0.0508,0.0739650565722013,0.03556));
#5552=CARTESIAN_POINT('',(0.0422150565722013,0.08255,0.045212));
#5553=CARTESIAN_POINT('',(0.0422150565722013,0.0739650565722013,0.045212));
#5554=CARTESIAN_POINT('',(0.0508,0.0739650565722013,0.045212));
#5555=CARTESIAN_POINT('',(1.38777878078145E-17,0.,0.045212));
#5556=CARTESIAN_POINT('',(-0.0422150565722013,0.08255,0.045212));
#5557=CARTESIAN_POINT('',(-0.0422150565722013,0.08255,0.03556));
#5558=CARTESIAN_POINT('',(-0.0422150565722013,0.0768267043814675,0.045212));
#5559=CARTESIAN_POINT('',(-0.0422150565722013,0.0768267043814675,0.03556));
#5560=CARTESIAN_POINT('',(-0.0450767043814675,0.0739650565722013,0.045212));
#5561=CARTESIAN_POINT('',(-0.0450767043814675,0.0739650565722013,0.03556));
#5562=CARTESIAN_POINT('',(-0.0508,0.0739650565722013,0.045212));
#5563=CARTESIAN_POINT('',(-0.0508,0.0739650565722013,0.03556));
#5564=CARTESIAN_POINT('',(-0.0422150565722013,0.08255,0.045212));
#5565=CARTESIAN_POINT('',(-0.0422150565722013,0.0739650565722013,0.045212));
#5566=CARTESIAN_POINT('',(-0.0508,0.0739650565722013,0.045212));
#5567=CARTESIAN_POINT('',(1.38777878078145E-17,0.,0.045212));
#5568=CARTESIAN_POINT('',(0.,-0.0613104324632936,0.01056));
#5569=CARTESIAN_POINT('',(-0.00904339924454689,-0.0613104324632936,0.01056));
#5570=CARTESIAN_POINT('',(0.00904339924454689,-0.0613104324632936,0.01056));
#5571=CARTESIAN_POINT('',(0.00904339924454689,-0.057321235537529,0.01056));
#5572=CARTESIAN_POINT('',(0.00904339924454689,-0.0533320386117644,0.01056));
#5573=CARTESIAN_POINT('',(1.7347234759768E-18,-0.0533320386117644,0.01056));
#5574=CARTESIAN_POINT('',(-0.00904339924454689,-0.0533320386117644,0.01056));
#5575=CARTESIAN_POINT('',(-0.00904339924454689,-0.057321235537529,0.01056));
#5576=CARTESIAN_POINT('',(-0.0601451465977669,-0.0474839237921238,-0.0417122960802466));
#5577=MECHANICAL_DESIGN_GEOMETRIC_PRESENTATION_REPRESENTATION('',(#3303,
#3304,#3305,#3306,#3307,#3308,#3309,#12,#13,#14,#15,#16,#17),#5578);
#5578=(
GEOMETRIC_REPRESENTATION_CONTEXT(3)
GLOBAL_UNCERTAINTY_ASSIGNED_CONTEXT((#5586))
GLOBAL_UNIT_ASSIGNED_CONTEXT((#5596,#5595,#5594))
REPRESENTATION_CONTEXT('Assembly 3','TOP_LEVEL_ASSEMBLY_PART')
);
#5579=(
GEOMETRIC_REPRESENTATION_CONTEXT(3)
GLOBAL_UNCERTAINTY_ASSIGNED_CONTEXT((#5587))
GLOBAL_UNIT_ASSIGNED_CONTEXT((#5596,#5595,#5594))
REPRESENTATION_CONTEXT('Part 4','COMPONENT_PART')
);
#5580=(
GEOMETRIC_REPRESENTATION_CONTEXT(3)
GLOBAL_UNCERTAINTY_ASSIGNED_CONTEXT((#5588))
GLOBAL_UNIT_ASSIGNED_CONTEXT((#5596,#5595,#5594))
REPRESENTATION_CONTEXT('Part 12','COMPONENT_PART')
);
#5581=(
GEOMETRIC_REPRESENTATION_CONTEXT(3)
GLOBAL_UNCERTAINTY_ASSIGNED_CONTEXT((#5589))
GLOBAL_UNIT_ASSIGNED_CONTEXT((#5596,#5595,#5594))
REPRESENTATION_CONTEXT('Part 13','COMPONENT_PART')
);
#5582=(
GEOMETRIC_REPRESENTATION_CONTEXT(3)
GLOBAL_UNCERTAINTY_ASSIGNED_CONTEXT((#5590))
GLOBAL_UNIT_ASSIGNED_CONTEXT((#5596,#5595,#5594))
REPRESENTATION_CONTEXT('Part 11','COMPONENT_PART')
);
#5583=(
GEOMETRIC_REPRESENTATION_CONTEXT(3)
GLOBAL_UNCERTAINTY_ASSIGNED_CONTEXT((#5591))
GLOBAL_UNIT_ASSIGNED_CONTEXT((#5596,#5595,#5594))
REPRESENTATION_CONTEXT('Part 14','COMPONENT_PART')
);
#5584=(
GEOMETRIC_REPRESENTATION_CONTEXT(3)
GLOBAL_UNCERTAINTY_ASSIGNED_CONTEXT((#5592))
GLOBAL_UNIT_ASSIGNED_CONTEXT((#5596,#5595,#5594))
REPRESENTATION_CONTEXT('Part 1','COMPONENT_PART')
);
#5585=(
GEOMETRIC_REPRESENTATION_CONTEXT(3)
GLOBAL_UNCERTAINTY_ASSIGNED_CONTEXT((#5593))
GLOBAL_UNIT_ASSIGNED_CONTEXT((#5596,#5595,#5594))
REPRESENTATION_CONTEXT('Part 2','COMPONENT_PART')
);
#5586=UNCERTAINTY_MEASURE_WITH_UNIT(LENGTH_MEASURE(1.E-8),#5596,
'DISTANCE_ACCURACY_VALUE','Maximum Tolerance applied to model');
#5587=UNCERTAINTY_MEASURE_WITH_UNIT(LENGTH_MEASURE(1.E-8),#5596,
'DISTANCE_ACCURACY_VALUE','Maximum Tolerance applied to model');
#5588=UNCERTAINTY_MEASURE_WITH_UNIT(LENGTH_MEASURE(1.E-8),#5596,
'DISTANCE_ACCURACY_VALUE','Maximum Tolerance applied to model');
#5589=UNCERTAINTY_MEASURE_WITH_UNIT(LENGTH_MEASURE(1.E-8),#5596,
'DISTANCE_ACCURACY_VALUE','Maximum Tolerance applied to model');
#5590=UNCERTAINTY_MEASURE_WITH_UNIT(LENGTH_MEASURE(1.E-8),#5596,
'DISTANCE_ACCURACY_VALUE','Maximum Tolerance applied to model');
#5591=UNCERTAINTY_MEASURE_WITH_UNIT(LENGTH_MEASURE(1.E-8),#5596,
'DISTANCE_ACCURACY_VALUE','Maximum Tolerance applied to model');
#5592=UNCERTAINTY_MEASURE_WITH_UNIT(LENGTH_MEASURE(1.E-8),#5596,
'DISTANCE_ACCURACY_VALUE','Maximum Tolerance applied to model');
#5593=UNCERTAINTY_MEASURE_WITH_UNIT(LENGTH_MEASURE(2.E-5),#5596,
'DISTANCE_ACCURACY_VALUE','Maximum Tolerance applied to model');
#5594=(
NAMED_UNIT(*)
SI_UNIT($,.STERADIAN.)
SOLID_ANGLE_UNIT()
);
#5595=(
NAMED_UNIT(*)
PLANE_ANGLE_UNIT()
SI_UNIT($,.RADIAN.)
);
#5596=(
LENGTH_UNIT()
NAMED_UNIT(*)
SI_UNIT($,.METRE.)
);
#5597=PRODUCT_DEFINITION_SHAPE('','',#5612);
#5598=PRODUCT_DEFINITION_SHAPE('','',#5613);
#5599=PRODUCT_DEFINITION_SHAPE(' ','NAUO PRDDFN',#29);
#5600=PRODUCT_DEFINITION_SHAPE('','',#5614);
#5601=PRODUCT_DEFINITION_SHAPE(' ','NAUO PRDDFN',#30);
#5602=PRODUCT_DEFINITION_SHAPE('','',#5615);
#5603=PRODUCT_DEFINITION_SHAPE(' ','NAUO PRDDFN',#31);
#5604=PRODUCT_DEFINITION_SHAPE('','',#5616);
#5605=PRODUCT_DEFINITION_SHAPE(' ','NAUO PRDDFN',#32);
#5606=PRODUCT_DEFINITION_SHAPE('','',#5617);
#5607=PRODUCT_DEFINITION_SHAPE(' ','NAUO PRDDFN',#33);
#5608=PRODUCT_DEFINITION_SHAPE('','',#5618);
#5609=PRODUCT_DEFINITION_SHAPE(' ','NAUO PRDDFN',#34);
#5610=PRODUCT_DEFINITION_SHAPE('','',#5619);
#5611=PRODUCT_DEFINITION_SHAPE(' ','NAUO PRDDFN',#35);
#5612=PRODUCT_DEFINITION('','',#5628,#5620);
#5613=PRODUCT_DEFINITION('','',#5629,#5621);
#5614=PRODUCT_DEFINITION('','',#5630,#5622);
#5615=PRODUCT_DEFINITION('','',#5631,#5623);
#5616=PRODUCT_DEFINITION('','',#5632,#5624);
#5617=PRODUCT_DEFINITION('','',#5633,#5625);
#5618=PRODUCT_DEFINITION('','',#5634,#5626);
#5619=PRODUCT_DEFINITION('','',#5635,#5627);
#5620=PRODUCT_DEFINITION_CONTEXT('',#5669,'design');
#5621=PRODUCT_DEFINITION_CONTEXT('',#5669,'design');
#5622=PRODUCT_DEFINITION_CONTEXT('',#5669,'design');
#5623=PRODUCT_DEFINITION_CONTEXT('',#5669,'design');
#5624=PRODUCT_DEFINITION_CONTEXT('',#5669,'design');
#5625=PRODUCT_DEFINITION_CONTEXT('',#5669,'design');
#5626=PRODUCT_DEFINITION_CONTEXT('',#5669,'design');
#5627=PRODUCT_DEFINITION_CONTEXT('',#5669,'design');
#5628=PRODUCT_DEFINITION_FORMATION_WITH_SPECIFIED_SOURCE('','',#5644,
 .NOT_KNOWN.);
#5629=PRODUCT_DEFINITION_FORMATION_WITH_SPECIFIED_SOURCE('','',#5645,
 .NOT_KNOWN.);
#5630=PRODUCT_DEFINITION_FORMATION_WITH_SPECIFIED_SOURCE('','',#5646,
 .NOT_KNOWN.);
#5631=PRODUCT_DEFINITION_FORMATION_WITH_SPECIFIED_SOURCE('','',#5647,
 .NOT_KNOWN.);
#5632=PRODUCT_DEFINITION_FORMATION_WITH_SPECIFIED_SOURCE('','',#5648,
 .NOT_KNOWN.);
#5633=PRODUCT_DEFINITION_FORMATION_WITH_SPECIFIED_SOURCE('','',#5649,
 .NOT_KNOWN.);
#5634=PRODUCT_DEFINITION_FORMATION_WITH_SPECIFIED_SOURCE('','',#5650,
 .NOT_KNOWN.);
#5635=PRODUCT_DEFINITION_FORMATION_WITH_SPECIFIED_SOURCE('','',#5651,
 .NOT_KNOWN.);
#5636=PRODUCT_RELATED_PRODUCT_CATEGORY('','',(#5644));
#5637=PRODUCT_RELATED_PRODUCT_CATEGORY('','',(#5645));
#5638=PRODUCT_RELATED_PRODUCT_CATEGORY('','',(#5646));
#5639=PRODUCT_RELATED_PRODUCT_CATEGORY('','',(#5647));
#5640=PRODUCT_RELATED_PRODUCT_CATEGORY('','',(#5648));
#5641=PRODUCT_RELATED_PRODUCT_CATEGORY('','',(#5649));
#5642=PRODUCT_RELATED_PRODUCT_CATEGORY('','',(#5650));
#5643=PRODUCT_RELATED_PRODUCT_CATEGORY('','',(#5651));
#5644=PRODUCT('Assembly 3','Assembly 3','Assembly 3',(#5660));
#5645=PRODUCT('Part 4','Part 4','Part 4',(#5661));
#5646=PRODUCT('Part 12','Part 12','Part 12',(#5662));
#5647=PRODUCT('Part 13','Part 13','Part 13',(#5663));
#5648=PRODUCT('Part 11','Part 11','Part 11',(#5664));
#5649=PRODUCT('Part 14','Part 14','Part 14',(#5665));
#5650=PRODUCT('Part 1','Part 1','Part 1',(#5666));
#5651=PRODUCT('Part 2','Part 2','Part 2',(#5667));
#5652=PRODUCT_CATEGORY('','');
#5653=PRODUCT_CATEGORY('','');
#5654=PRODUCT_CATEGORY('','');
#5655=PRODUCT_CATEGORY('','');
#5656=PRODUCT_CATEGORY('','');
#5657=PRODUCT_CATEGORY('','');
#5658=PRODUCT_CATEGORY('','');
#5659=PRODUCT_CATEGORY('','');
#5660=PRODUCT_CONTEXT('',#5669,'mechanical');
#5661=PRODUCT_CONTEXT('',#5669,'mechanical');
#5662=PRODUCT_CONTEXT('',#5669,'mechanical');
#5663=PRODUCT_CONTEXT('',#5669,'mechanical');
#5664=PRODUCT_CONTEXT('',#5669,'mechanical');
#5665=PRODUCT_CONTEXT('',#5669,'mechanical');
#5666=PRODUCT_CONTEXT('',#5669,'mechanical');
#5667=PRODUCT_CONTEXT('',#5669,'mechanical');
#5668=APPLICATION_PROTOCOL_DEFINITION('international standard',
'ap242_managed_model_based_3d_engineering',2020,#5669);
#5669=APPLICATION_CONTEXT('managed model based 3d engineering');
ENDSEC;
END-ISO-10303-21;
